wout,mag_ol,phase_ol
1.000000000000000021e-02,7.999998262825546647e+01,-1.145914062377859644e-01
1.018591388054116906e-02,7.999998197632277197e+01,-1.167218136983153576e-01
1.037528415818012723e-02,7.999998129992417262e+01,-1.188918280588304871e-01
1.056817509213658565e-02,7.999998059814151929e+01,-1.211021856477136754e-01
1.076465213629834890e-02,7.999997987002218736e+01,-1.233536364816403413e-01
1.096478196143185063e-02,7.999997911457782607e+01,-1.256469445200234514e-01
1.116863247780561230e-02,7.999997833078298015e+01,-1.279828879241395601e-01
1.137627285823430978e-02,7.999997751757369713e+01,-1.303622593211149483e-01
1.158777356155126122e-02,7.999997667384612043e+01,-1.327858660727460893e-01
1.180320635651730017e-02,7.999997579845495466e+01,-1.352545305494089467e-01
1.202264434617413176e-02,7.999997489021194497e+01,-1.377690904090064505e-01
1.224616199265048978e-02,7.999997394788420024e+01,-1.403303988810810088e-01
1.247383514242943192e-02,7.999997297019260145e+01,-1.429393250561940554e-01
1.270574105208541887e-02,7.999997195581002529e+01,-1.455967541808018129e-01
1.294195841449986319e-02,7.999997090335952521e+01,-1.483035879574485238e-01
1.318256738556407466e-02,7.999996981141249819e+01,-1.510607448505579542e-01
1.342764961137864199e-02,7.999996867848672366e+01,-1.538691603980765765e-01
1.367728825595849670e-02,7.999996750304434556e+01,-1.567297875286642328e-01
1.393156802945303557e-02,7.999996628348981176e+01,-1.596435968849146125e-01
1.419057521689091883e-02,7.999996501816769978e+01,-1.626115771525808440e-01
1.445439770745927249e-02,7.999996370536042889e+01,-1.656347353958569912e-01
1.472312502432718793e-02,7.999996234328601474e+01,-1.687140973989185444e-01
1.499684835502373276e-02,7.999996093009555409e+01,-1.718507080138243770e-01
1.527566058238072171e-02,7.999995946387076629e+01,-1.750456315147541075e-01
1.555965631605074270e-02,7.999995794262142113e+01,-1.782999519590647008e-01
1.584893192461113431e-02,7.999995636428255352e+01,-1.816147735547590514e-01
1.614358556826486074e-02,7.999995472671174923e+01,-1.849912210350279917e-01
1.644371723214931372e-02,7.999995302768614636e+01,-1.884304400395863111e-01
1.674942876026437252e-02,7.999995126489950792e+01,-1.919335975031326857e-01
1.706082389003123548e-02,7.999994943595905283e+01,-1.955018820510363853e-01
1.737800828749375484e-02,7.999994753838214478e+01,-1.991365044024024089e-01
1.770108958317421002e-02,7.999994556959308056e+01,-2.028386977804395586e-01
1.803017740859568993e-02,7.999994352691940946e+01,-2.066097183307413487e-01
1.836538343348346342e-02,7.999994140758846584e+01,-2.104508455469970285e-01
1.870682140365800480e-02,7.999993920872347530e+01,-2.143633827048956053e-01
1.905460717963247327e-02,7.999993692733973205e+01,-2.183486573038410650e-01
1.940885877592778141e-02,7.999993456034053452e+01,-2.224080215170647079e-01
1.976969640111861035e-02,7.999993210451299319e+01,-2.265428526498793615e-01
2.013724249862388488e-02,7.999992955652358262e+01,-2.307545536066611669e-01
2.051162178825565591e-02,7.999992691291375024e+01,-2.350445533663042263e-01
2.089296130854039965e-02,7.999992417009512735e+01,-2.394143074665302517e-01
2.128139045982712155e-02,7.999992132434471159e+01,-2.438652984973068982e-01
2.167704104819695443e-02,7.999991837179975107e+01,-2.483990366032227670e-01
2.208004733018900309e-02,7.999991530845258580e+01,-2.530170599953023847e-01
2.249054605835780485e-02,7.999991213014511970e+01,-2.577209354723116741e-01
2.290867652767772725e-02,7.999990883256327834e+01,-2.625122589516308280e-01
2.333458062281001943e-02,7.999990541123106880e+01,-2.673926560100504113e-01
2.376840286624876120e-02,7.999990186150452587e+01,-2.723637824345921943e-01
2.421029046736177665e-02,7.999989817856543084e+01,-2.774273247834069811e-01
2.466039337234338796e-02,7.999989435741477450e+01,-2.825850009572813959e-01
2.511886431509579784e-02,7.999989039286592174e+01,-2.878385607815526770e-01
2.558585886905645132e-02,7.999988627953767661e+01,-2.931897865988112861e-01
2.606153549998894980e-02,7.999988201184686432e+01,-2.986404938727226788e-01
2.654605561975538486e-02,7.999987758400079940e+01,-3.041925318028414482e-01
2.703958364108843479e-02,7.999987298998944141e+01,-3.098477839509260479e-01
2.754228703338166065e-02,7.999986822357726624e+01,-3.156081688788563433e-01
2.805433637951713216e-02,7.999986327829472543e+01,-3.214756407982808928e-01
2.857590543374946557e-02,7.999985814742950652e+01,-3.274521902322996558e-01
2.910717118066605269e-02,7.999985282401746645e+01,-3.335398446894108360e-01
2.964831389524342359e-02,7.999984730083309614e+01,-3.397406693499506747e-01
3.019951720402016052e-02,7.999984157037978605e+01,-3.460567677652051644e-01
3.076096814740707924e-02,7.999983562487963695e+01,-3.524902825693450037e-01
3.133285724315585524e-02,7.999982945626288711e+01,-3.590433962047197003e-01
3.191537855100761573e-02,7.999982305615698408e+01,-3.657183316603820900e-01
3.250872973854343484e-02,7.999981641587521608e+01,-3.725173532243277741e-01
3.311311214825911342e-02,7.999980952640493115e+01,-3.794427672496271109e-01
3.372873086588688840e-02,7.999980237839528741e+01,-3.864969229347553492e-01
3.435579478998746633e-02,7.999979496214459118e+01,-3.936822131181966777e-01
3.499451670283573040e-02,7.999978726758715197e+01,-4.010010750878320596e-01
3.564511334262442793e-02,7.999977928427956897e+01,-4.084559914052371399e-01
3.630780547701013827e-02,7.999977100138661967e+01,-4.160494907451197100e-01
3.698281797802662613e-02,7.999976240766649482e+01,-4.237841487503797855e-01
3.767037989839089329e-02,7.999975349145566383e+01,-4.316625889027678187e-01
3.837072454922788034e-02,7.999974424065290179e+01,-4.396874834097246887e-01
3.908408957924021376e-02,7.999973464270300383e+01,-4.478615541074559836e-01
3.981071705534973415e-02,7.999972468457966102e+01,-4.561875733807227440e-01
4.055085354483839444e-02,7.999971435276786735e+01,-4.646683650995022119e-01
4.130475019901614503e-02,7.999970363324551670e+01,-4.733068055729507395e-01
4.207266283844442178e-02,7.999969251146444549e+01,-4.821058245208723059e-01
4.285485203974396390e-02,7.999968097233066544e+01,-4.910684060630490233e-01
4.365158322401661156e-02,7.999966900018387150e+01,-5.001975897268157167e-01
4.446312674691089289e-02,7.999965657877625347e+01,-5.094964714730304545e-01
4.528975799036209088e-02,7.999964369125044072e+01,-5.189682047410517640e-01
4.613175745603794592e-02,7.999963032011662278e+01,-5.286160015127746581e-01
4.698941086052155908e-02,7.999961644722885978e+01,-5.384431333962325095e-01
4.786300923226385201e-02,7.999960205376042666e+01,-5.484529327290461609e-01
4.875284901033865442e-02,7.999958712017833307e+01,-5.586487937021522576e-01
4.965923214503362854e-02,7.999957162621686280e+01,-5.690341735041406501e-01
5.058246620031139895e-02,7.999955555084997627e+01,-5.796125934863814999e-01
5.152286445817564481e-02,7.999953887226294569e+01,-5.903876403497022585e-01
5.248074602497725810e-02,7.999952156782265433e+01,-6.013629673525666686e-01
5.345643593969716389e-02,7.999950361404701482e+01,-6.125422955415412707e-01
5.445026528424212059e-02,7.999948498657305151e+01,-6.239294150040023412e-01
5.546257129579107437e-02,7.999946566012397398e+01,-6.355281861438940583e-01
5.649369748123025253e-02,7.999944560847477248e+01,-6.473425409806671249e-01
5.754399373371569398e-02,7.999942480441680459e+01,-6.593764844719824936e-01
5.861381645140287255e-02,7.999940321972083268e+01,-6.716340958603834732e-01
5.970352865838369355e-02,7.999938082509881099e+01,-6.841195300445730432e-01
6.081350012787179599e-02,7.999935759016415204e+01,-6.968370189755498378e-01
6.194410750767814777e-02,7.999933348339061467e+01,-7.097908730782400699e-01
6.309573444801933051e-02,7.999930847206947249e+01,-7.229854826987516248e-01
6.426877173170197910e-02,7.999928252226533232e+01,-7.364253195780899874e-01
6.546361740672750062e-02,7.999925559877003423e+01,-7.501149383523630920e-01
6.668067692136221691e-02,7.999922766505504512e+01,-7.640589780803374031e-01
6.792036326171846383e-02,7.999919868322189132e+01,-7.782621637984750151e-01
6.918309709189363055e-02,7.999916861395087153e+01,-7.927293081040864831e-01
7.046930689671467019e-02,7.999913741644778042e+01,-8.074653127671851394e-01
7.177942912713615453e-02,7.999910504838874203e+01,-8.224751703711699058e-01
7.311390834834172181e-02,7.999907146586268425e+01,-8.377639659832268881e-01
7.447319739059889143e-02,7.999903662331210796e+01,-8.533368788546540351e-01
7.585775750291835762e-02,7.999900047347126986e+01,-8.691991841518210693e-01
7.726805850957021993e-02,7.999896296730223355e+01,-8.853562547180183762e-01
7.870457896950984467e-02,7.999892405392844807e+01,-9.018135628670097548e-01
8.016780633876789686e-02,7.999888368056593890e+01,-9.185766822085948968e-01
8.165823713585922128e-02,7.999884179245179894e+01,-9.356512895066892987e-01
8.317637711026708291e-02,7.999879833277013574e+01,-9.530431665706856625e-01
8.472274141405965187e-02,7.999875324257514819e+01,-9.707582021802997341e-01
8.629785477669701943e-02,7.999870646071138935e+01,-9.888023940447671079e-01
8.790225168308841985e-02,7.999865792373104512e+01,-1.007181850796669220e+00
8.953647655495937385e-02,7.999860756580808641e+01,-1.025902794021126940e+00
9.120108393559096804e-02,7.999855531864925240e+01,-1.044971560320795190e+00
9.289663867799362318e-02,7.999850111140167996e+01,-1.064394603417292862e+00
9.462371613657930003e-02,7.999844487055712250e+01,-1.084178496289656346e+00
9.638290236239706321e-02,7.999838651985258764e+01,-1.104329933350219450e+00
9.817479430199843593e-02,7.999832598016722329e+01,-1.124855732658712304e+00
1.000000000000000056e-01,7.999826316941535254e+01,-1.145762838175036213e+00
1.018591388054116975e-01,7.999819800243564316e+01,-1.167058322051246488e+00
1.037528415818012584e-01,7.999813039087599975e+01,-1.188749386963510846e+00
1.056817509213658496e-01,7.999806024307419250e+01,-1.210843368484420868e+00
1.076465213629834994e-01,7.999798746393409488e+01,-1.233347737496269581e+00
1.096478196143185202e-01,7.999791195479728856e+01,-1.256270102646160680e+00
1.116863247780561230e-01,7.999783361330986509e+01,-1.279618212843124159e+00
1.137627285823430978e-01,7.999775233328422530e+01,-1.303399959798058116e+00
1.158777356155126226e-01,7.999766800455584814e+01,-1.327623380607176884e+00
1.180320635651729844e-01,7.999758051283463089e+01,-1.352296660379329163e+00
1.202264434617413141e-01,7.999748973955071563e+01,-1.377428134907866530e+00
1.224616199265049082e-01,7.999739556169464549e+01,-1.403026293387753087e+00
1.247383514242943192e-01,7.999729785165145302e+01,-1.429099781178398976e+00
1.270574105208542026e-01,7.999719647702869452e+01,-1.455657402612726692e+00
1.294195841449986284e-01,7.999709130047808969e+01,-1.482708123853206494e+00
1.318256738556407293e-01,7.999698217951042523e+01,-1.510261075795347629e+00
1.342764961137864199e-01,7.999686896630367983e+01,-1.538325557019176060e+00
1.367728825595849462e-01,7.999675150750404384e+01,-1.566911036789388145e+00
1.393156802945303419e-01,7.999662964401947818e+01,-1.596027158104561527e+00
1.419057521689092716e-01,7.999650321080568460e+01,-1.625683740796032950e+00
1.445439770745927111e-01,7.999637203664411800e+01,-1.655890784677028771e+00
1.472312502432718551e-01,7.999623594391175629e+01,-1.686658472742532222e+00
1.499684835502373137e-01,7.999609474834232969e+01,-1.717997174420268669e+00
1.527566058238072344e-01,7.999594825877881021e+01,-1.749917448873520076e+00
1.555965631605074340e-01,7.999579627691666417e+01,-1.782430048356025365e+00
1.584893192461113431e-01,7.999563859703756918e+01,-1.815545921619525327e+00
1.614358556826486213e-01,7.999547500573336833e+01,-1.849276217374408615e+00
1.644371723214931580e-01,7.999530528161986354e+01,-1.883632287803818528e+00
1.674942876026437322e-01,7.999512919503993658e+01,-1.918625692131522786e+00
1.706082389003123478e-01,7.999494650775571358e+01,-1.954268200244080989e+00
1.737800828749375415e-01,7.999475697262958818e+01,-1.990571796367516466e+00
1.770108958317421211e-01,7.999456033329322224e+01,-2.027548682798766766e+00
1.803017740859569062e-01,7.999435632380451011e+01,-2.065211283692275579e+00
1.836538343348346480e-01,7.999414466829192349e+01,-2.103572248901872666e+00
1.870682140365800550e-01,7.999392508058578244e+01,-2.142644457878123632e+00
1.905460717963247397e-01,7.999369726383588386e+01,-2.182441023621328302e+00
1.940885877592778419e-01,7.999346091011526028e+01,-2.222975296690213654e+00
1.976969640111860826e-01,7.999321570000927295e+01,-2.264260869266404796e+00
2.013724249862388627e-01,7.999296130218969836e+01,-2.306311579274666013e+00
2.051162178825565729e-01,7.999269737297333904e+01,-2.349141514558715560e+00
2.089296130854039757e-01,7.999242355586422093e+01,-2.392765017112713277e+00
2.128139045982712363e-01,7.999213948107939132e+01,-2.437196687367984893e+00
2.167704104819695166e-01,7.999184476505720909e+01,-2.482451388534860914e+00
2.208004733018900378e-01,7.999153900994772926e+01,-2.528544250999171350e+00
2.249054605835781873e-01,7.999122180308462760e+01,-2.575490676773087628e+00
2.290867652767773488e-01,7.999089271643781274e+01,-2.623306343999729506e+00
2.333458062281003331e-01,7.999055130604629937e+01,-2.672007211510773139e+00
2.376840286624877230e-01,7.999019711143026257e+01,-2.721609523436753442e+00
2.421029046736178914e-01,7.998982965498211684e+01,-2.772129813868688952e+00
2.466039337234340045e-01,7.998944844133528420e+01,-2.823584911570621081e+00
2.511886431509580686e-01,7.998905295671028171e+01,-2.875991944741616457e+00
2.558585886905645479e-01,7.998864266823728997e+01,-2.929368345826291353e+00
2.606153549998895258e-01,7.998821702325408012e+01,-2.983731856372487723e+00
2.654605561975538763e-01,7.998777544857902910e+01,-3.039100531934491478e+00
2.703958364108843271e-01,7.998731734975773122e+01,-3.095492747020396784e+00
2.754228703338166273e-01,7.998684211028277957e+01,-3.152927200081711678e+00
2.805433637951713077e-01,7.998634909078559474e+01,-3.211422918543187954e+00
2.857590543374946557e-01,7.998583762819937704e+01,-3.270999263870893792e+00
2.910717118066605269e-01,7.998530703489227278e+01,-3.331675936676115946e+00
2.964831389524342220e-01,7.998475659776963198e+01,-3.393472981852513559e+00
3.019951720402015982e-01,7.998418557734446210e+01,-3.456410793743757370e+00
3.076096814740708063e-01,7.998359320677499795e+01,-3.520510121338798371e+00
3.133285724315585385e-01,7.998297869086817968e+01,-3.585792073491339771e+00
3.191537855100761711e-01,7.998234120504805844e+01,-3.652278124160165174e+00
3.250872973854344039e-01,7.998167989428787905e+01,-3.719990117666471807e+00
3.311311214825911065e-01,7.998099387200483079e+01,-3.788950273964099669e+00
3.372873086588689118e-01,7.998028221891603096e+01,-3.859181193918436836e+00
3.435579478998746494e-01,7.997954398185459013e+01,-3.930705864589220333e+00
3.499451670283573179e-01,7.997877817254463650e+01,-4.003547664512114856e+00
3.564511334262442932e-01,7.997798376633370765e+01,-4.077730368973876196e+00
3.630780547701014105e-01,7.997715970088151494e+01,-4.153278155275077488e+00
3.698281797802662751e-01,7.997630487480337536e+01,-4.230215607974463943e+00
3.767037989839089884e-01,7.997541814626717382e+01,-4.308567724108212538e+00
3.837072454922788589e-01,7.997449833154233545e+01,-4.388359918377038760e+00
3.908408957924021099e-01,7.997354420349931559e+01,-4.469618028293657730e+00
3.981071705534973137e-01,7.997255449005825767e+01,-4.552368319282685150e+00
4.055085354483839444e-01,7.997152787258511353e+01,-4.636637489724341421e+00
4.130475019901613809e-01,7.997046298423379085e+01,-4.722452675932928834e+00
4.207266283844441901e-01,7.996935840823292097e+01,-4.809841457060515246e+00
4.285485203974396251e-01,7.996821267611532846e+01,-4.898831859915444120e+00
4.365158322401661573e-01,7.996702426588876733e+01,-4.989452363685055403e+00
4.446312674691088040e-01,7.996579160014638887e+01,-5.081731904550692569e+00
4.528975799036208949e-01,7.996451304411506555e+01,-5.175699880183200818e+00
4.613175745603795286e-01,7.996318690364007864e+01,-5.271386154105657695e+00
4.698941086052153548e-01,7.996181142310429379e+01,-5.368821059909819837e+00
4.786300923226382564e-01,7.996038478328030408e+01,-5.468035405311637120e+00
4.875284901033862806e-01,7.995890509911377819e+01,-5.569060476030558426e+00
4.965923214503361049e-01,7.995737041743608131e+01,-5.671928039476386907e+00
5.058246620031140450e-01,7.995577871460481845e+01,-5.776670348226637053e+00
5.152286445817564342e-01,7.995412789407023979e+01,-5.883320143276251635e+00
5.248074602497725394e-01,7.995241578386595904e+01,-5.991910657040501853e+00
5.345643593969716667e-01,7.995064013402217995e+01,-6.102475616091204813e+00
5.445026528424211643e-01,7.994879861389988207e+01,-6.215049243604861218e+00
5.546257129579107437e-01,7.994688880944400466e+01,-6.329666261500550561e+00
5.649369748123025392e-01,7.994490822035440658e+01,-6.446361892243985814e+00
5.754399373371569260e-01,7.994285425717245630e+01,-6.565171860293171235e+00
5.861381645140287810e-01,7.994072423828220053e+01,-6.686132393159508247e+00
5.970352865838368661e-01,7.993851538682420710e+01,-6.809280222057444654e+00
6.081350012787178905e-01,7.993622482752080316e+01,-6.934652582113574937e+00
6.194410750767814777e-01,7.993384958341123081e+01,-7.062287212105683665e+00
6.309573444801933606e-01,7.993138657249544110e+01,-7.192222353699896154e+00
6.426877173170196800e-01,7.992883260428529013e+01,-7.324496750153163482e+00
6.546361740672750340e-01,7.992618437626200034e+01,-7.459149644446455341e+00
6.668067692136222524e-01,7.992343847023886383e+01,-7.596220776812807607e+00
6.792036326171846383e-01,7.992059134862833503e+01,-7.735750381622136018e+00
6.918309709189366385e-01,7.991763935061270274e+01,-7.877779183583829337e+00
7.046930689671468961e-01,7.991457868821778732e+01,-8.022348393225579244e+00
7.177942912713618506e-01,7.991140544228939291e+01,-8.169499701605975162e+00
7.311390834834176067e-01,7.990811555837200331e+01,-8.319275274215831573e+00
7.447319739059892196e-01,7.990470484249003391e+01,-8.471717744022029706e+00
7.585775750291839925e-01,7.990116895683162568e+01,-8.626870203605266241e+00
7.726805850957025879e-01,7.989750341533560629e+01,-8.784776196341672616e+00
7.870457896950989740e-01,7.989370357918240018e+01,-8.945479706576021428e+00
8.016780633876793294e-01,7.988976465218985368e+01,-9.109025148732497357e+00
8.165823713585927957e-01,7.988568167611543913e+01,-9.275457355306956586e+00
8.317637711026708569e-01,7.988144952586655734e+01,-9.444821563682745946e+00
8.472274141405963244e-01,7.987706290462119796e+01,-9.617163401710469017e+00
8.629785477669702498e-01,7.987251633886121738e+01,-9.792528871989503614e+00
8.790225168308842818e-01,7.986780417332167303e+01,-9.970964334787877803e+00
8.953647655495936553e-01,7.986292056585922694e+01,-1.015251648953508834e+01
9.120108393559096527e-01,7.985785948224393849e+01,-1.033723235482036351e+01
9.289663867799362595e-01,7.985261469087885189e+01,-1.052515924682738735e+01
9.462371613657929448e-01,7.984717975745247998e+01,-1.071634475613502069e+01
9.638290236239704933e-01,7.984154803953012447e+01,-1.091083672281144779e+01
9.817479430199843593e-01,7.983571268109004393e+01,-1.110868320972838497e+01
1.000000000000000000e+00,7.982966660701220007e+01,-1.130993247402017943e+01
1.018591388054116864e+00,7.982340251752673055e+01,-1.151463293661180387e+01
1.037528415818012695e+00,7.981691288263156991e+01,-1.172283314973835111e+01
1.056817509213658468e+00,7.981018993648800119e+01,-1.193458176237844981e+01
1.076465213629834938e+00,7.980322567180509452e+01,-1.214992748352299401e+01
1.096478196143185091e+00,7.979601183422406052e+01,-1.236891904320033220e+01
1.116863247780561119e+00,7.978853991671472556e+01,-1.259160515117932100e+01
1.137627285823431089e+00,7.978080115399771444e+01,-1.281803445327162372e+01
1.158777356155126226e+00,7.977278651700649448e+01,-1.304825548515558431e+01
1.180320635651729733e+00,7.976448670740472835e+01,-1.328231662364478538e+01
1.202264434617413169e+00,7.975589215217573269e+01,-1.352026603532603133e+01
1.224616199265048833e+00,7.974699299830179200e+01,-1.376215162249330248e+01
1.247383514242943248e+00,7.973777910755218556e+01,-1.400802096630684801e+01
1.270574105208541971e+00,7.972824005140070369e+01,-1.425792126710935470e+01
1.294195841449986339e+00,7.971836510609384163e+01,-1.451189928183470101e+01
1.318256738556407237e+00,7.970814324789287753e+01,-1.477000125844918621e+01
1.342764961137864255e+00,7.969756314851417756e+01,-1.503227286736989932e+01
1.367728825595849518e+00,7.968661317079344997e+01,-1.529875912981021990e+01
1.393156802945303863e+00,7.967528136460100541e+01,-1.556950434300949482e+01
1.419057521689092605e+00,7.966355546303677215e+01,-1.584455200231035477e+01
1.445439770745927888e+00,7.965142287893479534e+01,-1.612394472005561852e+01
1.472312502432719494e+00,7.963887070170893878e+01,-1.640772414128580081e+01
1.499684835502373748e+00,7.962588569457214760e+01,-1.669593085622773998e+01
1.527566058238073232e+00,7.961245429216393177e+01,-1.698860430957615719e+01
1.555965631605074950e+00,7.959856259862112893e+01,-1.728578270658194427e+01
1.584893192461114264e+00,7.958419638612896563e+01,-1.758750291597339199e+01
1.614358556826487101e+00,7.956934109399031740e+01,-1.789380036975172317e+01
1.644371723214932413e+00,7.955398182825238962e+01,-1.820470895991647708e+01
1.674942876026438210e+00,7.953810336193085107e+01,-1.852026093219351566e+01
1.706082389003124256e+00,7.952169013587268864e+01,-1.884048677685546380e+01
1.737800828749376247e+00,7.950472626029957723e+01,-1.916541511674343212e+01
1.770108958317422099e+00,7.948719551707438313e+01,-1.949507259261842762e+01
1.803017740859569784e+00,7.946908136273391676e+01,-1.982948374599216734e+01
1.836538343348347313e+00,7.945036693233114988e+01,-2.016867089960903670e+01
1.870682140365801827e+00,7.943103504413033988e+01,-2.051265403577395574e+01
1.905460717963248340e+00,7.941106820519857479e+01,-2.086145067274514275e+01
1.940885877592779529e+00,7.939044861793617258e+01,-2.121507573943637226e+01
1.976969640111861937e+00,7.936915818758853902e+01,-2.157354144869845314e+01
2.013724249862389293e+00,7.934717853078043959e+01,-2.193685716947706155e+01
2.051162178825564730e+00,7.932449098511249019e+01,-2.230502929817120972e+01
2.089296130854038758e+00,7.930107661985823597e+01,-2.267806112954431441e+01
2.128139045982711419e+00,7.927691624779794211e+01,-2.305595272756804093e+01
2.167704104819693889e+00,7.925199043822259171e+01,-2.343870079660732486e+01
2.208004733018899213e+00,7.922627953113938304e+01,-2.382629855338353408e+01
2.249054605835780318e+00,7.919976365270596830e+01,-2.421873560017948890e+01
2.290867652767772267e+00,7.917242273191760660e+01,-2.461599779977869673e+01
2.333458062281001943e+00,7.914423651856689901e+01,-2.501806715265672310e+01
2.376840286624875898e+00,7.911518460249139650e+01,-2.542492167696808636e+01
2.421029046736177470e+00,7.908524643411905686e+01,-2.583653529189626497e+01
2.466039337234338547e+00,7.905440134631616900e+01,-2.625287770495618744e+01
2.511886431509579687e+00,7.902262857753642322e+01,-2.667391430385901074e+01
2.558585886905645257e+00,7.898990729626324026e+01,-2.709960605356608454e+01
2.606153549998895258e+00,7.895621662673063668e+01,-2.752990939917467372e+01
2.654605561975539096e+00,7.892153567590072782e+01,-2.796477617528849180e+01
2.703958364108843160e+00,7.888584356166825273e+01,-2.840415352253577908e+01
2.754228703338166273e+00,7.884911944225464708e+01,-2.884798381190053718e+01
2.805433637951713077e+00,7.881134254674563522e+01,-2.929620457753354046e+01
2.857590543374946446e+00,7.877249220671816943e+01,-2.974874845870520090e+01
2.910717118066604936e+00,7.873254788889342137e+01,-3.020554315155294844e+01
2.964831389524342331e+00,7.869148922874406082e+01,-3.066651137126132198e+01
3.019951720402016537e+00,7.864929606497483405e+01,-3.113157082529387409e+01
3.076096814740707952e+00,7.860594847478665770e+01,-3.160063419826986930e+01
3.133285724315585608e+00,7.856142680982573268e+01,-3.207360914904880644e+01
3.191537855100761600e+00,7.851571173271054249e+01,-3.255039832054804805e+01
3.250872973854344039e+00,7.846878425402097434e+01,-3.303089936277705618e+01
3.311311214825911176e+00,7.842062576962634068e+01,-3.351500496952296970e+01
3.372873086588688896e+00,7.837121809822109242e+01,-3.400260292906797588e+01
3.435579478998746605e+00,7.832054351893026478e+01,-3.449357618925976965e+01
3.499451670283573623e+00,7.826858480884072833e+01,-3.498780293719070045e+01
3.564511334262442599e+00,7.821532528030788001e+01,-3.548515669367205305e+01
3.630780547701013994e+00,7.816074881788398443e+01,-3.598550642261422183e+01
3.698281797802662751e+00,7.810483991470947274e+01,-3.648871665534603181e+01
3.767037989839089107e+00,7.804758370820668745e+01,-3.699464762982336907e+01
3.837072454922788811e+00,7.798896601491320268e+01,-3.750315544459225947e+01
3.908408957924021099e+00,7.792897336429196287e+01,-3.801409222728423032e+01
3.981071705534973137e+00,7.786759303135595189e+01,-3.852730631733273725e+01
4.055085354483838778e+00,7.780481306794686702e+01,-3.904264246250966153e+01
4.130475019901614253e+00,7.774062233251126486e+01,-3.955994202879164590e+01
4.207266283844441901e+00,7.767501051822121383e+01,-4.007904322297728328e+01
4.285485203974396029e+00,7.760796817929329450e+01,-4.059978132738979184e+01
4.365158322401661017e+00,7.753948675536607027e+01,-4.112198894591644915e+01
4.446312674691088596e+00,7.746955859380528864e+01,-4.164549626055512732e+01
4.528975799036208727e+00,7.739817696981492645e+01,-4.217013129756434608e+01
4.613175745603795619e+00,7.732533610424327719e+01,-4.269572020224210718e+01
4.698941086052156102e+00,7.725103117898483163e+01,-4.322208752129625253e+01
4.786300923226384896e+00,7.717525834989127986e+01,-4.374905649171179078e+01
4.875284901033865026e+00,7.709801475711859098e+01,-4.427644933497239066e+01
4.965923214503362715e+00,7.701929853285119520e+01,-4.480408755545227706e+01
5.058246620031142449e+00,7.693910880635877447e+01,-4.533179224176330280e+01
5.152286445817567007e+00,7.685744570635714012e+01,-4.585938436981903976e+01
5.248074602497728947e+00,7.677431036065904379e+01,-4.638668510636484399e+01
5.345643593969718665e+00,7.668970489311725203e+01,-4.691351611171902647e+01
5.445026528424214085e+00,7.660363241787746347e+01,-4.743969984047660660e+01
5.546257129579109879e+00,7.651609703097392412e+01,-4.796505983894240188e+01
5.649369748123028501e+00,7.642710379931597231e+01,-4.848942103808548865e+01
5.754399373371572146e+00,7.633665874712801269e+01,-4.901261004084102524e+01
5.861381645140290253e+00,7.624476883991978582e+01,-4.953445540262826796e+01
5.970352865838371770e+00,7.615144196607681693e+01,-5.005478790400432842e+01
6.081350012787182457e+00,7.605668691617327681e+01,-5.057344081443162054e+01
6.194410750767818108e+00,7.596051336012118327e+01,-5.109025014620254979e+01
6.309573444801936937e+00,7.586293182228007481e+01,-5.160505489763567510e+01
6.426877173170199242e+00,7.576395365466045462e+01,-5.211769728473475993e+01
6.546361740672747231e+00,7.566359100836258733e+01,-5.262802296058286800e+01
6.668067692136218305e+00,7.556185680339865485e+01,-5.313588122182807894e+01
6.792036326171842830e+00,7.545876469705235934e+01,-5.364112520170459675e+01
6.918309709189361278e+00,7.535432905093352929e+01,-5.414361204912199810e+01
7.046930689671467185e+00,7.524856489688899330e+01,-5.464320309344473969e+01
7.177942912713614732e+00,7.514148790193209493e+01,-5.513976399467366463e+01
7.311390834834172736e+00,7.503311433235383276e+01,-5.563316487883013650e+01
7.447319739059887311e+00,7.492346101717799911e+01,-5.612328045842983215e+01
7.585775750291835706e+00,7.481254531112043082e+01,-5.660999013801848179e+01
7.726805850957020994e+00,7.470038505720982869e+01,-5.709317810482249911e+01
7.870457896950984633e+00,7.458699854922342354e+01,-5.757273340464598022e+01
8.016780633876789963e+00,7.447240449408582208e+01,-5.804855000321784075e+01
8.165823713585922405e+00,7.435662197437390830e+01,-5.852052683326301974e+01
8.317637711026709013e+00,7.423967041106382680e+01,-5.898856782763413520e+01
8.472274141405963022e+00,7.412156952664940945e+01,-5.945258193889885945e+01
8.629785477669701166e+00,7.400233930875317867e+01,-5.991248314583079804e+01
8.790225168308841930e+00,7.388199997434385580e+01,-6.036819044729864459e+01
8.953647655495936775e+00,7.376057193466479589e+01,-6.081962784408936074e+01
9.120108393559096527e+00,7.363807576097018170e+01,-6.126672430923616020e+01
9.289663867799362151e+00,7.351453215115600415e+01,-6.170941374745239472e+01
9.462371613657929004e+00,7.338996189736484155e+01,-6.214763494429510615e+01
9.638290236239704711e+00,7.326438585463370146e+01,-6.258133150570090208e+01
9.817479430199844259e+00,7.313782491064598901e+01,-6.301045178855002860e+01
1.000000000000000000e+01,7.301029995663981254e+01,-6.343494882292191761e+01
1.018591388054116997e+01,7.288183185951601217e+01,-6.385478022670915266e+01
1.037528415818012739e+01,7.275244143518185069e+01,-6.426990811325519815e+01
1.056817509213658468e+01,7.262214942315743826e+01,-6.468029899267632743e+01
1.076465213629835027e+01,7.249097646246541160e+01,-6.508592366751855707e+01
1.096478196143185180e+01,7.235894306881638727e+01,-6.548675712338830124e+01
1.116863247780561252e+01,7.222606961309649876e+01,-6.588277841517968625e+01
1.137627285823431045e+01,7.209237630115683260e+01,-6.627397054950294830e+01
1.158777356155126270e+01,7.195788315489862441e+01,-6.666032036389823645e+01
1.180320635651730043e+01,7.182260999464283202e+01,-6.704181840339613530e+01
1.202264434617413080e+01,7.168657642276772890e+01,-6.741845879496173666e+01
1.224616199265048877e+01,7.154980180859344330e+01,-6.779023912033402155e+01
1.247383514242943292e+01,7.141230527448864507e+01,-6.815716028774541257e+01
1.270574105208542015e+01,7.127410568317097272e+01,-6.851922640297817679e+01
1.294195841449986339e+01,7.113522162616922628e+01,-6.887644464018781321e+01
1.318256738556407370e+01,7.099567141341333354e+01,-6.922882511289414253e+01
1.342764961137864255e+01,7.085547306391495681e+01,-6.957638074551285001e+01
1.367728825595849429e+01,7.071464429750048453e+01,-6.991912714577306076e+01
1.393156802945303774e+01,7.057320252755579304e+01,-7.025708247833716769e+01
1.419057521689092560e+01,7.043116485474175192e+01,-7.059026733991359492e+01
1.445439770745928065e+01,7.028854806163755597e+01,-7.091870463612576714e+01
1.472312502432719405e+01,7.014536860826939346e+01,-7.124241946037435014e+01
1.499684835502373836e+01,7.000164262848082330e+01,-7.156143897490667882e+01
1.527566058238073232e+01,6.985738592710146122e+01,-7.187579229428087046e+01
1.555965631605075039e+01,6.971261397787074543e+01,-7.218551037139154403e+01
1.584893192461114175e+01,6.956734192207395040e+01,-7.249062588620070358e+01
1.614358556826486790e+01,6.942158456784765974e+01,-7.279117313729723548e+01
1.644371723214932501e+01,6.927535639011344415e+01,-7.308718793638877287e+01
1.674942876026438299e+01,6.912867153109846186e+01,-7.337870750581157608e+01
1.706082389003124433e+01,6.898154380140339015e+01,-7.366577037912605874e+01
1.737800828749376336e+01,6.883398668157860811e+01,-7.394841630485029782e+01
1.770108958317421965e+01,6.868601332417100025e+01,-7.422668615336849030e+01
1.803017740859569784e+01,6.853763655620498696e+01,-7.450062182703756264e+01
1.836538343348347269e+01,6.838886888206261006e+01,-7.477026617350246340e+01
1.870682140365801516e+01,6.823972248672883723e+01,-7.503566290221863255e+01
1.905460717963248385e+01,6.809020923936961367e+01,-7.529685650417027887e+01
1.940885877592779352e+01,6.794034069721179492e+01,-7.555389217476225383e+01
1.976969640111861892e+01,6.779012810969510383e+01,-7.580681573985590660e+01
2.013724249862389470e+01,6.763958242286808797e+01,-7.605567358491029495e+01
2.051162178825566684e+01,6.748871428400137518e+01,-7.630051258718386009e+01
2.089296130854040356e+01,6.733753404639247719e+01,-7.654138005094527841e+01
2.128139045982713284e+01,6.718605177433863673e+01,-7.677832364563693091e+01
2.167704104819694422e+01,6.703427724825471046e+01,-7.701139134692927257e+01
2.208004733018899302e+01,6.688221996991485696e+01,-7.724063138060120082e+01
2.249054605835780407e+01,6.672988916779836188e+01,-7.746609216917715912e+01
2.290867652767772356e+01,6.657729380252023077e+01,-7.768782228124953804e+01
2.333458062281001943e+01,6.642444257232965299e+01,-7.790587038341251969e+01
2.376840286624875986e+01,6.627134391865970997e+01,-7.812028519473153665e+01
2.421029046736177293e+01,6.611800603171312218e+01,-7.833111544367122292e+01
2.466039337234338547e+01,6.596443685607006557e+01,-7.853840982740400989e+01
2.511886431509579509e+01,6.581064409630499767e+01,-7.874221697342039761e+01
2.558585886905645168e+01,6.565663522260041418e+01,-7.894258540336278429e+01
2.606153549998894903e+01,6.550241747634650835e+01,-7.913956349900338694e+01
2.654605561975538564e+01,6.534799787571648721e+01,-7.933319947028846286e+01
2.703958364108843426e+01,6.519338322120857754e+01,-7.952354132537082876e+01
2.754228703338166184e+01,6.503858010114576871e+01,-7.971063684255388182e+01
2.805433637951713166e+01,6.488359489712604500e+01,-7.989453354407125119e+01
2.857590543374946179e+01,6.472843378941593073e+01,-8.007527867162747270e+01
2.910717118066605025e+01,6.457310276228135137e+01,-8.025291916362613165e+01
2.964831389524342242e+01,6.441760760924972828e+01,-8.042750163401402119e+01
3.019951720402016093e+01,6.426195393829904390e+01,-8.059907235267083081e+01
3.076096814740708041e+01,6.410614717696881826e+01,-8.076767722727559828e+01
3.133285724315585696e+01,6.395019257738962892e+01,-8.093336178658353219e+01
3.191537855100761334e+01,6.379409522122742260e+01,-8.109617116504786338e+01
3.250872973854343684e+01,6.363786002454014579e+01,-8.125615008872362921e+01
3.311311214825911264e+01,6.348149174254388072e+01,-8.141334286239205653e+01
3.372873086588688807e+01,6.332499497428673862e+01,-8.156779335784646889e+01
3.435579478998746339e+01,6.316837416722860610e+01,-8.171954500328175186e+01
3.499451670283573179e+01,6.301163362172566451e+01,-8.186864077373229520e+01
3.564511334262442688e+01,6.285477749541853854e+01,-8.201512318250483702e+01
3.630780547701014171e+01,6.269780980752338451e+01,-8.215903427355422650e+01
3.698281797802662396e+01,6.254073444302564155e+01,-8.230041561475256628e+01
3.767037989839089107e+01,6.238355515677606888e+01,-8.243930829200382959e+01
3.837072454922788012e+01,6.222627557748931793e+01,-8.257575290415802272e+01
3.908408957924021365e+01,6.206889921164514590e+01,-8.270978955868031335e+01
3.981071705534973404e+01,6.191142944729290321e+01,-8.284145786803323119e+01
4.055085354483838955e+01,6.175386955775969255e+01,-8.297079694673078620e+01
4.130475019901614786e+01,6.159622270526319454e+01,-8.309784540902583672e+01
4.207266283844441546e+01,6.143849194442999817e+01,-8.322264136719331873e+01
4.285485203974396740e+01,6.128068022572043105e+01,-8.334522243037368128e+01
4.365158322401661195e+01,6.112279039876108300e+01,-8.346562570394223712e+01
4.446312674691088773e+01,6.096482521558640855e+01,-8.358388778937225538e+01
4.528975799036209082e+01,6.080678733379041034e+01,-8.370004478456039010e+01
4.613175745603795264e+01,6.064867931959028624e+01,-8.381413228458485776e+01
4.698941086052155924e+01,6.049050365080307756e+01,-8.392618538286814101e+01
4.786300923226384896e+01,6.033226271973714461e+01,-8.403623867271737424e+01
4.875284901033865026e+01,6.017395883599999706e+01,-8.414432624921671788e+01
4.965923214503362715e+01,6.001559422922397147e+01,-8.425048171144723597e+01
5.058246620031141561e+01,5.985717105171161023e+01,-8.435473816501141187e+01
5.152286445817566829e+01,5.969869138100228412e+01,-8.445712822483986315e+01
5.248074602497728591e+01,5.954015722236182029e+01,-8.455768401825989145e+01
5.345643593969719376e+01,5.938157051119684837e+01,-8.465643718830540365e+01
5.445026528424213552e+01,5.922293311539555560e+01,-8.475341889725001465e+01
5.546257129579110057e+01,5.906424683759664163e+01,-8.484865983034504211e+01
5.649369748123028501e+01,5.890551341738812141e+01,-8.494219019974561036e+01
5.754399373371572324e+01,5.874673453343775975e+01,-8.503403974860921721e+01
5.861381645140290431e+01,5.858791180555687106e+01,-8.512423775535104653e+01
5.970352865838371770e+01,5.842904679669901213e+01,-8.521281303804221352e+01
6.081350012787182635e+01,5.827014101489560716e+01,-8.529979395893722938e+01
6.194410750767818286e+01,5.811119591512974125e+01,-8.538520842911795228e+01
6.309573444801936404e+01,5.795221290115015478e+01,-8.546908391324195975e+01
6.426877173170200308e+01,5.779319332722680258e+01,-8.555144743438403054e+01
6.546361740672753626e+01,5.763413849984983983e+01,-8.563232557896012054e+01
6.668067692136224878e+01,5.747504967937325659e+01,-8.571174450172341608e+01
6.792036326171850646e+01,5.731592808160516483e+01,-8.578972993082344090e+01
6.918309709189362877e+01,5.715677487934591028e+01,-8.586630717291889425e+01
7.046930689671467007e+01,5.699759120387562916e+01,-8.594150111833616279e+01
7.177942912713615442e+01,5.683837814639292674e+01,-8.601533624626544849e+01
7.311390834834172381e+01,5.667913675940566520e+01,-8.608783662998699526e+01
7.447319739059888377e+01,5.651986805807577241e+01,-8.615902594212083443e+01
7.585775750291836061e+01,5.636057302151917270e+01,-8.622892745989342700e+01
7.726805850957020994e+01,5.620125259406218987e+01,-8.629756407041477928e+01
7.870457896950985344e+01,5.604190768645595710e+01,-8.636495827596107233e+01
8.016780633876788897e+01,5.588253917704984985e+01,-8.643113219925676560e+01
8.165823713585920984e+01,5.572314791292538416e+01,-8.649610758875174099e+01
8.317637711026708303e+01,5.556373471099185224e+01,-8.655990582388865562e+01
8.472274141405962666e+01,5.540430035904470429e+01,-8.662254792035622586e+01
8.629785477669700811e+01,5.524484561678801242e+01,-8.668405453532461991e+01
8.790225168308842285e+01,5.508537121682208237e+01,-8.674444597265886614e+01
8.953647655495937840e+01,5.492587786559735008e+01,-8.680374218810749198e+01
9.120108393559097237e+01,5.476636624433564293e+01,-8.686196279446241419e+01
9.289663867799363572e+01,5.460683700991984324e+01,-8.691912706668792055e+01
9.462371613657930425e+01,5.444729079575294861e+01,-8.697525394701553125e+01
9.638290236239704711e+01,5.428772821258760928e+01,-8.703036205000239534e+01
9.817479430199843193e+01,5.412814984932703055e+01,-8.708446966755097662e+01
1.000000000000000000e+02,5.396855627379817832e+01,-8.713759477388808250e+01
1.018591388054116891e+02,5.380894803349823974e+01,-8.718975503050086218e+01
1.037528415818012633e+02,5.364932565631520589e+01,-8.724096779102850974e+01
1.056817509213658610e+02,5.348968965122344343e+01,-8.729125010610799507e+01
1.076465213629834778e+02,5.333004050895502246e+01,-8.734061872817204630e+01
1.096478196143185215e+02,5.317037870264771016e+01,-8.738909011619873013e+01
1.116863247780561181e+02,5.301070468847038342e+01,-8.743668044041081089e+01
1.137627285823431009e+02,5.285101890622649989e+01,-8.748340558692436275e+01
1.158777356155126341e+02,5.269132177993657251e+01,-8.752928116234548384e+01
1.180320635651729759e+02,5.253161371840018035e+01,-8.757432249831440174e+01
1.202264434617412974e+02,5.237189511573831169e+01,-8.761854465599620312e+01
1.224616199265048948e+02,5.221216635191662192e+01,-8.766196243051780357e+01
1.247383514242943221e+02,5.205242779325040914e+01,-8.770459035535037629e+01
1.270574105208541908e+02,5.189267979289166988e+01,-8.774644270663704049e+01
1.294195841449986233e+02,5.173292269129915155e+01,-8.778753350746536910e+01
1.318256738556407299e+02,5.157315681669174978e+01,-8.782787653208455936e+01
1.342764961137864077e+02,5.141338248548592560e+01,-8.786748531006698215e+01
1.367728825595849571e+02,5.125360000271773231e+01,-8.790637313041396794e+01
1.393156802945303525e+02,5.109380966244982858e+01,-8.794455304560605668e+01
1.419057521689092596e+02,5.093401174816413146e+01,-8.798203787559724276e+01
1.445439770745927888e+02,5.077420653314064225e+01,-8.801884021175364126e+01
1.472312502432719441e+02,5.061439428082272940e+01,-8.805497242073661823e+01
1.499684835502374085e+02,5.045457524516953640e+01,-8.809044664833025706e+01
1.527566058238073197e+02,5.029474967099584859e+01,-8.812527482321395667e+01
1.555965631605075146e+02,5.013491779429994466e+01,-8.815946866067945109e+01
1.584893192461114211e+02,4.997507984257971003e+01,-8.819303966629379943e+01
1.614358556826487074e+02,4.981523603513757337e+01,-8.822599913950712391e+01
1.644371723214932786e+02,4.965538658337462152e+01,-8.825835817720692944e+01
1.674942876026438228e+02,4.949553169107413453e+01,-8.829012767721826549e+01
1.706082389003124433e+02,4.933567155467510901e+01,-8.832131834175061158e+01
1.737800828749376478e+02,4.917580636353605428e+01,-8.835194068079195517e+01
1.770108958317422037e+02,4.901593630018928138e+01,-8.838200501545011889e+01
1.803017740859569926e+02,4.885606154058618245e+01,-8.841152148124226073e+01
1.836538343348347553e+02,4.869618225433380587e+01,-8.844050003133263260e+01
1.870682140365801729e+02,4.853629860492282688e+01,-8.846895043971929340e+01
1.905460717963248385e+02,4.837641074994755286e+01,-8.849688230437027414e+01
1.940885877592779707e+02,4.821651884131792798e+01,-8.852430505030966401e+01
1.976969640111861963e+02,4.805662302546403453e+01,-8.855122793265404368e+01
2.013724249862389399e+02,4.789672344353324718e+01,-8.857766003960013279e+01
2.051162178825566684e+02,4.773682023158031740e+01,-8.860361029536380784e+01
2.089296130854040712e+02,4.757691352075070057e+01,-8.862908746307135743e+01
2.128139045982713355e+02,4.741700343745723245e+01,-8.865410014760333013e+01
2.167704104819696340e+02,4.725709010355058126e+01,-8.867865679839168536e+01
2.208004733018901504e+02,4.709717363648352517e+01,-8.870276571217075912e+01
2.249054605835782752e+02,4.693725414946931807e+01,-8.872643503568265544e+01
2.290867652767774700e+02,4.677733175163443491e+01,-8.874967276833763208e+01
2.333458062281004572e+02,4.661740654816580331e+01,-8.877248676483003464e+01
2.376840286624878331e+02,4.645747864045276287e+01,-8.879488473771056078e+01
2.421029046736180135e+02,4.629754812622390858e+01,-8.881687425991493967e+01
2.466039337234341247e+02,4.613761509967903862e+01,-8.883846276725043367e+01
2.511886431509582280e+02,4.597767965161636994e+01,-8.885965756083982114e+01
2.558585886905647726e+02,4.581774186955516370e+01,-8.888046580952433828e+01
2.606153549998897461e+02,4.565780183785393831e+01,-8.890089455222538106e+01
2.654605561975541832e+02,4.549785963782448306e+01,-8.892095070026617520e+01
2.703958364108846126e+02,4.533791534784167965e+01,-8.894064103965357049e+01
2.754228703338168884e+02,4.517796904344950804e+01,-8.895997223332082626e+01
2.805433637951716150e+02,4.501802079746306617e+01,-8.897895082333184291e+01
2.857590543374949448e+02,4.485807068006712939e+01,-8.899758323304729402e+01
2.910717118066608009e+02,4.469811875891092967e+01,-8.901587576925351186e+01
2.964831389524345582e+02,4.453816509919974465e+01,-8.903383462425451000e+01
3.019951720402019077e+02,4.437820976378303328e+01,-8.905146587792768287e+01
3.076096814740711238e+02,4.421825281323945944e+01,-8.906877549974379349e+01
3.133285724315588823e+02,4.405829430595887430e+01,-8.908576935075195991e+01
3.191537855100764887e+02,4.389833429822129318e+01,-8.910245318552979654e+01
3.250872973854347379e+02,4.373837284427306571e+01,-8.911883265409964849e+01
3.311311214825913680e+02,4.357840999640029622e+01,-8.913491330381141609e+01
3.372873086588692217e+02,4.341844580499959960e+01,-8.915070058119209762e+01
3.435579478998749892e+02,4.325848031864632048e+01,-8.916619983376308767e+01
3.499451670283576732e+02,4.309851358416032951e+01,-8.918141631182555784e+01
3.564511334262446667e+02,4.293854564666936824e+01,-8.919635517021427518e+01
3.630780547701017440e+02,4.277857654967016288e+01,-8.921102147002061145e+01
3.698281797802666233e+02,4.261860633508736385e+01,-8.922542018028512700e+01
3.767037989839092802e+02,4.245863504333026839e+01,-8.923955617966025500e+01
3.837072454922792417e+02,4.229866271334759631e+01,-8.925343425804359754e+01
3.908408957924024776e+02,4.213868938268021935e+01,-8.926705911818218908e+01
3.981071705534977241e+02,4.197871508751205027e+01,-8.928043537724856549e+01
4.055085354483843503e+02,4.181873986271899213e+01,-8.929356756838846820e+01
4.130475019901610381e+02,4.165876374191628884e+01,-8.930646014224147677e+01
4.207266283844437567e+02,4.149878675750394308e+01,-8.931911746843428546e+01
4.285485203974392334e+02,4.133880894071076284e+01,-8.933154383704751922e+01
4.365158322401656505e+02,4.117883032163656765e+01,-8.934374346005641598e+01
4.446312674691083657e+02,4.101885092929302346e+01,-8.935572047274587248e+01
4.528975799036204535e+02,4.085887079164297830e+01,-8.936747893510002427e+01
4.613175745603790574e+02,4.069888993563829871e+01,-8.937902283316726937e+01
4.698941086052150808e+02,4.053890838725649814e+01,-8.939035608040063607e+01
4.786300923226380064e+02,4.037892617153583785e+01,-8.940148251897441867e+01
4.875284901033859910e+02,4.021894331260934763e+01,-8.941240592107705254e+01
4.965923214503357599e+02,4.005895983373751790e+01,-8.942312999018082564e+01
5.058246620031137581e+02,3.989897575733984070e+01,-8.943365836228898047e+01
5.152286445817561571e+02,3.973899110502517118e+01,-8.944399460716029182e+01
5.248074602497722481e+02,3.957900589762107302e+01,-8.945414222951174565e+01
5.345643593969713265e+02,3.941902015520201985e+01,-8.946410467019951795e+01
5.445026528424208436e+02,3.925903389711663749e+01,-8.947388530737886470e+01
5.546257129579104230e+02,3.909904714201394427e+01,-8.948348745764297973e+01
5.649369748123021964e+02,3.893905990786860372e+01,-8.949291437714155961e+01
5.754399373371566071e+02,3.877907221200535304e+01,-8.950216926267903261e+01
5.861381645140285173e+02,3.861908407112245101e+01,-8.951125525279314843e+01
5.970352865838366370e+02,3.845909550131435140e+01,-8.952017542881411316e+01
6.081350012787175956e+02,3.829910651809353084e+01,-8.952893281590448282e+01
6.194410750767812033e+02,3.813911713641148538e+01,-8.953753038408054010e+01
6.309573444801930009e+02,3.797912737067909461e+01,-8.954597104921506912e+01
6.426877173170194055e+02,3.781913723478606926e+01,-8.955425767402201132e+01
6.546361740672747374e+02,3.765914674211986579e+01,-8.956239306902347153e+01
6.668067692136219193e+02,3.749915590558381950e+01,-8.957037999349914514e+01
6.792036326171842120e+02,3.733916473761463095e+01,-8.957822115641863547e+01
6.918309709189362593e+02,3.717917325019926267e+01,-8.958591921735690278e+01
7.046930689671467007e+02,3.701918145489118217e+01,-8.959347678739311505e+01
7.177942912713615442e+02,3.685918936282605785e+01,-8.960089642999329840e+01
7.311390834834173802e+02,3.669919698473683667e+01,-8.960818066187700026e+01
7.447319739059888661e+02,3.653920433096832454e+01,-8.961533195386822115e+01
7.585775750291835493e+02,3.637921141149120530e+01,-8.962235273173095607e+01
7.726805850957022130e+02,3.621921823591557654e+01,-8.962924537698964400e+01
7.870457896950985059e+02,3.605922481350401654e+01,-8.963601222773478128e+01
8.016780633876788897e+02,3.589923115318407554e+01,-8.964265557941365614e+01
8.165823713585922405e+02,3.573923726356049002e+01,-8.964917768560717093e+01
8.317637711026708303e+02,3.557924315292675033e+01,-8.965558075879229705e+01
8.472274141405963519e+02,3.541924882927644092e+01,-8.966186697109073123e+01
8.629785477669702232e+02,3.525925430031404773e+01,-8.966803845500407988e+01
8.790225168308842285e+02,3.509925957346539604e+01,-8.967409730413557156e+01
8.953647655495936988e+02,3.493926465588777575e+01,-8.968004557389878073e+01
9.120108393559096385e+02,3.477926955447961177e+01,-8.968588528221340539e+01
9.289663867799363288e+02,3.461927427588981487e+01,-8.969161841018846815e+01
9.462371613657928719e+02,3.445927882652686947e+01,-8.969724690279302592e+01
9.638290236239706701e+02,3.429928321256744539e+01,-8.970277266951485728e+01
9.817479430199844046e+02,3.413928743996484627e+01,-8.970819758500695684e+01
9.999999999999998863e+02,3.397929151445704576e+01,-8.971352348972256152e+01
1.018591388054117033e+03,3.381929544157450351e+01,-8.971875219053831074e+01
1.037528415818012718e+03,3.365929922664765428e+01,-8.972388546136642162e+01
1.056817509213658468e+03,3.349930287481412705e+01,-8.972892504375542444e+01
1.076465213629835034e+03,3.333930639102576521e+01,-8.973387264748022574e+01
1.096478196143185187e+03,3.317930978005528431e+01,-8.973872995112120066e+01
1.116863247780561096e+03,3.301931304650280197e+01,-8.974349860263309608e+01
1.137627285823431066e+03,3.285931619480204802e+01,-8.974818021990317618e+01
1.158777356155126199e+03,3.269931922922638989e+01,-8.975277639129950558e+01
1.180320635651729845e+03,3.253932215389465910e+01,-8.975728867620917129e+01
1.202264434617413144e+03,3.237932497277667920e+01,-8.976171860556667070e+01
1.224616199265048863e+03,3.221932768969872285e+01,-8.976606768237276412e+01
1.247383514242943193e+03,3.205933030834864184e+01,-8.977033738220386283e+01
1.270574105208541823e+03,3.189933283228093330e+01,-8.977452915371198117e+01
1.294195841449986347e+03,3.173933526492151458e+01,-8.977864441911592053e+01
1.318256738556407527e+03,3.157933760957240565e+01,-8.978268457468320207e+01
1.342764961137864248e+03,3.141933986941618073e+01,-8.978665099120338766e+01
1.367728825595849457e+03,3.125934204752031675e+01,-8.979054501445273218e+01
1.393156802945303525e+03,3.109934414684133230e+01,-8.979436796565038037e+01
1.419057521689092709e+03,3.093934617022881284e+01,-8.979812114190625039e+01
1.445439770745927945e+03,3.077934812042929380e+01,-8.980180581666080286e+01
1.472312502432719384e+03,3.061935000008993768e+01,-8.980542324011673827e+01
1.499684835502373971e+03,3.045935181176219331e+01,-8.980897463966282146e+01
1.527566058238073538e+03,3.029935355790520646e+01,-8.981246122029006074e+01
1.555965631605075032e+03,3.013935524088919493e+01,-8.981588416500028416e+01
1.584893192461113813e+03,2.997935686299862823e+01,-8.981924463520728352e+01
1.614358556826486847e+03,2.981935842643533974e+01,-8.982254377113046928e+01
1.644371723214932672e+03,2.965935993332156073e+01,-8.982578269218163314e+01
1.674942876026437943e+03,2.949936138570273059e+01,-8.982896249734451999e+01
1.706082389003124263e+03,2.933936278555031407e+01,-8.983208426554743653e+01
1.737800828749376251e+03,2.917936413476446944e+01,-8.983514905602916656e+01
1.770108958317422321e+03,2.901936543517663125e+01,-8.983815790869819295e+01
1.803017740859569813e+03,2.885936668855197951e+01,-8.984111184448532583e+01
1.836538343348347325e+03,2.869936789659186616e+01,-8.984401186568992159e+01
1.870682140365801615e+03,2.853936906093608172e+01,-8.984685895631983499e+01
1.905460717963248271e+03,2.837937018316513260e+01,-8.984965408242511842e+01
1.940885877592779025e+03,2.821937126480233005e+01,-8.985239819242565318e+01
1.976969640111861963e+03,2.805937230731591114e+01,-8.985509221743292585e+01
2.013724249862389570e+03,2.789937331212099636e+01,-8.985773707156560874e+01
2.051162178825566571e+03,2.773937428058152221e+01,-8.986033365225982550e+01
2.089296130854040712e+03,2.757937521401208514e+01,-8.986288284057341968e+01
2.128139045982713469e+03,2.741937611367974625e+01,-8.986538550148479487e+01
2.167704104819696113e+03,2.725937698080572602e+01,-8.986784248418635457e+01
2.208004733018901334e+03,2.709937781656707756e+01,-8.987025462237252782e+01
2.249054605835782695e+03,2.693937862209827472e+01,-8.987262273452255101e+01
2.290867652767774871e+03,2.677937939849276106e+01,-8.987494762417806271e+01
2.333458062281004459e+03,2.661938014680443843e+01,-8.987723008021573889e+01
2.376840286624878445e+03,2.645938086804907030e+01,-8.987947087711485494e+01
2.421029046736180135e+03,2.629938156320569576e+01,-8.988167077522001591e+01
2.466039337234341019e+03,2.613938223321792620e+01,-8.988383052099902670e+01
2.511886431509582053e+03,2.597938287899525989e+01,-8.988595084729618634e+01
2.558585886905647840e+03,2.581938350141428629e+01,-8.988803247358090687e+01
2.606153549998897688e+03,2.565938410131990111e+01,-8.989007610619161426e+01
2.654605561975541605e+03,2.549938467952642185e+01,-8.989208243857559921e+01
2.703958364108846126e+03,2.533938523681871402e+01,-8.989405215152407891e+01
2.754228703338168998e+03,2.517938577395327115e+01,-8.989598591340320866e+01
2.805433637951716264e+03,2.501938629165920602e+01,-8.989788438038087293e+01
2.857590543374949448e+03,2.485938679063927736e+01,-8.989974819664925576e+01
2.910717118066608236e+03,2.469938727157080294e+01,-8.990157799464333266e+01
2.964831389524345468e+03,2.453938773510661520e+01,-8.990337439525544028e+01
3.019951720402018964e+03,2.437938818187593171e+01,-8.990513800804606603e+01
3.076096814740711125e+03,2.421938861248520780e+01,-8.990686943145044552e+01
3.133285724315588595e+03,2.405938902751896791e+01,-8.990856925298163560e+01
3.191537855100765228e+03,2.389938942754059070e+01,-8.991023804942997799e+01
3.250872973854347038e+03,2.373938981309307650e+01,-8.991187638705865481e+01
3.311311214825914249e+03,2.357939018469977910e+01,-8.991348482179574830e+01
3.372873086588692331e+03,2.341939054286513766e+01,-8.991506389942304622e+01
3.435579478998749892e+03,2.325939088807533750e+01,-8.991661415576106720e+01
3.499451670283577187e+03,2.309939122079896734e+01,-8.991813611685083174e+01
3.564511334262446326e+03,2.293939154148768722e+01,-8.991963029913246430e+01
3.630780547701016985e+03,2.277939185057680760e+01,-8.992109720962031361e+01
3.698281797802666460e+03,2.261939214848588620e+01,-8.992253734607498927e+01
3.767037989839092916e+03,2.245939243561932130e+01,-8.992395119717224361e+01
3.837072454922792076e+03,2.229939271236688469e+01,-8.992533924266882650e+01
3.908408957924024890e+03,2.213939297910423321e+01,-8.992670195356517127e+01
3.981071705534977355e+03,2.197939323619344520e+01,-8.992803979226530942e+01
4.055085354483843275e+03,2.181939348398350020e+01,-8.992935321273354532e+01
4.130475019901618907e+03,2.165939372281076558e+01,-8.993064266064880030e+01
4.207266283844445752e+03,2.149939395299942646e+01,-8.993190857355561718e+01
4.285485203974391879e+03,2.133939417486196888e+01,-8.993315138101257844e+01
4.365158322401656733e+03,2.117939438869951729e+01,-8.993437150473822328e+01
4.446312674691083885e+03,2.101939459480236749e+01,-8.993556935875402303e+01
4.528975799036204080e+03,2.085939479345028502e+01,-8.993674534952486965e+01
4.613175745603790347e+03,2.069939498491292085e+01,-8.993789987609702052e+01
4.698941086052151149e+03,2.053939516945016663e+01,-8.993903333023344260e+01
4.786300923226380291e+03,2.037939534731253843e+01,-8.994014609654678338e+01
4.875284901033860478e+03,2.021939551874145735e+01,-8.994123855262992606e+01
4.965923214503357485e+03,2.005939568396963324e+01,-8.994231106918392982e+01
5.058246620031137354e+03,1.989939584322134891e+01,-8.994336401014405169e+01
5.152286445817561798e+03,1.973939599671277634e+01,-8.994439773280295469e+01
5.248074602497723390e+03,1.957939614465227862e+01,-8.994541258793221061e+01
5.345643593969713947e+03,1.941939628724066935e+01,-8.994640891990115961e+01
5.445026528424208664e+03,1.925939642467150037e+01,-8.994738706679378026e+01
5.546257129579104912e+03,1.909939655713132822e+01,-8.994834736052339963e+01
5.649369748123022873e+03,1.893939668479996286e+01,-8.994929012694538528e+01
5.754399373371566071e+03,1.877939680785070209e+01,-8.995021568596763473e+01
5.861381645140284490e+03,1.861939692645057676e+01,-8.995112435165913212e+01
5.970352865838365688e+03,1.845939704076057808e+01,-8.995201643235658651e+01
6.081350012787176638e+03,1.829939715093588148e+01,-8.995289223076896690e+01
6.194410750767811805e+03,1.813939725712603845e+01,-8.995375204408021830e+01
6.309573444801931146e+03,1.797939735947519324e+01,-8.995459616405020142e+01
6.426877173170193601e+03,1.781939745812228537e+01,-8.995542487711358604e+01
6.546361740672747146e+03,1.765939755320122018e+01,-8.995623846447703897e+01
6.668067692136218284e+03,1.749939764484105353e+01,-8.995703720221473532e+01
6.792036326171843029e+03,1.733939773316619082e+01,-8.995782136136200791e+01
6.918309709189362366e+03,1.717939781829652190e+01,-8.995859120800719211e+01
7.046930689671467007e+03,1.701939790034760591e+01,-8.995934700338210632e+01
7.177942912713614533e+03,1.685939797943082397e+01,-8.996008900395051455e+01
7.311390834834171983e+03,1.669939805565352842e+01,-8.996081746149532421e+01
7.447319739059888889e+03,1.653939812911918139e+01,-8.996153262320382282e+01
7.585775750291835720e+03,1.637939819992751111e+01,-8.996223473175173524e+01
7.726805850957020994e+03,1.621939826817463626e+01,-8.996292402538546185e+01
7.870457896950984832e+03,1.605939833395320093e+01,-8.996360073800293833e+01
8.016780633876789580e+03,1.589939839735248661e+01,-8.996426509923303172e+01
8.165823713585922633e+03,1.573939845845855956e+01,-8.996491733451345851e+01
8.317637711026709439e+03,1.557939851735437031e+01,-8.996555766516721064e+01
8.472274141405963746e+03,1.541939857411986026e+01,-8.996618630847777354e+01
8.629785477669702232e+03,1.525939862883209130e+01,-8.996680347776273834e+01
8.790225168308841603e+03,1.509939868156532405e+01,-8.996740938244624886e+01
8.953647655495937215e+03,1.493939873239114391e+01,-8.996800422813005582e+01
9.120108393559095930e+03,1.477939878137854990e+01,-8.996858821666323536e+01
9.289663867799363288e+03,1.461939882859402751e+01,-8.996916154621078476e+01
9.462371613657929629e+03,1.445939887410168367e+01,-8.996972441132076881e+01
9.638290236239705337e+03,1.429939891796327700e+01,-8.997027700299037178e+01
9.817479430199844501e+03,1.413939896023835807e+01,-8.997081950873074163e+01
1.000000000000000000e+04,1.397939900098430677e+01,-8.997135211263051247e+01
1.018591388054116942e+04,1.381939904025643706e+01,-8.997187499541834654e+01
1.037528415818012581e+04,1.365939907810805387e+01,-8.997238833452432516e+01
1.056817509213658559e+04,1.349939911459054187e+01,-8.997289230413997529e+01
1.076465213629834943e+04,1.333939914975342411e+01,-8.997338707527759993e+01
1.096478196143185050e+04,1.317939918364443130e+01,-8.997387281582808782e+01
1.116863247780561142e+04,1.301939921630956398e+01,-8.997434969061799848e+01
1.137627285823430793e+04,1.285939924779317067e+01,-8.997481786146555294e+01
1.158777356155126108e+04,1.269939927813798164e+01,-8.997527748723537400e+01
1.180320635651729754e+04,1.253939930738519770e+01,-8.997572872389253007e+01
1.202264434617413099e+04,1.237939933557450800e+01,-8.997617172455545642e+01
1.224616199265048999e+04,1.221939936274418415e+01,-8.997660663954782478e+01
1.247383514242943238e+04,1.205939938893110863e+01,-8.997703361644960296e+01
1.270574105208541914e+04,1.189939941417082281e+01,-8.997745280014709124e+01
1.294195841449986256e+04,1.173939943849759615e+01,-8.997786433288220564e+01
1.318256738556407436e+04,1.157939946194444580e+01,-8.997826835430062431e+01
1.342764961137864157e+04,1.141939948454320053e+01,-8.997866500149919489e+01
1.367728825595849412e+04,1.125939950632453268e+01,-8.997905440907247510e+01
1.393156802945303752e+04,1.109939952731801327e+01,-8.997943670915840642e+01
1.419057521689092573e+04,1.093939954755214394e+01,-8.997981203148317775e+01
1.445439770745928035e+04,1.077939956705438362e+01,-8.998018050340517959e+01
1.472312502432719339e+04,1.061939958585121069e+01,-8.998054224995829031e+01
1.499684835502374153e+04,1.045939960396813539e+01,-8.998089739389416764e+01
1.527566058238072947e+04,1.029939962142975496e+01,-8.998124605572414225e+01
1.555965631605075032e+04,1.013939963825976776e+01,-8.998158835375987508e+01
1.584893192461114086e+04,9.979399654481026616e+00,-8.998192440415363080e+01
1.614358556826487074e+04,9.819399670115542378e+00,-8.998225432093768461e+01
1.644371723214932354e+04,9.659399685184546058e+00,-8.998257821606291884e+01
1.674942876026438171e+04,9.499399699708488853e+00,-8.998289619943695072e+01
1.706082389003124263e+04,9.339399713707086548e+00,-8.998320837896136482e+01
1.737800828749376160e+04,9.179399727199340830e+00,-8.998351486056826332e+01
1.770108958317422002e+04,9.019399740203565941e+00,-8.998381574825636164e+01
1.803017740859570040e+04,8.859399752737417089e+00,-8.998411114412607503e+01
1.836538343348347553e+04,8.699399764817904668e+00,-8.998440114841436355e+01
1.870682140365801752e+04,8.539399776461433333e+00,-8.998468585952863918e+01
1.905460717963248317e+04,8.379399787683798451e+00,-8.998496537408014717e+01
1.940885877592779434e+04,8.219399798500241161e+00,-8.998523978691684988e+01
1.976969640111862100e+04,8.059399808925444830e+00,-8.998550919115550073e+01
2.013724249862389479e+04,7.899399818973559029e+00,-8.998577367821324913e+01
2.051162178825566662e+04,7.739399828658224401e+00,-8.998603333783874803e+01
2.089296130854040894e+04,7.579399837992582434e+00,-8.998628825814250831e+01
2.128139045982713287e+04,7.419399846989308323e+00,-8.998653852562688371e+01
2.167704104819696295e+04,7.259399855660614520e+00,-8.998678422521537357e+01
2.208004733018901243e+04,7.099399864018272055e+00,-8.998702544028144246e+01
2.249054605835782786e+04,6.939399872073623854e+00,-8.998726225267685663e+01
2.290867652767774416e+04,6.779399879837605170e+00,-8.998749474275930993e+01
2.333458062281004459e+04,6.619399887320756015e+00,-8.998772298941996439e+01
2.376840286624878354e+04,6.459399894533235376e+00,-8.998794707010993932e+01
2.421029046736179953e+04,6.299399901484830977e+00,-8.998816706086674344e+01
2.466039337234341292e+04,6.139399908184981491e+00,-8.998838303634008184e+01
2.511886431509581962e+04,5.979399914642780089e+00,-8.998859506981709444e+01
2.558585886905647931e+04,5.819399920866993092e+00,-8.998880323324728181e+01
2.606153549998897870e+04,5.659399926866073294e+00,-8.998900759726697629e+01
2.654605561975542150e+04,5.499399932648156408e+00,-8.998920823122320201e+01
2.703958364108846217e+04,5.339399938221100150e+00,-8.998940520319729330e+01
2.754228703338168634e+04,5.179399943592462918e+00,-8.998959858002793055e+01
2.805433637951716446e+04,5.019399948769539321e+00,-8.998978842733387751e+01
2.857590543374949630e+04,4.859399953759354851e+00,-8.998997480953616446e+01
2.910717118066608236e+04,4.699399958568683644e+00,-8.999015778988011505e+01
2.964831389524345286e+04,4.539399963204057364e+00,-8.999033743045657729e+01
3.019951720402019055e+04,4.379399967671762539e+00,-8.999051379222319724e+01
3.076096814740711488e+04,4.219399971977867203e+00,-8.999068693502496785e+01
3.133285724315588959e+04,4.059399976128212906e+00,-8.999085691761462158e+01
3.191537855100764864e+04,3.899399980128441801e+00,-8.999102379767251136e+01
3.250872973854347219e+04,3.739399983983972220e+00,-8.999118763182625003e+01
3.311311214825914794e+04,3.579399987700048857e+00,-8.999134847566980966e+01
3.372873086588692240e+04,3.419399991281713014e+00,-8.999150638378250733e+01
3.435579478998749983e+04,3.259399994733820805e+00,-8.999166140974746497e+01
3.499451670283576823e+04,3.099399998061063588e+00,-8.999181360616978509e+01
3.564511334262446326e+04,2.939400001267957752e+00,-8.999196302469445641e+01
3.630780547701017349e+04,2.779400004358854481e+00,-8.999210971602380482e+01
3.698281797802666551e+04,2.619400007337948644e+00,-8.999225372993474537e+01
3.767037989839092916e+04,2.459400010209289889e+00,-8.999239511529566471e+01
3.837072454922792531e+04,2.299400012976768437e+00,-8.999253392008301944e+01
3.908408957924025162e+04,2.139400015644145281e+00,-8.999267019139757906e+01
3.981071705534977082e+04,1.979400018215044188e+00,-8.999280397548042743e+01
4.055085354483843548e+04,1.819400020692947484e+00,-8.999293531772865151e+01
4.130475019901619089e+04,1.659400023081221587e+00,-8.999306426271073178e+01
4.207266283844446298e+04,1.499400025383113455e+00,-8.999319085418173358e+01
4.285485203974400793e+04,1.339400027601739929e+00,-8.999331513509804381e+01
4.365158322401664918e+04,1.179400029740117484e+00,-8.999343714763205071e+01
4.446312674691092980e+04,1.019400031801150242e+00,-8.999355693318639737e+01
4.528975799036212993e+04,8.594000337876332996e-01,-8.999367453240802206e+01
4.613175745603790710e+04,6.994000357022779335e-01,-8.999378998520204220e+01
4.698941086052150786e+04,5.394000375476530884e-01,-8.999390333074509840e+01
4.786300923226379382e+04,3.794000393262778048e-01,-8.999401460749889736e+01
4.875284901033860660e+04,2.194000410405666512e-01,-8.999412385322311536e+01
4.965923214503357303e+04,5.940004269285138749e-02,-8.999423110498817380e+01
5.058246620031137718e+04,-1.005999557146310119e-01,-8.999433639918794370e+01
5.152286445817561616e+04,-2.605999541797158203e-01,-8.999443977155199548e+01
5.248074602497722663e+04,-4.205999527003173588e-01,-8.999454125715782027e+01
5.345643593969713402e+04,-5.805999512744335345e-01,-8.999464089044262494e+01
5.445026528424208664e+04,-7.405999499001235664e-01,-8.999473870521507024e+01
5.546257129579104367e+04,-9.005999485755223910e-01,-8.999483473466672478e+01
5.649369748123022146e+04,-1.060599947298837664e+00,-8.999492901138339107e+01
5.754399373371566617e+04,-1.220599946068327668e+00,-8.999502156735609049e+01
5.861381645140284672e+04,-1.380599944882331620e+00,-8.999511243399192040e+01
5.970352865838364960e+04,-1.540599943739226596e+00,-8.999520164212476914e+01
6.081350012787176092e+04,-1.700599942637475603e+00,-8.999528922202570413e+01
6.194410750767811260e+04,-1.860599941575572513e+00,-8.999537520341333163e+01
6.309573444801929872e+04,-2.020599940552080920e+00,-8.999545961546378692e+01
6.426877173170194146e+04,-2.180599939565607936e+00,-8.999554248682071034e+01
6.546361740672746964e+04,-2.340599938614818409e+00,-8.999562384560492490e+01
6.668067692136218830e+04,-2.500599937698420483e+00,-8.999570371942398594e+01
6.792036326171843393e+04,-2.660599936815169819e+00,-8.999578213538156035e+01
6.918309709189362184e+04,-2.820599935963866933e+00,-8.999585912008662092e+01
7.046930689671466826e+04,-2.980599935143353640e+00,-8.999593469966248449e+01
7.177942912713615806e+04,-3.140599934352523714e+00,-8.999600889975563689e+01
7.311390834834171983e+04,-3.300599933590294022e+00,-8.999608174554450102e+01
7.447319739059888525e+04,-3.460599932855639160e+00,-8.999615326174786389e+01
7.585775750291836448e+04,-3.620599932147554156e+00,-8.999622347263341737e+01
7.726805850957021175e+04,-3.780599931465081109e+00,-8.999629240202591518e+01
7.870457896950985014e+04,-3.940599930807297646e+00,-8.999636007331518783e+01
8.016780633876789943e+04,-4.100599930173304486e+00,-8.999642650946425704e+01
8.165823713585922087e+04,-4.260599929562243204e+00,-8.999649173301696692e+01
8.317637711026708712e+04,-4.420599928973288684e+00,-8.999655576610568630e+01
8.472274141405963746e+04,-4.580599928405631793e+00,-8.999661863045881205e+01
8.629785477669702959e+04,-4.740599927858509588e+00,-8.999668034740821554e+01
8.790225168308842694e+04,-4.900599927331175998e+00,-8.999674093789633389e+01
8.953647655495937215e+04,-5.060599926822916927e+00,-8.999680042248341749e+01
9.120108393559097021e+04,-5.220599926333042262e+00,-8.999685882135443649e+01
9.289663867799362924e+04,-5.380599925860890309e+00,-8.999691615432594460e+01
9.462371613657929993e+04,-5.540599925405810922e+00,-8.999697244085278669e+01
9.638290236239705700e+04,-5.700599924967198362e+00,-8.999702770003474939e+01
9.817479430199843773e+04,-5.860599924544445116e+00,-8.999708195062298444e+01
1.000000000000000000e+05,-6.020599924136986303e+00,-8.999713521102637515e+01
1.018591388054116978e+05,-6.180599923744264146e+00,-8.999718749931786022e+01
1.037528415818012581e+05,-6.340599923365747514e+00,-8.999723883324047335e+01
1.056817509213658486e+05,-6.500599923000925706e+00,-8.999728923021343974e+01
1.076465213629834907e+05,-6.660599922649296012e+00,-8.999733870733797403e+01
1.096478196143185050e+05,-6.820599922310384144e+00,-8.999738728140320632e+01
1.116863247780561214e+05,-6.980599921983733580e+00,-8.999743496889180960e+01
1.137627285823431012e+05,-7.140599921668897565e+00,-8.999748178598569837e+01
1.158777356155126181e+05,-7.300599921365447997e+00,-8.999752774857131499e+01
1.180320635651729972e+05,-7.460599921072979868e+00,-8.999757287224518620e+01
1.202264434617413208e+05,-7.620599920791084614e+00,-8.999761717231919533e+01
1.224616199265048926e+05,-7.780599920519390089e+00,-8.999766066382575502e+01
1.247383514242943202e+05,-7.940599920257518818e+00,-8.999770336152285211e+01
1.270574105208542023e+05,-8.100599920005123522e+00,-8.999774527989914930e+01
1.294195841449986328e+05,-8.260599919761853371e+00,-8.999778643317885951e+01
1.318256738556407508e+05,-8.420599919527386845e+00,-8.999782683532657757e+01
1.342764961137864157e+05,-8.580599919301398870e+00,-8.999786650005196975e+01
1.367728825595849485e+05,-8.740599919083585689e+00,-8.999790544081454868e+01
1.393156802945303498e+05,-8.900599918873652427e+00,-8.999794367082810709e+01
1.419057521689092682e+05,-9.060599918671311315e+00,-8.999798120306527949e+01
1.445439770745928108e+05,-9.220599918476287016e+00,-8.999801805026193335e+01
1.472312502432719339e+05,-9.380599918288318406e+00,-8.999805422492144658e+01
1.499684835502374044e+05,-9.540599918107149691e+00,-8.999808973931902756e+01
1.527566058238073310e+05,-9.700599917932533955e+00,-8.999812460550577953e+01
1.555965631605075032e+05,-9.860599917764234945e+00,-8.999815883531292116e+01
1.584893192461114086e+05,-1.002059991760202173e+01,-8.999819244035566612e+01
1.614358556826486893e+05,-1.018059991744567405e+01,-8.999822543203727321e+01
1.644371723214932426e+05,-1.034059991729498584e+01,-8.999825782155281217e+01
1.674942876026437734e+05,-1.050059991714974394e+01,-8.999828961989307174e+01
1.706082389003123972e+05,-1.066059991700975829e+01,-8.999832083784821180e+01
1.737800828749376233e+05,-1.082059991687484057e+01,-8.999835148601148660e+01
1.770108958317422075e+05,-1.098059991674479541e+01,-8.999838157478271228e+01
1.803017740859570040e+05,-1.114059991661946114e+01,-8.999841111437200425e+01
1.836538343348347407e+05,-1.130059991649865481e+01,-8.999844011480298889e+01
1.870682140365801461e+05,-1.146059991638221653e+01,-8.999846858591646992e+01
1.905460717963248317e+05,-1.162059991626999356e+01,-8.999849653737355482e+01
1.940885877592779580e+05,-1.178059991616182955e+01,-8.999852397865906539e+01
1.976969640111862100e+05,-1.194059991605758242e+01,-8.999855091908466420e+01
2.013724249862389406e+05,-1.210059991595709938e+01,-8.999857736779208039e+01
2.051162178825566662e+05,-1.226059991586025077e+01,-8.999860333375616506e+01
2.089296130854040966e+05,-1.242059991576690692e+01,-8.999862882578800338e+01
2.128139045982713578e+05,-1.258059991567693991e+01,-8.999865385253784211e+01
2.167704104819696222e+05,-1.274059991559022720e+01,-8.999867842249801697e+01
2.208004733018901316e+05,-1.290059991550664975e+01,-8.999870254400588010e+01
2.249054605835783004e+05,-1.306059991542609922e+01,-8.999872622524661381e+01
2.290867652767774707e+05,-1.322059991534845835e+01,-8.999874947425597327e+01
2.333458062281004386e+05,-1.338059991527362769e+01,-8.999877229892310027e+01
2.376840286624878354e+05,-1.354059991520150064e+01,-8.999879470699308115e+01
2.421029046736179735e+05,-1.370059991513198483e+01,-8.999881670606971795e+01
2.466039337234341074e+05,-1.386059991506498434e+01,-8.999883830361793002e+01
2.511886431509582035e+05,-1.402059991500040681e+01,-8.999885950696648251e+01
2.558585886905647931e+05,-1.418059991493816518e+01,-8.999888032331031695e+01
2.606153549998897652e+05,-1.434059991487817243e+01,-8.999890075971302394e+01
2.654605561975541641e+05,-1.450059991482035571e+01,-8.999892082310937269e+01
2.703958364108846290e+05,-1.466059991476462443e+01,-8.999894052030747105e+01
2.754228703338169144e+05,-1.482059991471091287e+01,-8.999895985799118137e+01
2.805433637951716082e+05,-1.498059991465914109e+01,-8.999897884272238002e+01
2.857590543374949484e+05,-1.514059991460924337e+01,-8.999899748094318852e+01
2.910717118066608091e+05,-1.530059991456115043e+01,-8.999901577897813354e+01
2.964831389524345286e+05,-1.546059991451479654e+01,-8.999903374303630699e+01
3.019951720402018982e+05,-1.562059991447011953e+01,-8.999905137921344078e+01
3.076096814740711125e+05,-1.578059991442705723e+01,-8.999906869349406691e+01
3.133285724315588595e+05,-1.594059991438555457e+01,-8.999908569175347850e+01
3.191537855100765009e+05,-1.610059991434555471e+01,-8.999910237975967675e+01
3.250872973854347365e+05,-1.626059991430699725e+01,-8.999911876317545989e+01
3.311311214825914358e+05,-1.642059991426983601e+01,-8.999913484756015691e+01
3.372873086588692968e+05,-1.658059991423402124e+01,-8.999915063837178764e+01
3.435579478998750565e+05,-1.674059991419949966e+01,-8.999916614096861167e+01
3.499451670283576823e+05,-1.690059991416622864e+01,-8.999918136061117480e+01
3.564511334262446035e+05,-1.706059991413415844e+01,-8.999919630246394320e+01
3.630780547701017349e+05,-1.722059991410324997e+01,-8.999921097159716510e+01
3.698281797802667134e+05,-1.738059991407346061e+01,-8.999922537298850500e+01
3.767037989839092479e+05,-1.754059991404474417e+01,-8.999923951152484847e+01
3.837072454922792385e+05,-1.770059991401707578e+01,-8.999925339200383689e+01
3.908408957924025017e+05,-1.786059991399039859e+01,-8.999926701913550176e+01
3.981071705534977373e+05,-1.802059991396468774e+01,-8.999928039754401254e+01
4.055085354483844130e+05,-1.818059991393991126e+01,-8.999929353176904101e+01
4.130475019901618944e+05,-1.834059991391602651e+01,-8.999930642626742383e+01
4.207266283844446298e+05,-1.850059991389300862e+01,-8.999931908541469738e+01
4.285485203974400647e+05,-1.866059991387082206e+01,-8.999933151350651883e+01
4.365158322401665500e+05,-1.882059991384943842e+01,-8.999934371476008721e+01
4.446312674691092689e+05,-1.898059991382882572e+01,-8.999935569331566398e+01
4.528975799036213430e+05,-1.914059991380896264e+01,-8.999936745323797993e+01
4.613175745603800169e+05,-1.930059991378981721e+01,-8.999937899851752832e+01
4.698941086052160827e+05,-1.946059991377136456e+01,-8.999939033307195757e+01
4.786300923226380837e+05,-1.962059991375355850e+01,-8.999940146074744973e+01
4.875284901033859933e+05,-1.978059991373641680e+01,-8.999941238531998522e+01
4.965923214503357885e+05,-1.994059991371989327e+01,-8.999942311049659338e+01
5.058246620031137718e+05,-2.010059991370397015e+01,-8.999943363991667411e+01
5.152286445817561471e+05,-2.026059991368862256e+01,-8.999944397715316313e+01
5.248074602497722954e+05,-2.042059991367382565e+01,-8.999945412571385361e+01
5.345643593969714129e+05,-2.058059991365956876e+01,-8.999946408904240513e+01
5.445026528424208518e+05,-2.074059991364581990e+01,-8.999947387051973635e+01
5.546257129579104949e+05,-2.090059991363257907e+01,-8.999948347346497712e+01
5.649369748123022728e+05,-2.106059991361981076e+01,-8.999949290113671907e+01
5.754399373371566180e+05,-2.122059991360750431e+01,-8.999950215673405296e+01
5.861381645140284672e+05,-2.138059991359564549e+01,-8.999951124339770558e+01
5.970352865838366561e+05,-2.154059991358421655e+01,-8.999952016421106293e+01
6.081350012787176529e+05,-2.170059991357319973e+01,-8.999952892220122180e+01
6.194410750767812133e+05,-2.186059991356258081e+01,-8.999953752034002719e+01
6.309573444801929872e+05,-2.202059991355234558e+01,-8.999954596154513808e+01
6.426877173170193564e+05,-2.218059991354247984e+01,-8.999955424868085174e+01
6.546361740672746673e+05,-2.234059991353296937e+01,-8.999956238455932578e+01
6.668067692136218539e+05,-2.250059991352380706e+01,-8.999957037194126030e+01
6.792036326171841938e+05,-2.266059991351497516e+01,-8.999957821353704901e+01
6.918309709189363057e+05,-2.282059991350646300e+01,-8.999958591200758917e+01
7.046930689671466826e+05,-2.298059991349825992e+01,-8.999959346996523379e+01
7.177942912713614060e+05,-2.314059991349035172e+01,-8.999960088997457319e+01
7.311390834834174020e+05,-2.330059991348273130e+01,-8.999960817455348661e+01
7.447319739059888525e+05,-2.346059991347538087e+01,-8.999961532617386695e+01
7.585775750291835284e+05,-2.362059991346830401e+01,-8.999962234726244503e+01
7.726805850957020884e+05,-2.378059991346147939e+01,-8.999962924020171329e+01
7.870457896950984141e+05,-2.394059991345489635e+01,-8.999963600733066471e+01
8.016780633876789361e+05,-2.410059991344855845e+01,-8.999964265094560290e+01
8.165823713585922960e+05,-2.426059991344244793e+01,-8.999964917330089520e+01
8.317637711026706966e+05,-2.442059991343655412e+01,-8.999965557660979698e+01
8.472274141405961709e+05,-2.458059991343088058e+01,-8.999966186304513371e+01
8.629785477669703541e+05,-2.474059991342540954e+01,-8.999966803474009680e+01
8.790225168308842694e+05,-2.490059991342013745e+01,-8.999967409378892569e+01
8.953647655495937215e+05,-2.506059991341505722e+01,-8.999968004224766105e+01
9.120108393559096148e+05,-2.522059991341016172e+01,-8.999968588213479848e+01
9.289663867799362633e+05,-2.538059991340543320e+01,-8.999969161543197060e+01
9.462371613657929702e+05,-2.554059991340088942e+01,-8.999969724408468608e+01
9.638290236239704536e+05,-2.570059991339650196e+01,-8.999970277000288377e+01
9.817479430199844064e+05,-2.586059991339227082e+01,-8.999970819506171438e+01
1.000000000000000000e+06,-2.602059991338819955e+01,-8.999971352110208045e+01
