time,Vclk,Vs,Vctail,Vcpp,Vcpn,Voutp,Voutn
0.000000000000000000e+00,0.000000000000000000e+00,6.986202980000000284e-01,4.506378430000000144e-08,1.499999960000000021e+00,1.499999950000000082e+00,1.424074479999999965e-07,1.424074420000000012e-07
5.120000000000000245e-02,0.000000000000000000e+00,6.986202980000000284e-01,4.506378430000000144e-08,1.499999960000000021e+00,1.499999950000000082e+00,1.424074479999999965e-07,1.424074420000000012e-07
3.712000000000000299e-01,0.000000000000000000e+00,6.986202980000000284e-01,4.506378430000000144e-08,1.499999960000000021e+00,1.499999950000000082e+00,1.424074479999999965e-07,1.424074420000000012e-07
6.911999999999999256e-01,0.000000000000000000e+00,6.986202980000000284e-01,4.506378430000000144e-08,1.499999960000000021e+00,1.499999950000000082e+00,1.424074479999999965e-07,1.424074420000000012e-07
1.011199999999999877e+00,0.000000000000000000e+00,6.986202980000000284e-01,4.506378430000000144e-08,1.499999960000000021e+00,1.499999950000000082e+00,1.424074479999999965e-07,1.424074420000000012e-07
1.331199999999999939e+00,0.000000000000000000e+00,6.986202980000000284e-01,4.506378430000000144e-08,1.499999960000000021e+00,1.499999950000000082e+00,1.424074479999999965e-07,1.424074420000000012e-07
1.651200000000000001e+00,0.000000000000000000e+00,6.986202980000000284e-01,4.506378430000000144e-08,1.499999960000000021e+00,1.499999950000000082e+00,1.424074479999999965e-07,1.424074420000000012e-07
1.971200000000000063e+00,0.000000000000000000e+00,6.986202980000000284e-01,4.506378430000000144e-08,1.499999960000000021e+00,1.499999950000000082e+00,1.424074479999999965e-07,1.424074420000000012e-07
2.015095119999999795e+00,1.500000000000000000e+00,8.448164210000000396e-02,5.406046999999999762e-03,1.503166659999999988e+00,1.503147970000000111e+00,-7.208407299999999851e-02,-7.208366380000000295e-02
2.222730499999999942e+00,1.500000000000000000e+00,8.536174639999999370e-02,3.764027760000000083e-02,1.472361000000000031e+00,1.469962709999999895e+00,-7.330698019999999648e-02,-7.322676020000000452e-02
2.542730500000000227e+00,1.500000000000000000e+00,1.134817760000000064e-01,7.658695670000000011e-02,1.435051389999999927e+00,1.429546729999999988e+00,-7.486143139999999752e-02,-7.467615399999999459e-02
2.862730500000000067e+00,1.500000000000000000e+00,1.362556360000000133e-01,1.066509380000000007e-01,1.406337490000000079e+00,1.398253559999999895e+00,-7.605604840000000644e-02,-7.578524000000000371e-02
3.182730499999999907e+00,1.500000000000000000e+00,1.550506170000000017e-01,1.306246000000000074e-01,1.383501110000000089e+00,1.373234740000000009e+00,-7.698660920000000019e-02,-7.664887180000000411e-02
3.502730500000000191e+00,1.500000000000000000e+00,1.708400670000000121e-01,1.502481479999999980e-01,1.364853429999999923e+00,1.352708739999999965e+00,-7.770714280000000362e-02,-7.732262239999999898e-02
3.822730500000000031e+00,1.500000000000000000e+00,1.843110570000000004e-01,1.666532099999999961e-01,1.349299170000000103e+00,1.335513299999999903e+00,-7.824651000000000522e-02,-7.783898899999999732e-02
4.142730500000000760e+00,1.500000000000000000e+00,1.959622360000000119e-01,1.806071929999999992e-01,1.336097459999999959e+00,1.320858169999999943e+00,-7.861821219999999555e-02,-7.821678179999999592e-02
4.462730500000000156e+00,1.500000000000000000e+00,2.061560699999999968e-01,1.926476310000000136e-01,1.324730430000000014e+00,1.308188609999999974e+00,-7.882595330000000122e-02,-7.846631680000000497e-02
4.782730499999999552e+00,1.500000000000000000e+00,2.151627680000000042e-01,2.031622680000000070e-01,1.314825160000000048e+00,1.297103820000000018e+00,-7.886714470000000254e-02,-7.859259770000000256e-02
5.102730500000000724e+00,1.500000000000000000e+00,2.231866489999999870e-01,2.124370529999999868e-01,1.306106860000000092e+00,1.287307779999999902e+00,-7.873536509999999600e-02,-7.859737270000000109e-02
5.422730500000000120e+00,1.500000000000000000e+00,2.303878139999999963e-01,2.206895090000000059e-01,1.298366670000000056e+00,1.278575239999999891e+00,-7.842171820000000404e-02,-7.848037809999999781e-02
5.742730499999999516e+00,1.500000000000000000e+00,2.368920369999999997e-01,2.280874300000000077e-01,1.291443499999999966e+00,1.270732380000000106e+00,-7.791601360000000032e-02,-7.824019769999999985e-02
6.062730500000000688e+00,1.500000000000000000e+00,2.428002240000000089e-01,2.347628449999999978e-01,1.285210570000000052e+00,1.263642429999999983e+00,-7.720747460000000617e-02,-7.787480609999999914e-02
6.382730500000000085e+00,1.500000000000000000e+00,2.481943960000000116e-01,2.408212989999999887e-01,1.279566519999999930e+00,1.257196079999999938e+00,-7.628525569999999867e-02,-7.738192909999999647e-02
6.702730499999999481e+00,1.500000000000000000e+00,2.531420129999999991e-01,2.463483509999999932e-01,1.274429140000000071e+00,1.251304739999999915e+00,-7.513880500000000295e-02,-7.675927800000000023e-02
7.022730500000000653e+00,1.500000000000000000e+00,2.576991310000000257e-01,2.514142070000000007e-01,1.269730940000000086e+00,1.245895760000000019e+00,-7.375811470000000203e-02,-7.600469869999999795e-02
7.342730500000000049e+00,1.500000000000000000e+00,2.619127529999999981e-01,2.560771029999999726e-01,1.265415970000000057e+00,1.240908850000000063e+00,-7.213389150000000527e-02,-7.511626259999999722e-02
7.662730500000000333e+00,1.500000000000000000e+00,2.658226109999999864e-01,2.603857969999999744e-01,1.261437340000000074e+00,1.236293569999999953e+00,-7.025766690000000148e-02,-7.409231839999999569e-02
7.982730499999999729e+00,1.500000000000000000e+00,2.694625279999999790e-01,2.643814560000000147e-01,1.257755500000000026e+00,1.232007279999999927e+00,-6.812186389999999592e-02,-7.293151709999999566e-02
8.302730500000000902e+00,1.500000000000000000e+00,2.728614839999999875e-01,2.680990930000000105e-01,1.254336810000000080e+00,1.228013749999999904e+00,-6.571983080000000366e-02,-7.163281950000000009e-02
8.622730500000001186e+00,1.500000000000000000e+00,2.760444510000000240e-01,2.715686869999999753e-01,1.251152510000000051e+00,1.224281890000000095e+00,-6.304585179999999678e-02,-7.019549170000000116e-02
8.942730499999999694e+00,1.500000000000000000e+00,2.790330650000000245e-01,2.748160539999999763e-01,1.248177840000000094e+00,1.220784929999999990e+00,-6.009513949999999854e-02,-6.861909400000000547e-02
9.262730499999999978e+00,1.500000000000000000e+00,2.818461560000000143e-01,2.778635500000000147e-01,1.245391389999999987e+00,1.217499670000000034e+00,-5.686381509999999945e-02,-6.690346519999999797e-02
9.582730500000000262e+00,1.500000000000000000e+00,2.845001939999999840e-01,2.807306279999999821e-01,1.242774540000000094e+00,1.214405879999999938e+00,-5.334887940000000023e-02,-6.504870399999999886e-02
9.902730499999998770e+00,1.500000000000000000e+00,2.870096389999999831e-01,2.834342930000000038e-01,1.240311050000000082e+00,1.211485860000000025e+00,-4.954817739999999721e-02,-6.305515080000000105e-02
1.022273050000000083e+01,1.500000000000000000e+00,2.893872379999999911e-01,2.859894709999999951e-01,1.237986679999999895e+00,1.208724050000000050e+00,-4.546035939999999720e-02,-6.092336789999999724e-02
1.054273050000000111e+01,1.500000000000000000e+00,2.916442719999999822e-01,2.884093149999999994e-01,1.235788899999999968e+00,1.206106729999999905e+00,-4.108483820000000120e-02,-5.865412109999999790e-02
1.086273049999999962e+01,1.500000000000000000e+00,2.937907530000000156e-01,2.907054600000000266e-01,1.233706659999999955e+00,1.203621730000000056e+00,-3.642174589999999657e-02,-5.624836190000000180e-02
1.118273049999999991e+01,1.500000000000000000e+00,2.958356050000000015e-01,2.928882329999999978e-01,1.231730140000000029e+00,1.201258230000000093e+00,-3.147188929999999996e-02,-5.370721039999999669e-02
1.150273050000000019e+01,1.500000000000000000e+00,2.977867969999999920e-01,2.949668300000000132e-01,1.229850630000000056e+00,1.199006599999999922e+00,-2.623670590000000066e-02,-5.103193980000000213e-02
1.182273049999999870e+01,1.500000000000000000e+00,2.996514760000000277e-01,2.969494650000000235e-01,1.228060359999999962e+00,1.196858189999999933e+00,-2.071821919999999873e-02,-4.822396140000000109e-02
1.214273050000000076e+01,1.500000000000000000e+00,3.014360629999999763e-01,2.988434979999999852e-01,1.226352370000000080e+00,1.194805270000000030e+00,-1.491899619999999954e-02,-4.528481119999999693e-02
1.246273050000000104e+01,1.500000000000000000e+00,3.031463460000000110e-01,3.006555419999999978e-01,1.224720430000000082e+00,1.192840850000000064e+00,-8.842105030000000157e-03,-4.221613719999999653e-02
1.278273049999999955e+01,1.500000000000000000e+00,3.047875549999999878e-01,3.023915540000000068e-01,1.223158919999999927e+00,1.190958659999999947e+00,-2.491073569999999789e-03,-3.901968780000000109e-02
1.310273049999999984e+01,1.500000000000000000e+00,3.063644280000000220e-01,3.040569149999999832e-01,1.221662790000000109e+00,1.189152999999999905e+00,4.130149700000000298e-03,-3.569730079999999806e-02
1.342273050000000012e+01,1.500000000000000000e+00,3.078812650000000151e-01,3.056564970000000270e-01,1.220227469999999981e+00,1.187418709999999988e+00,1.101723410000000035e-02,-3.225089390000000084e-02
1.374273049999999863e+01,1.500000000000000000e+00,3.093419829999999870e-01,3.071947230000000029e-01,1.218848799999999954e+00,1.185751089999999897e+00,1.816550340000000138e-02,-2.868245540000000093e-02
1.406273050000000069e+01,1.500000000000000000e+00,3.107501520000000017e-01,3.086756150000000143e-01,1.217523029999999951e+00,1.184145860000000106e+00,2.556997059999999850e-02,-2.499403589999999939e-02
1.438273050000000097e+01,1.500000000000000000e+00,3.121090349999999791e-01,3.101028430000000169e-01,1.216246710000000064e+00,1.182599130000000054e+00,3.322537130000000061e-02,-2.118774119999999872e-02
1.470273049999999948e+01,1.500000000000000000e+00,3.134216220000000108e-01,3.114797550000000248e-01,1.215016730000000100e+00,1.181107310000000021e+00,4.112619559999999841e-02,-1.726572549999999887e-02
1.502273049999999976e+01,1.500000000000000000e+00,3.146906549999999858e-01,3.128094220000000036e-01,1.213830229999999899e+00,1.179667129999999897e+00,4.926671829999999808e-02,-1.323018549999999995e-02
1.534273049999999827e+01,1.500000000000000000e+00,3.159186560000000199e-01,3.140946569999999993e-01,1.212684569999999962e+00,1.178275579999999989e+00,5.764102720000000013e-02,-9.083355289999999263e-03
1.566273050000000033e+01,1.500000000000000000e+00,3.171079479999999728e-01,3.153380450000000113e-01,1.211577359999999937e+00,1.176929890000000034e+00,6.624305070000000017e-02,-4.827502130000000356e-03
1.598273050000000062e+01,1.500000000000000000e+00,3.182606729999999939e-01,3.165419700000000058e-01,1.210506379999999993e+00,1.175627500000000047e+00,7.506658260000000082e-02,-4.649230989999999912e-04
1.630273049999999913e+01,1.500000000000000000e+00,3.193788129999999836e-01,3.177086259999999940e-01,1.209469600000000034e+00,1.174366049999999939e+00,8.410530639999999614e-02,4.002057269999999625e-03
1.662273049999999941e+01,1.500000000000000000e+00,3.204641999999999769e-01,3.188400419999999902e-01,1.208465129999999998e+00,1.173143360000000079e+00,9.335281739999999606e-02,8.571087990000000184e-03
1.694273049999999969e+01,1.500000000000000000e+00,3.215185340000000225e-01,3.199380960000000051e-01,1.207491230000000026e+00,1.171957399999999927e+00,1.028026429999999991e-01,1.323979089999999942e-02
1.726273049999999998e+01,1.500000000000000000e+00,3.225433930000000116e-01,3.210045289999999829e-01,1.206546300000000072e+00,1.170806299999999966e+00,1.124482640000000061e-01,1.800575750000000044e-02
1.758273050000000026e+01,1.500000000000000000e+00,3.235402459999999758e-01,3.220409539999999904e-01,1.205628829999999985e+00,1.169688300000000014e+00,1.222831280000000048e-01,2.286654319999999879e-02
1.790273050000000055e+01,1.500000000000000000e+00,3.245104569999999744e-01,3.230488739999999859e-01,1.204737450000000099e+00,1.168601790000000085e+00,1.323006700000000091e-01,2.781965659999999924e-02
1.822273049999999728e+01,1.500000000000000000e+00,3.254553029999999736e-01,3.240296859999999834e-01,1.203870849999999937e+00,1.167545239999999929e+00,1.424943220000000066e-01,3.286254420000000315e-02
1.854273050000000111e+01,1.500000000000000000e+00,3.263759709999999870e-01,3.249846929999999912e-01,1.203027840000000070e+00,1.166517250000000061e+00,1.528575299999999915e-01,3.799256649999999819e-02
1.886273050000000140e+01,1.500000000000000000e+00,3.272735760000000105e-01,3.259151109999999796e-01,1.202207299999999979e+00,1.165516479999999966e+00,1.633837609999999885e-01,4.320696319999999674e-02
1.918273049999999813e+01,1.500000000000000000e+00,3.281491570000000246e-01,3.268220760000000169e-01,1.201408170000000109e+00,1.164541709999999952e+00,1.740665100000000076e-01,4.850280319999999978e-02
1.950273050000000197e+01,1.500000000000000000e+00,3.290036909999999870e-01,3.277066530000000144e-01,1.200629479999999916e+00,1.163591770000000025e+00,1.848993120000000101e-01,5.387691210000000036e-02
1.982273049999999870e+01,1.500000000000000000e+00,3.298380920000000271e-01,3.285698369999999757e-01,1.199870299999999945e+00,1.162665569999999926e+00,1.958757339999999958e-01,5.932576900000000042e-02
2.014273049999999898e+01,1.500000000000000000e+00,3.306532209999999972e-01,3.294125620000000199e-01,1.199129780000000034e+00,1.161762100000000020e+00,2.069893810000000001e-01,6.484535880000000252e-02
2.046273050000000282e+01,1.500000000000000000e+00,3.314498860000000269e-01,3.302357080000000167e-01,1.198407089999999897e+00,1.160880389999999984e+00,2.182338819999999902e-01,7.043096120000000293e-02
2.078273049999999955e+01,1.500000000000000000e+00,3.322288469999999938e-01,3.310400969999999776e-01,1.197701480000000096e+00,1.160019539999999960e+00,2.296028780000000102e-01,7.607684939999999341e-02
2.110273049999999984e+01,1.500000000000000000e+00,3.329908229999999913e-01,3.318265069999999928e-01,1.197012219999999960e+00,1.159178690000000067e+00,2.410899930000000024e-01,8.177586050000000550e-02
2.142273050000000012e+01,1.500000000000000000e+00,3.337364910000000240e-01,3.325956700000000099e-01,1.196338619999999908e+00,1.158357040000000060e+00,2.526888010000000184e-01,8.751877449999999337e-02
2.174273050000000040e+01,1.500000000000000000e+00,3.344664829999999811e-01,3.333482740000000000e-01,1.195680019999999955e+00,1.157553829999999895e+00,2.643927429999999856e-01,9.329346239999999901e-02
2.206273049999999714e+01,1.500000000000000000e+00,3.351814089999999857e-01,3.340849699999999811e-01,1.195035810000000032e+00,1.156768339999999951e+00,2.761950559999999943e-01,9.908363539999999470e-02
2.238273050000000097e+01,1.500000000000000000e+00,3.358818359999999892e-01,3.348063720000000187e-01,1.194405359999999972e+00,1.155999889999999919e+00,2.880886550000000268e-01,1.048670589999999986e-01
2.270273050000000126e+01,1.500000000000000000e+00,3.365683059999999838e-01,3.355130640000000275e-01,1.193788089999999968e+00,1.155247829999999976e+00,3.000659339999999786e-01,1.106131080000000017e-01
2.302273049999999799e+01,1.500000000000000000e+00,3.372413289999999786e-01,3.362055930000000248e-01,1.193183399999999894e+00,1.154511550000000053e+00,3.121185240000000083e-01,1.162792960000000042e-01
2.334273050000000183e+01,1.500000000000000000e+00,3.379013909999999954e-01,3.368844830000000123e-01,1.192590669999999964e+00,1.153790450000000023e+00,3.242369500000000238e-01,1.218065299999999962e-01
2.366273049999999856e+01,1.500000000000000000e+00,3.385489529999999858e-01,3.375502269999999805e-01,1.192009290000000110e+00,1.153083990000000059e+00,3.364100620000000097e-01,1.271123299999999956e-01
2.398273049999999884e+01,1.500000000000000000e+00,3.391844509999999979e-01,3.382032930000000159e-01,1.191438559999999924e+00,1.152391610000000011e+00,3.486247339999999917e-01,1.320834770000000047e-01
2.430273050000000268e+01,1.500000000000000000e+00,3.398082980000000086e-01,3.388441269999999950e-01,1.190877739999999907e+00,1.151712800000000092e+00,3.608649030000000146e-01,1.365647480000000136e-01
2.462273049999999941e+01,1.500000000000000000e+00,3.404208919999999750e-01,3.394731500000000013e-01,1.190325969999999955e+00,1.151047039999999910e+00,3.731108439999999971e-01,1.403472050000000027e-01
2.494273049999999969e+01,1.500000000000000000e+00,3.410226060000000059e-01,3.400907650000000171e-01,1.189782270000000031e+00,1.150393849999999940e+00,3.853383980000000264e-01,1.431559510000000035e-01
2.526273049999999998e+01,1.500000000000000000e+00,3.416137989999999958e-01,3.406973540000000078e-01,1.189245509999999895e+00,1.149752729999999890e+00,3.975184210000000107e-01,1.446402910000000042e-01
2.558273050000000026e+01,1.500000000000000000e+00,3.421948109999999876e-01,3.412932799999999767e-01,1.188714379999999959e+00,1.149123209999999951e+00,4.096167459999999760e-01,1.443704329999999925e-01
2.590273050000000055e+01,1.500000000000000000e+00,3.427659659999999775e-01,3.418788910000000181e-01,1.188187459999999973e+00,1.148504809999999932e+00,4.215949549999999935e-01,1.418457419999999969e-01
2.622273050000000083e+01,1.500000000000000000e+00,3.433275729999999970e-01,3.424545150000000149e-01,1.187663230000000070e+00,1.147897069999999964e+00,4.334122069999999938e-01,1.365194170000000040e-01
2.654273050000000111e+01,1.500000000000000000e+00,3.438799289999999731e-01,3.430204680000000228e-01,1.187140209999999918e+00,1.147299559999999996e+00,4.450281600000000060e-01,1.278435380000000066e-01
2.686273049999999785e+01,1.500000000000000000e+00,3.444233119999999815e-01,3.435770499999999950e-01,1.186617110000000030e+00,1.146711849999999977e+00,4.564069960000000092e-01,1.153420379999999940e-01
2.718273050000000168e+01,1.500000000000000000e+00,3.449579930000000183e-01,3.441245459999999756e-01,1.186093129999999940e+00,1.146133569999999935e+00,4.675283049999999774e-01,9.874517439999999646e-02
2.750273049999999841e+01,1.500000000000000000e+00,3.454842300000000033e-01,3.446632319999999861e-01,1.185568560000000105e+00,1.145564440000000017e+00,4.783981409999999990e-01,7.825595829999999753e-02
2.782273049999999870e+01,1.500000000000000000e+00,3.460022739999999986e-01,3.451933690000000277e-01,1.185046360000000076e+00,1.145004380000000044e+00,4.890889359999999741e-01,5.526723699999999684e-02
2.814273050000000254e+01,1.500000000000000000e+00,3.465123629999999899e-01,3.457152110000000222e-01,1.184534399999999987e+00,1.144453699999999907e+00,4.998334249999999979e-01,3.344365869999999658e-02
2.846273049999999927e+01,1.500000000000000000e+00,3.470147339999999914e-01,3.462290020000000079e-01,1.184043229999999891e+00,1.143913009999999897e+00,5.110039480000000411e-01,1.775146799999999941e-02
2.878273049999999955e+01,1.500000000000000000e+00,3.475096100000000243e-01,3.467349789999999987e-01,1.183575609999999889e+00,1.143382359999999931e+00,5.227464349999999538e-01,9.616957060000000390e-03
2.910273049999999984e+01,1.500000000000000000e+00,3.479972000000000065e-01,3.472333659999999877e-01,1.183125200000000099e+00,1.142861029999999944e+00,5.348659289999999622e-01,6.259324299999999806e-03
2.942273050000000012e+01,1.500000000000000000e+00,3.484777079999999971e-01,3.477243780000000006e-01,1.182685659999999972e+00,1.142348240000000015e+00,5.471425370000000399e-01,4.864901720000000193e-03
2.974273050000000040e+01,1.500000000000000000e+00,3.489513260000000061e-01,3.482082229999999834e-01,1.182253919999999958e+00,1.141843560000000091e+00,5.594685769999999669e-01,4.114667409999999900e-03
3.006273049999999714e+01,1.500000000000000000e+00,3.494182399999999911e-01,3.486850950000000005e-01,1.181828909999999899e+00,1.141346669999999897e+00,5.718092249999999765e-01,3.590084629999999982e-03
3.038273050000000453e+01,1.500000000000000000e+00,3.498786280000000248e-01,3.491551840000000073e-01,1.181410209999999905e+00,1.140857360000000043e+00,5.841542749999999451e-01,3.178947450000000046e-03
3.070273050000000126e+01,1.500000000000000000e+00,3.503326620000000169e-01,3.496186720000000192e-01,1.180997560000000002e+00,1.140375410000000089e+00,5.964995520000000440e-01,2.844144910000000106e-03
3.102273050000000154e+01,1.500000000000000000e+00,3.507805079999999909e-01,3.500757330000000001e-01,1.180590779999999951e+00,1.139900619999999920e+00,6.088422730000000449e-01,2.566443859999999882e-03
3.134273049999999827e+01,1.500000000000000000e+00,3.512223239999999747e-01,3.505265340000000007e-01,1.180189689999999958e+00,1.139432809999999963e+00,6.211801350000000221e-01,2.333029390000000095e-03
3.166273049999999856e+01,1.500000000000000000e+00,3.516582639999999982e-01,3.509712380000000187e-01,1.179794110000000007e+00,1.138971799999999979e+00,6.335110999999999937e-01,2.134673379999999909e-03
3.198273049999999884e+01,1.500000000000000000e+00,3.520884750000000118e-01,3.514099989999999729e-01,1.179403900000000061e+00,1.138517400000000013e+00,6.458333099999999938e-01,1.964512009999999816e-03
3.230273050000000268e+01,1.500000000000000000e+00,3.525131009999999954e-01,3.518429690000000054e-01,1.179018909999999920e+00,1.138069460000000088e+00,6.581450389999999873e-01,1.817325750000000099e-03
3.262273050000000296e+01,1.500000000000000000e+00,3.529322770000000165e-01,3.522702899999999859e-01,1.178638990000000053e+00,1.137627799999999967e+00,6.704446689999999931e-01,1.689073900000000010e-03
3.294273050000000325e+01,1.500000000000000000e+00,3.533461370000000046e-01,3.526921020000000073e-01,1.178264009999999917e+00,1.137192269999999894e+00,6.827306720000000384e-01,1.576580950000000059e-03
3.326273049999999643e+01,1.500000000000000000e+00,3.537548079999999762e-01,3.531085400000000263e-01,1.177893859999999959e+00,1.136762719999999893e+00,6.950015929999999731e-01,1.477318559999999965e-03
3.358273049999999671e+01,1.500000000000000000e+00,3.541584130000000052e-01,3.535197330000000027e-01,1.177528399999999920e+00,1.136339009999999927e+00,7.072560530000000512e-01,1.389250450000000013e-03
3.390273049999999699e+01,1.500000000000000000e+00,3.545570710000000014e-01,3.539258069999999812e-01,1.177167520000000023e+00,1.135920980000000080e+00,7.194927370000000488e-01,1.310719780000000039e-03
3.422273050000000438e+01,1.500000000000000000e+00,3.549508980000000147e-01,3.543268809999999824e-01,1.176811100000000110e+00,1.135508519999999910e+00,7.317103929999999590e-01,1.240365889999999914e-03
3.454273050000000467e+01,1.500000000000000000e+00,3.553400050000000143e-01,3.547230719999999726e-01,1.176459050000000062e+00,1.135101480000000107e+00,7.439078319999999911e-01,1.177061789999999959e-03
3.486273049999999785e+01,1.500000000000000000e+00,3.557244980000000001e-01,3.551144940000000028e-01,1.176111249999999941e+00,1.134699729999999906e+00,7.560839230000000466e-01,1.119866709999999942e-03
3.518273049999999813e+01,1.500000000000000000e+00,3.561044820000000000e-01,3.555012550000000160e-01,1.175767599999999913e+00,1.134303159999999977e+00,7.682375989999999932e-01,1.067989459999999988e-03
3.550273049999999841e+01,1.500000000000000000e+00,3.564800579999999885e-01,3.558834599999999848e-01,1.175428010000000079e+00,1.133911649999999938e+00,7.803678469999999479e-01,1.020760029999999994e-03
3.582273049999999870e+01,1.500000000000000000e+00,3.568513229999999981e-01,3.562612119999999938e-01,1.175092379999999936e+00,1.133525069999999912e+00,7.924737179999999936e-01,9.776070860000000019e-04
3.614273050000000609e+01,1.500000000000000000e+00,3.572183700000000073e-01,3.566346089999999913e-01,1.174760620000000033e+00,1.133143330000000004e+00,8.045543210000000167e-01,9.380402489999999918e-04
3.646273049999999927e+01,1.500000000000000000e+00,3.575812919999999950e-01,3.570037460000000107e-01,1.174432640000000028e+00,1.132766310000000054e+00,8.166088249999999826e-01,9.016357429999999817e-04
3.678273049999999955e+01,1.500000000000000000e+00,3.579401750000000271e-01,3.573687170000000024e-01,1.174108350000000023e+00,1.132393900000000064e+00,8.286364609999999908e-01,8.680248259999999612e-04
3.710273049999999984e+01,1.500000000000000000e+00,3.582951070000000016e-01,3.577296090000000039e-01,1.173787670000000061e+00,1.132026009999999916e+00,8.406365220000000527e-01,8.368842959999999885e-04
3.742273050000000012e+01,1.500000000000000000e+00,3.586461699999999864e-01,3.580865109999999962e-01,1.173470519999999961e+00,1.131662530000000055e+00,8.526083620000000085e-01,8.079286150000000027e-04
3.774273050000000040e+01,1.500000000000000000e+00,3.589934439999999949e-01,3.584395060000000188e-01,1.173156800000000111e+00,1.131303380000000081e+00,8.645514039999999678e-01,7.809033059999999707e-04
3.806273050000000069e+01,1.500000000000000000e+00,3.593370080000000133e-01,3.587886759999999731e-01,1.172846459999999924e+00,1.130948459999999933e+00,8.764651340000000346e-01,7.555793079999999998e-04
3.838273050000000097e+01,1.500000000000000000e+00,3.596769369999999744e-01,3.591341000000000117e-01,1.172539390000000070e+00,1.130597690000000100e+00,8.883491079999999984e-01,7.317480850000000411e-04
3.870273050000000126e+01,1.500000000000000000e+00,3.600133039999999784e-01,3.594758539999999836e-01,1.172235539999999965e+00,1.130250970000000077e+00,9.002029520000000007e-01,7.092172720000000478e-04
3.902273050000000154e+01,1.500000000000000000e+00,3.603461809999999876e-01,3.598140129999999881e-01,1.171934809999999993e+00,1.129908219999999908e+00,9.120263659999999772e-01,6.878067149999999696e-04
3.934273050000000183e+01,1.500000000000000000e+00,3.606756380000000206e-01,3.601486489999999874e-01,1.171637129999999916e+00,1.129569360000000078e+00,9.238191239999999915e-01,6.673447579999999520e-04
3.966273049999999500e+01,1.500000000000000000e+00,3.610017400000000154e-01,3.604798309999999728e-01,1.171342429999999935e+00,1.129234319999999903e+00,9.355810770000000387e-01,6.476646679999999850e-04
3.998273050000000239e+01,1.500000000000000000e+00,3.613245540000000200e-01,3.608076299999999903e-01,1.171050609999999992e+00,1.128903009999999929e+00,9.473121540000000174e-01,6.286010899999999735e-04
4.030273050000000268e+01,1.500000000000000000e+00,3.616441429999999735e-01,3.611321089999999789e-01,1.170761600000000069e+00,1.128575359999999916e+00,9.590123619999999516e-01,6.099864700000000436e-04
4.062273050000000296e+01,1.500000000000000000e+00,3.619605679999999825e-01,3.614533340000000150e-01,1.170475310000000047e+00,1.128251310000000007e+00,9.706817829999999647e-01,5.916474170000000097e-04
4.094273050000000325e+01,1.500000000000000000e+00,3.622738899999999873e-01,3.617713659999999831e-01,1.170191650000000028e+00,1.127930780000000022e+00,9.823205680000000051e-01,5.734010650000000327e-04
4.126273049999999643e+01,1.500000000000000000e+00,3.625841670000000128e-01,3.620862679999999889e-01,1.169910510000000015e+00,1.127613699999999941e+00,9.939289249999999631e-01,5.550516039999999537e-04
4.158273049999999671e+01,1.500000000000000000e+00,3.628914549999999739e-01,3.623980969999999746e-01,1.169631789999999949e+00,1.127300009999999908e+00,1.005507099999999987e+00,5.363874330000000445e-04
4.190273050000000410e+01,1.500000000000000000e+00,3.631958100000000078e-01,3.627069099999999935e-01,1.169355359999999955e+00,1.126989650000000065e+00,1.017055349999999914e+00,5.171797139999999553e-04
4.222273050000000438e+01,1.500000000000000000e+00,3.634972839999999761e-01,3.630127650000000150e-01,1.169081100000000095e+00,1.126682549999999949e+00,1.028573900000000041e+00,4.971837320000000024e-04
4.254273049999999756e+01,1.500000000000000000e+00,3.637959319999999885e-01,3.633157149999999835e-01,1.168808850000000010e+00,1.126378660000000087e+00,1.040062849999999983e+00,4.761452809999999910e-04
4.286273049999999785e+01,1.500000000000000000e+00,3.640918020000000199e-01,3.636158119999999827e-01,1.168538450000000006e+00,1.126077910000000015e+00,1.051522129999999944e+00,4.538152650000000163e-04
4.318273049999999813e+01,1.500000000000000000e+00,3.643849450000000156e-01,3.639131079999999852e-01,1.168269699999999967e+00,1.125780240000000099e+00,1.062951379999999890e+00,4.299764300000000075e-04
4.350273049999999841e+01,1.500000000000000000e+00,3.646754090000000059e-01,3.642076539999999918e-01,1.168002430000000036e+00,1.125485599999999975e+00,1.074349809999999961e+00,4.044855899999999743e-04
4.382273050000000580e+01,1.500000000000000000e+00,3.649632400000000221e-01,3.644994979999999773e-01,1.167736429999999936e+00,1.125193930000000009e+00,1.085716139999999941e+00,3.773312099999999837e-04
4.414273049999999898e+01,1.500000000000000000e+00,3.652484850000000116e-01,3.647886870000000004e-01,1.167471549999999914e+00,1.124905169999999899e+00,1.097048529999999911e+00,3.486976420000000086e-04
4.446273049999999927e+01,1.500000000000000000e+00,3.655311869999999796e-01,3.650752680000000083e-01,1.167207660000000091e+00,1.124619260000000009e+00,1.108344709999999900e+00,3.190143689999999947e-04
4.478273049999999955e+01,1.500000000000000000e+00,3.658113900000000140e-01,3.653592849999999781e-01,1.166944720000000046e+00,1.124336140000000039e+00,1.119602189999999942e+00,2.889581520000000098e-04
4.510273049999999984e+01,1.500000000000000000e+00,3.660891370000000089e-01,3.656407819999999975e-01,1.166682809999999959e+00,1.124055760000000070e+00,1.130818700000000065e+00,2.593819860000000062e-04
4.542273050000000012e+01,1.500000000000000000e+00,3.663644679999999987e-01,3.659198029999999879e-01,1.166422089999999967e+00,1.123778069999999962e+00,1.141992560000000045e+00,2.311758600000000008e-04
4.574273050000000040e+01,1.500000000000000000e+00,3.666374239999999896e-01,3.661963890000000110e-01,1.166162810000000105e+00,1.123503010000000080e+00,1.153122940000000041e+00,2.051053960000000123e-04
4.606273050000000069e+01,1.500000000000000000e+00,3.669080450000000160e-01,3.664705799999999902e-01,1.165905259999999943e+00,1.123230530000000060e+00,1.164209819999999951e+00,1.816912610000000065e-04
4.638273050000000097e+01,1.500000000000000000e+00,3.671763679999999752e-01,3.667424169999999872e-01,1.165649710000000061e+00,1.122960600000000086e+00,1.175253759999999925e+00,1.611679349999999879e-04
4.670273050000000126e+01,1.500000000000000000e+00,3.674424330000000127e-01,3.670119390000000092e-01,1.165396419999999988e+00,1.122693179999999957e+00,1.186255470000000090e+00,1.435168540000000023e-04
4.702273050000000154e+01,1.500000000000000000e+00,3.677062739999999996e-01,3.672791830000000091e-01,1.165145590000000064e+00,1.122428210000000037e+00,1.197215570000000007e+00,1.285404070000000128e-04
4.734273049999999472e+01,1.500000000000000000e+00,3.679679290000000269e-01,3.675441870000000222e-01,1.164897349999999943e+00,1.122165670000000004e+00,1.208134250000000076e+00,1.159415980000000026e-04
4.766273050000000211e+01,1.500000000000000000e+00,3.682274309999999939e-01,3.678069860000000024e-01,1.164651789999999965e+00,1.121905500000000000e+00,1.219011269999999980e+00,1.053882319999999959e-04
4.798273050000000239e+01,1.500000000000000000e+00,3.684848159999999928e-01,3.680676170000000136e-01,1.164408939999999948e+00,1.121647669999999986e+00,1.229845850000000018e+00,9.655528370000000175e-05
4.830273050000000268e+01,1.500000000000000000e+00,3.687401169999999784e-01,3.683261130000000105e-01,1.164168799999999893e+00,1.121392139999999982e+00,1.240636759999999894e+00,8.914799649999999461e-05
4.862273050000000296e+01,1.500000000000000000e+00,3.689933659999999893e-01,3.685825099999999743e-01,1.163931339999999981e+00,1.121138849999999909e+00,1.251382360000000027e+00,8.291131490000000297e-05
4.894273049999999614e+01,1.500000000000000000e+00,3.692445959999999805e-01,3.688368380000000002e-01,1.163696510000000073e+00,1.120887779999999889e+00,1.262080639999999976e+00,7.763101380000000441e-05
4.926273049999999643e+01,1.500000000000000000e+00,3.694938369999999916e-01,3.690891319999999864e-01,1.163464239999999927e+00,1.120638870000000065e+00,1.272729290000000013e+00,7.313050050000000535e-05
4.958273050000000381e+01,1.500000000000000000e+00,3.697411199999999787e-01,3.693394219999999728e-01,1.163234459999999970e+00,1.120392089999999952e+00,1.283325669999999974e+00,6.926581489999999953e-05
4.990273050000000410e+01,1.500000000000000000e+00,3.699864749999999813e-01,3.695877390000000262e-01,1.163007080000000082e+00,1.120147390000000076e+00,1.293866849999999902e+00,6.592025660000000236e-05
5.022273050000000438e+01,1.500000000000000000e+00,3.702299299999999849e-01,3.698341130000000199e-01,1.162782039999999961e+00,1.119904730000000015e+00,1.304349540000000029e+00,6.299935280000000016e-05
5.054273049999999756e+01,1.500000000000000000e+00,3.704715149999999735e-01,3.700785730000000218e-01,1.162559239999999994e+00,1.119664060000000072e+00,1.314770049999999912e+00,6.042645149999999887e-05
5.086273049999999785e+01,1.500000000000000000e+00,3.707112559999999890e-01,3.703211490000000161e-01,1.162338609999999939e+00,1.119425349999999986e+00,1.325124090000000088e+00,5.813900100000000298e-05
5.118273049999999813e+01,1.500000000000000000e+00,3.709491819999999884e-01,3.705618689999999882e-01,1.162120070000000061e+00,1.119188539999999898e+00,1.335406700000000058e+00,5.608546019999999737e-05
5.150273050000000552e+01,1.500000000000000000e+00,3.711853190000000136e-01,3.708007589999999798e-01,1.161903560000000057e+00,1.118953599999999993e+00,1.345611930000000012e+00,5.422273890000000018e-05
5.182273049999999870e+01,1.500000000000000000e+00,3.714196929999999952e-01,3.710378469999999762e-01,1.161688990000000032e+00,1.118720469999999967e+00,1.355732560000000086e+00,5.251405390000000182e-05
5.214273049999999898e+01,1.500000000000000000e+00,3.716523279999999763e-01,3.712731590000000192e-01,1.161476310000000067e+00,1.118489110000000064e+00,1.365759629999999891e+00,5.092708869999999739e-05
5.246273049999999927e+01,1.500000000000000000e+00,3.718832510000000258e-01,3.715067200000000125e-01,1.161265449999999921e+00,1.118259459999999983e+00,1.375681850000000095e+00,4.943235629999999901e-05
5.278273049999999955e+01,1.500000000000000000e+00,3.721124860000000201e-01,3.717385570000000250e-01,1.161056349999999959e+00,1.118031449999999927e+00,1.385484820000000061e+00,4.800168419999999760e-05
5.310273049999999984e+01,1.500000000000000000e+00,3.723400559999999748e-01,3.719686930000000169e-01,1.160848939999999940e+00,1.117805010000000099e+00,1.395149980000000012e+00,4.660677300000000189e-05
5.342273050000000012e+01,1.500000000000000000e+00,3.725659849999999884e-01,3.721971530000000028e-01,1.160643160000000007e+00,1.117580060000000097e+00,1.404653149999999906e+00,4.521713720000000226e-05
5.374273050000000040e+01,1.500000000000000000e+00,3.727902960000000210e-01,3.724239610000000256e-01,1.160438950000000080e+00,1.117356510000000025e+00,1.413963359999999891e+00,4.380137639999999785e-05
5.406273050000000069e+01,1.500000000000000000e+00,3.730130099999999782e-01,3.726491379999999909e-01,1.160236250000000080e+00,1.117134209999999905e+00,1.423040800000000106e+00,4.232452960000000004e-05
5.438273050000000097e+01,1.500000000000000000e+00,3.732341510000000140e-01,3.728727090000000244e-01,1.160034980000000049e+00,1.116913009999999984e+00,1.431835409999999920e+00,4.074653200000000116e-05
5.470273050000000126e+01,1.500000000000000000e+00,3.734537390000000068e-01,3.730946940000000045e-01,1.159835069999999968e+00,1.116692730000000022e+00,1.440284990000000098e+00,3.902916769999999994e-05
5.502273049999999444e+01,1.500000000000000000e+00,3.736717940000000016e-01,3.733151160000000024e-01,1.159636440000000102e+00,1.116473150000000025e+00,1.448316539999999986e+00,3.713788199999999972e-05
5.534273050000000183e+01,1.500000000000000000e+00,3.738883390000000140e-01,3.735339959999999793e-01,1.159439019999999987e+00,1.116254000000000079e+00,1.455848969999999909e+00,3.505089629999999729e-05
5.566273050000000211e+01,1.500000000000000000e+00,3.741033919999999791e-01,3.737513550000000073e-01,1.159242719999999949e+00,1.116035010000000050e+00,1.462799490000000091e+00,3.276838960000000246e-05
5.598273050000000239e+01,1.500000000000000000e+00,3.743169740000000245e-01,3.739672119999999933e-01,1.159047479999999908e+00,1.115815900000000083e+00,1.469093350000000076e+00,3.032004090000000164e-05
5.630273050000000268e+01,1.500000000000000000e+00,3.745291029999999743e-01,3.741815869999999822e-01,1.158853249999999946e+00,1.115596419999999922e+00,1.474675039999999937e+00,2.776607570000000122e-05
5.662273049999999586e+01,1.500000000000000000e+00,3.747397980000000128e-01,3.743945009999999907e-01,1.158660009999999962e+00,1.115376399999999935e+00,1.479517809999999933e+00,2.518919950000000132e-05
5.694273049999999614e+01,1.500000000000000000e+00,3.749490779999999912e-01,3.746059709999999821e-01,1.158467769999999897e+00,1.115155770000000102e+00,1.483628450000000099e+00,2.267925020000000132e-05
5.726273050000000353e+01,1.500000000000000000e+00,3.751569610000000110e-01,3.748160170000000013e-01,1.158276550000000071e+00,1.114934560000000019e+00,1.487045659999999936e+00,2.031637510000000073e-05
5.758273050000000381e+01,1.500000000000000000e+00,3.753634639999999800e-01,3.750246569999999835e-01,1.158086399999999960e+00,1.114712909999999946e+00,1.489832990000000024e+00,1.815888289999999843e-05
5.790273050000000410e+01,1.500000000000000000e+00,3.755686060000000270e-01,3.752319080000000029e-01,1.157897350000000047e+00,1.114490999999999898e+00,1.492069050000000008e+00,1.623873780000000165e-05
5.822273049999999728e+01,1.500000000000000000e+00,3.757724029999999771e-01,3.754377890000000217e-01,1.157709469999999907e+00,1.114269069999999973e+00,1.493837789999999943e+00,1.456381250000000025e-05
5.854273049999999756e+01,1.500000000000000000e+00,3.759748720000000155e-01,3.756423170000000034e-01,1.157522790000000024e+00,1.114047339999999942e+00,1.495220769999999977e+00,1.312393810000000039e-05
5.886273049999999785e+01,1.500000000000000000e+00,3.761760310000000218e-01,3.758455090000000220e-01,1.157337330000000053e+00,1.113826039999999962e+00,1.496292130000000054e+00,1.189780760000000029e-05
5.918273050000000524e+01,1.500000000000000000e+00,3.763758950000000159e-01,3.760473810000000139e-01,1.157153139999999913e+00,1.113605350000000049e+00,1.497116139999999929e+00,1.085888640000000013e-05
5.950273049999999841e+01,1.500000000000000000e+00,3.765744799999999892e-01,3.762479510000000249e-01,1.156970199999999949e+00,1.113385449999999999e+00,1.497746470000000052e+00,9.979632279999999490e-06
5.982273049999999159e+01,1.500000000000000000e+00,3.767718030000000162e-01,3.764472340000000194e-01,1.156788539999999976e+00,1.113166450000000030e+00,1.498226789999999919e+00,9.234074980000000536e-06
6.014273049999999898e+01,1.500000000000000000e+00,3.769678790000000057e-01,3.766452470000000163e-01,1.156608150000000057e+00,1.112948459999999917e+00,1.498591889999999927e+00,8.599123289999999960e-06
6.046273050000000637e+01,1.500000000000000000e+00,3.771627229999999775e-01,3.768420049999999799e-01,1.156429010000000090e+00,1.112731560000000064e+00,1.498869060000000086e+00,8.055021680000000675e-06
6.078273049999999955e+01,1.500000000000000000e+00,3.773563500000000071e-01,3.770375229999999855e-01,1.156251120000000077e+00,1.112515799999999944e+00,1.499079449999999980e+00,7.585302369999999949e-06
6.110273049999999984e+01,1.500000000000000000e+00,3.775487759999999748e-01,3.772318170000000248e-01,1.156074470000000076e+00,1.112301219999999979e+00,1.499239320000000042e+00,7.176476939999999597e-06
6.142273049999999301e+01,1.500000000000000000e+00,3.777400140000000128e-01,3.774249009999999793e-01,1.155899030000000050e+00,1.112087849999999989e+00,1.499361060000000023e+00,6.817622789999999617e-06
6.174273050000000040e+01,1.500000000000000000e+00,3.779300780000000026e-01,3.776167910000000072e-01,1.155724779999999896e+00,1.111875699999999911e+00,1.499454080000000022e+00,6.499955500000000383e-06
6.206273050000000779e+01,1.500000000000000000e+00,3.781189839999999913e-01,3.778075000000000183e-01,1.155551709999999899e+00,1.111664790000000069e+00,1.499525489999999905e+00,6.216434539999999826e-06
6.238273050000000097e+01,1.500000000000000000e+00,3.783067439999999726e-01,3.779970429999999770e-01,1.155379809999999896e+00,1.111455120000000019e+00,1.499580649999999959e+00,5.961421810000000346e-06
6.270273050000000126e+01,1.500000000000000000e+00,3.784933719999999946e-01,3.781854330000000153e-01,1.155209050000000071e+00,1.111246680000000042e+00,1.499623589999999895e+00,5.730396889999999744e-06
6.302273049999999444e+01,1.500000000000000000e+00,3.786788810000000227e-01,3.783726849999999864e-01,1.155039410000000100e+00,1.111039469999999918e+00,1.499657320000000071e+00,5.519725199999999788e-06
6.334273050000000183e+01,1.500000000000000000e+00,3.788632840000000224e-01,3.785588109999999951e-01,1.154870870000000105e+00,1.110833479999999929e+00,1.499684119999999954e+00,5.326472089999999928e-06
6.366273049999999500e+01,1.500000000000000000e+00,3.790465949999999862e-01,3.787438240000000067e-01,1.154703430000000086e+00,1.110628710000000074e+00,1.499705679999999930e+00,5.148255279999999889e-06
6.398273050000000239e+01,1.500000000000000000e+00,3.792288249999999916e-01,3.789277380000000139e-01,1.154537050000000065e+00,1.110425149999999972e+00,1.499723249999999952e+00,4.983128610000000007e-06
6.430273050000000978e+01,1.500000000000000000e+00,3.794099870000000041e-01,3.791105659999999822e-01,1.154371730000000040e+00,1.110222779999999965e+00,1.499737799999999899e+00,4.829490860000000396e-06
6.462273050000000296e+01,1.500000000000000000e+00,3.795900939999999890e-01,3.792923189999999889e-01,1.154207449999999913e+00,1.110021589999999891e+00,1.499750029999999956e+00,4.686014360000000110e-06
6.494273049999999614e+01,1.500000000000000000e+00,3.797691559999999966e-01,3.794730099999999995e-01,1.154044190000000025e+00,1.109821579999999974e+00,1.499760460000000073e+00,4.551589310000000153e-06
6.526273049999998932e+01,1.500000000000000000e+00,3.799471870000000195e-01,3.796526510000000076e-01,1.153881939999999995e+00,1.109622729999999891e+00,1.499769509999999917e+00,4.425280249999999939e-06
6.558273049999999671e+01,1.500000000000000000e+00,3.801241969999999970e-01,3.798312549999999788e-01,1.153720690000000104e+00,1.109425019999999984e+00,1.499777460000000007e+00,4.306292020000000025e-06
6.590273050000000410e+01,1.500000000000000000e+00,3.803001990000000054e-01,3.800088309999999914e-01,1.153560410000000092e+00,1.109228450000000032e+00,1.499784549999999994e+00,4.193943099999999843e-06
6.622273049999999728e+01,1.500000000000000000e+00,3.804752020000000123e-01,3.801853929999999826e-01,1.153401099999999957e+00,1.109033010000000097e+00,1.499790940000000017e+00,4.087644679999999917e-06
6.654273050000000467e+01,1.500000000000000000e+00,3.806492189999999831e-01,3.803609519999999744e-01,1.153242740000000044e+00,1.108838669999999915e+00,1.499796759999999951e+00,3.986884129999999712e-06
6.686273049999999785e+01,1.500000000000000000e+00,3.808222600000000235e-01,3.805355180000000170e-01,1.153085319999999969e+00,1.108645440000000093e+00,1.499802110000000077e+00,3.891211949999999630e-06
6.718273050000000524e+01,1.500000000000000000e+00,3.809943350000000173e-01,3.807091020000000214e-01,1.152928820000000076e+00,1.108453289999999924e+00,1.499807080000000070e+00,3.800231309999999917e-06
6.750273049999999841e+01,1.500000000000000000e+00,3.811654549999999864e-01,3.808817150000000096e-01,1.152773250000000083e+00,1.108262220000000076e+00,1.499811709999999909e+00,3.713589760000000025e-06
6.782273050000000580e+01,1.500000000000000000e+00,3.813356310000000082e-01,3.810533689999999751e-01,1.152618570000000009e+00,1.108072219999999941e+00,1.499816049999999956e+00,3.630972460000000097e-06
6.814273049999999898e+01,1.500000000000000000e+00,3.815048730000000221e-01,3.812240720000000249e-01,1.152464790000000017e+00,1.107883259999999925e+00,1.499820139999999968e+00,3.552096770000000192e-06
6.846273049999999216e+01,1.500000000000000000e+00,3.816731899999999955e-01,3.813938359999999861e-01,1.152311880000000066e+00,1.107695349999999967e+00,1.499824019999999924e+00,3.476707800000000022e-06
6.878273049999999955e+01,1.500000000000000000e+00,3.818405930000000059e-01,3.815626699999999927e-01,1.152159850000000096e+00,1.107508469999999967e+00,1.499827699999999986e+00,3.404574670000000210e-06
6.910273049999999273e+01,1.500000000000000000e+00,3.820070899999999936e-01,3.817305850000000111e-01,1.152008670000000068e+00,1.107322609999999985e+00,1.499831200000000031e+00,3.335487489999999807e-06
6.942273050000000012e+01,1.500000000000000000e+00,3.821726930000000078e-01,3.818975889999999818e-01,1.151858339999999981e+00,1.107137760000000082e+00,1.499834539999999938e+00,3.269254900000000069e-06
6.974273050000000751e+01,1.500000000000000000e+00,3.823374090000000169e-01,3.820636940000000092e-01,1.151708849999999895e+00,1.106953910000000096e+00,1.499837730000000091e+00,3.205701749999999855e-06
7.006273050000000069e+01,1.500000000000000000e+00,3.825012489999999876e-01,3.822289070000000066e-01,1.151560190000000095e+00,1.106771050000000089e+00,1.499840789999999924e+00,3.144667429999999949e-06
7.038273050000000808e+01,1.500000000000000000e+00,3.826642210000000266e-01,3.823932389999999959e-01,1.151412340000000034e+00,1.106589159999999961e+00,1.499843720000000102e+00,3.086004209999999998e-06
7.070273050000000126e+01,1.500000000000000000e+00,3.828263350000000176e-01,3.825566990000000001e-01,1.151265299999999936e+00,1.106408239999999932e+00,1.499846540000000061e+00,3.029575949999999974e-06
7.102273050000000865e+01,1.500000000000000000e+00,3.829875990000000119e-01,3.827192959999999866e-01,1.151119070000000022e+00,1.106228280000000064e+00,1.499849250000000023e+00,2.975256889999999811e-06
7.134273049999998761e+01,1.500000000000000000e+00,3.831480210000000053e-01,3.828810380000000069e-01,1.150973620000000031e+00,1.106049269999999973e+00,1.499851849999999986e+00,2.922930650000000011e-06
7.166273049999999500e+01,1.500000000000000000e+00,3.833076109999999925e-01,3.830419339999999728e-01,1.150828949999999962e+00,1.105871190000000004e+00,1.499854369999999992e+00,2.872489389999999867e-06
7.198273050000000239e+01,1.500000000000000000e+00,3.834663770000000249e-01,3.832019930000000185e-01,1.150685060000000037e+00,1.105694050000000095e+00,1.499856789999999940e+00,2.823832949999999850e-06
7.230273049999999557e+01,1.500000000000000000e+00,3.836243269999999872e-01,3.833612240000000004e-01,1.150541929999999935e+00,1.105517819999999984e+00,1.499859129999999929e+00,2.776868179999999813e-06
7.262273050000000296e+01,1.500000000000000000e+00,3.837814700000000134e-01,3.835196350000000254e-01,1.150399549999999937e+00,1.105342499999999895e+00,1.499861389999999961e+00,2.731508350000000029e-06
7.294273049999999614e+01,1.500000000000000000e+00,3.839378119999999894e-01,3.836772339999999781e-01,1.150257920000000045e+00,1.105168090000000047e+00,1.499863570000000035e+00,2.687672580000000179e-06
7.326273050000000353e+01,1.500000000000000000e+00,3.840933630000000210e-01,3.838340279999999938e-01,1.150117030000000096e+00,1.104994559999999959e+00,1.499865680000000090e+00,2.645285329999999834e-06
7.358273050000001092e+01,1.500000000000000000e+00,3.842481300000000211e-01,3.839900270000000115e-01,1.149976869999999929e+00,1.104821920000000013e+00,1.499867730000000066e+00,2.604276009999999791e-06
7.390273050000000410e+01,1.500000000000000000e+00,3.844021209999999855e-01,3.841452380000000000e-01,1.149837439999999988e+00,1.104650150000000108e+00,1.499869710000000023e+00,2.564578540000000057e-06
7.422273049999999728e+01,1.500000000000000000e+00,3.845553440000000212e-01,3.842996690000000104e-01,1.149698719999999952e+00,1.104479250000000023e+00,1.499871619999999961e+00,2.526130970000000159e-06
7.454273049999999046e+01,1.500000000000000000e+00,3.847078050000000138e-01,3.844533279999999831e-01,1.149560710000000041e+00,1.104309210000000041e+00,1.499873479999999981e+00,2.488875249999999799e-06
7.486273049999999785e+01,1.500000000000000000e+00,3.848595129999999864e-01,3.846062210000000259e-01,1.149423389999999934e+00,1.104140010000000061e+00,1.499875290000000083e+00,2.452756809999999864e-06
7.518273049999999103e+01,1.500000000000000000e+00,3.850104739999999914e-01,3.847583569999999953e-01,1.149286779999999952e+00,1.103971660000000021e+00,1.499877040000000106e+00,2.417724380000000086e-06
7.550273049999999841e+01,1.500000000000000000e+00,3.851606960000000246e-01,3.849097419999999992e-01,1.149150839999999896e+00,1.103804140000000045e+00,1.499878739999999988e+00,2.383729749999999859e-06
7.582273050000000580e+01,1.500000000000000000e+00,3.853101859999999990e-01,3.850603850000000050e-01,1.149015590000000087e+00,1.103637439999999970e+00,1.499880399999999891e+00,2.350727479999999945e-06
7.614273049999999898e+01,1.500000000000000000e+00,3.854589509999999941e-01,3.852102909999999825e-01,1.148881009999999980e+00,1.103471560000000018e+00,1.499881999999999938e+00,2.318674779999999919e-06
7.646273050000000637e+01,1.500000000000000000e+00,3.856069970000000069e-01,3.853594690000000100e-01,1.148747090000000082e+00,1.103306490000000029e+00,1.499883569999999944e+00,2.287531239999999942e-06
7.678273049999999955e+01,1.500000000000000000e+00,3.857543319999999776e-01,3.855079249999999735e-01,1.148613829999999947e+00,1.103142220000000062e+00,1.499885090000000032e+00,2.257258750000000049e-06
7.710273050000000694e+01,1.500000000000000000e+00,3.859009620000000140e-01,3.856556649999999808e-01,1.148481230000000020e+00,1.102978739999999958e+00,1.499886569999999919e+00,2.227821260000000124e-06
7.742273050000000012e+01,1.500000000000000000e+00,3.860468939999999738e-01,3.858026979999999995e-01,1.148349269999999978e+00,1.102816049999999937e+00,1.499888010000000049e+00,2.199184720000000105e-06
7.774273049999999330e+01,1.500000000000000000e+00,3.861921329999999930e-01,3.859490280000000273e-01,1.148217950000000043e+00,1.102654129999999899e+00,1.499889419999999918e+00,2.171316869999999860e-06
7.806273050000000069e+01,1.500000000000000000e+00,3.863366879999999837e-01,3.860946630000000046e-01,1.148087260000000054e+00,1.102492990000000006e+00,1.499890790000000029e+00,2.144187169999999989e-06
7.838273049999999387e+01,1.500000000000000000e+00,3.864805629999999992e-01,3.862396100000000110e-01,1.147957200000000011e+00,1.102332620000000096e+00,1.499892119999999940e+00,2.117766680000000123e-06
7.870273050000000126e+01,1.500000000000000000e+00,3.866237659999999798e-01,3.863838740000000160e-01,1.147827759999999975e+00,1.102173000000000069e+00,1.499893420000000033e+00,2.092027950000000001e-06
7.902273049999999444e+01,1.500000000000000000e+00,3.867663020000000063e-01,3.865274619999999883e-01,1.147698930000000006e+00,1.102014129999999925e+00,1.499894690000000086e+00,2.066944919999999958e-06
7.934273050000000183e+01,1.500000000000000000e+00,3.869081770000000198e-01,3.866703799999999802e-01,1.147570720000000044e+00,1.101855999999999947e+00,1.499895930000000099e+00,2.042492840000000211e-06
7.966273050000000922e+01,1.500000000000000000e+00,3.870493970000000172e-01,3.868126339999999885e-01,1.147443100000000049e+00,1.101698620000000073e+00,1.499897140000000073e+00,2.018648179999999897e-06
7.998273050000000239e+01,1.500000000000000000e+00,3.871899690000000227e-01,3.869542300000000101e-01,1.147316089999999900e+00,1.101541960000000042e+00,1.499898320000000007e+00,1.995388589999999891e-06
8.030273050000000978e+01,1.500000000000000000e+00,3.873298980000000058e-01,3.870951750000000136e-01,1.147189660000000000e+00,1.101386020000000077e+00,1.499899480000000063e+00,1.972692770000000007e-06
8.062273049999998875e+01,1.500000000000000000e+00,3.874691900000000189e-01,3.872354729999999967e-01,1.147063820000000067e+00,1.101230799999999954e+00,1.499900610000000079e+00,1.950540489999999919e-06
8.094273049999999614e+01,1.500000000000000000e+00,3.876078499999999760e-01,3.873751320000000109e-01,1.146938570000000102e+00,1.101076299999999897e+00,1.499901710000000055e+00,1.928912410000000198e-06
8.126273050000000353e+01,1.500000000000000000e+00,3.877458850000000123e-01,3.875141550000000268e-01,1.146813880000000063e+00,1.100922490000000087e+00,1.499902789999999930e+00,1.907790130000000166e-06
8.158273049999999671e+01,1.500000000000000000e+00,3.878832990000000147e-01,3.876525499999999846e-01,1.146689770000000053e+00,1.100769389999999959e+00,1.499903839999999988e+00,1.887156109999999937e-06
8.190273050000000410e+01,1.500000000000000000e+00,3.880200979999999800e-01,3.877903220000000206e-01,1.146566219999999969e+00,1.100616969999999917e+00,1.499904869999999946e+00,1.866993580000000087e-06
8.222273049999999728e+01,1.500000000000000000e+00,3.881562880000000160e-01,3.879274759999999933e-01,1.146443239999999975e+00,1.100465250000000061e+00,1.499905880000000025e+00,1.847286570000000071e-06
8.254273050000000467e+01,1.500000000000000000e+00,3.882918730000000096e-01,3.880640169999999833e-01,1.146320800000000029e+00,1.100314199999999909e+00,1.499906870000000003e+00,1.828019789999999907e-06
8.286273049999999785e+01,1.500000000000000000e+00,3.884268599999999849e-01,3.881999520000000148e-01,1.146198920000000010e+00,1.100163819999999903e+00,1.499907840000000103e+00,1.809178610000000098e-06
8.318273050000000524e+01,1.500000000000000000e+00,3.885612529999999953e-01,3.883352840000000028e-01,1.146077580000000040e+00,1.100014119999999984e+00,1.499908790000000103e+00,1.790749100000000088e-06
8.350273049999999841e+01,1.500000000000000000e+00,3.886950570000000105e-01,3.884700200000000270e-01,1.145956779999999897e+00,1.099865069999999889e+00,1.499909710000000063e+00,1.772717870000000010e-06
8.382273049999999159e+01,1.500000000000000000e+00,3.888282769999999999e-01,3.886041650000000014e-01,1.145836520000000025e+00,1.099716680000000002e+00,1.499910620000000083e+00,1.755072140000000092e-06
8.414273049999999898e+01,1.500000000000000000e+00,3.889609190000000161e-01,3.887377229999999795e-01,1.145716780000000101e+00,1.099568939999999939e+00,1.499911510000000003e+00,1.737799649999999905e-06
8.446273049999999216e+01,1.500000000000000000e+00,3.890929870000000013e-01,3.888707000000000136e-01,1.145597580000000004e+00,1.099421849999999923e+00,1.499912389999999984e+00,1.720888679999999923e-06
8.478273049999999955e+01,1.500000000000000000e+00,3.892244859999999806e-01,3.890031010000000178e-01,1.145478889999999916e+00,1.099275400000000014e+00,1.499913239999999925e+00,1.704327959999999921e-06
8.510273050000000694e+01,1.500000000000000000e+00,3.893554209999999793e-01,3.891349299999999900e-01,1.145360719999999999e+00,1.099129580000000050e+00,1.499914079999999927e+00,1.688106709999999970e-06
8.542273050000000012e+01,1.500000000000000000e+00,3.894857970000000225e-01,3.892661920000000109e-01,1.145243060000000090e+00,1.098984390000000033e+00,1.499914909999999990e+00,1.672214569999999971e-06
8.574273050000000751e+01,1.500000000000000000e+00,3.896156179999999969e-01,3.893968930000000217e-01,1.145125909999999969e+00,1.098839829999999962e+00,1.499915710000000013e+00,1.656641619999999937e-06
8.606273050000000069e+01,1.500000000000000000e+00,3.897448889999999833e-01,3.895270359999999932e-01,1.145009259999999918e+00,1.098695879999999958e+00,1.499916510000000036e+00,1.641378290000000094e-06
8.638273050000000808e+01,1.500000000000000000e+00,3.898736139999999795e-01,3.896566269999999776e-01,1.144893109999999936e+00,1.098552540000000022e+00,1.499917289999999959e+00,1.626415449999999934e-06
8.670273049999998705e+01,1.500000000000000000e+00,3.900017989999999823e-01,3.897856699999999730e-01,1.144777450000000085e+00,1.098409820000000092e+00,1.499918050000000003e+00,1.611744289999999897e-06
8.702273049999999444e+01,1.500000000000000000e+00,3.901294470000000181e-01,3.899141700000000044e-01,1.144662290000000082e+00,1.098267689999999908e+00,1.499918800000000108e+00,1.597356320000000102e-06
8.734273050000000183e+01,1.500000000000000000e+00,3.902565630000000008e-01,3.900421299999999869e-01,1.144547610000000049e+00,1.098126170000000013e+00,1.499919540000000051e+00,1.583243420000000105e-06
8.766273049999999500e+01,1.500000000000000000e+00,3.903831509999999838e-01,3.901695559999999730e-01,1.144433419999999924e+00,1.097985240000000084e+00,1.499920259999999894e+00,1.569397740000000018e-06
8.798273050000000239e+01,1.500000000000000000e+00,3.905092159999999923e-01,3.902964520000000159e-01,1.144319700000000051e+00,1.097844889999999962e+00,1.499920970000000020e+00,1.555811750000000055e-06
8.830273049999999557e+01,1.500000000000000000e+00,3.906347609999999970e-01,3.904228229999999744e-01,1.144206449999999986e+00,1.097705139999999968e+00,1.499921669999999985e+00,1.542478189999999925e-06
8.862273050000000296e+01,1.500000000000000000e+00,3.907597910000000230e-01,3.905486710000000139e-01,1.144093679999999891e+00,1.097565949999999901e+00,1.499922350000000071e+00,1.529390089999999968e-06
8.894273050000001035e+01,1.500000000000000000e+00,3.908843109999999843e-01,3.906740029999999919e-01,1.143981370000000108e+00,1.097427350000000024e+00,1.499923029999999935e+00,1.516540679999999978e-06
8.926273050000000353e+01,1.500000000000000000e+00,3.910083229999999910e-01,3.907988210000000184e-01,1.143869529999999912e+00,1.097289310000000073e+00,1.499923689999999921e+00,1.503923489999999991e-06
8.958273050000001092e+01,1.500000000000000000e+00,3.911318329999999843e-01,3.909231300000000076e-01,1.143758140000000090e+00,1.097151839999999989e+00,1.499924339999999967e+00,1.491532259999999955e-06
8.990273049999998989e+01,1.500000000000000000e+00,3.912548439999999905e-01,3.910469340000000127e-01,1.143647209999999914e+00,1.097014930000000055e+00,1.499924980000000074e+00,1.479360960000000022e-06
9.022273049999999728e+01,1.500000000000000000e+00,3.913773600000000075e-01,3.911702369999999762e-01,1.143536729999999890e+00,1.096878570000000108e+00,1.499925610000000020e+00,1.467403749999999969e-06
9.054273049999999046e+01,1.500000000000000000e+00,3.914993849999999775e-01,3.912930430000000070e-01,1.143426700000000018e+00,1.096742770000000089e+00,1.499926230000000027e+00,1.455655030000000023e-06
9.086273049999999785e+01,1.500000000000000000e+00,3.916209230000000097e-01,3.914153559999999921e-01,1.143317109999999914e+00,1.096607509999999897e+00,1.499926840000000094e+00,1.444109369999999970e-06
9.118273050000000524e+01,1.500000000000000000e+00,3.917419779999999907e-01,3.915371799999999847e-01,1.143207960000000023e+00,1.096472799999999914e+00,1.499927440000000001e+00,1.432761520000000034e-06
9.150273049999999841e+01,1.500000000000000000e+00,3.918625530000000023e-01,3.916585189999999828e-01,1.143099249999999900e+00,1.096338620000000041e+00,1.499928029999999968e+00,1.421606439999999933e-06
9.182273050000000580e+01,1.500000000000000000e+00,3.919826530000000142e-01,3.917793760000000125e-01,1.142990979999999990e+00,1.096204979999999995e+00,1.499928609999999995e+00,1.410639230000000103e-06
9.214273049999999898e+01,1.500000000000000000e+00,3.921022800000000252e-01,3.918997550000000163e-01,1.142883129999999969e+00,1.096071870000000059e+00,1.499929180000000084e+00,1.399855159999999903e-06
9.246273050000000637e+01,1.500000000000000000e+00,3.922214390000000050e-01,3.920196599999999920e-01,1.142775710000000000e+00,1.095939290000000010e+00,1.499929740000000011e+00,1.389249690000000016e-06
9.278273049999999955e+01,1.500000000000000000e+00,3.923401329999999798e-01,3.921390949999999931e-01,1.142668709999999921e+00,1.095807219999999971e+00,1.499930299999999939e+00,1.378818369999999971e-06
9.310273049999999273e+01,1.500000000000000000e+00,3.924583660000000029e-01,3.922580629999999902e-01,1.142562129999999954e+00,1.095675680000000041e+00,1.499930839999999987e+00,1.368556950000000021e-06
9.342273050000000012e+01,1.500000000000000000e+00,3.925761409999999896e-01,3.923765670000000094e-01,1.142455970000000098e+00,1.095544649999999898e+00,1.499931380000000036e+00,1.358461279999999934e-06
9.374273049999999330e+01,1.500000000000000000e+00,3.926934610000000214e-01,3.924946120000000205e-01,1.142350229999999911e+00,1.095414129999999986e+00,1.499931909999999924e+00,1.348527370000000061e-06
9.406273050000000069e+01,1.500000000000000000e+00,3.928103310000000126e-01,3.926122009999999940e-01,1.142244889999999957e+00,1.095284120000000083e+00,1.499932430000000094e+00,1.338751349999999914e-06
9.438273049999999387e+01,1.500000000000000000e+00,3.929267530000000175e-01,3.927293359999999844e-01,1.142139959999999954e+00,1.095154610000000028e+00,1.499932940000000103e+00,1.329129450000000008e-06
9.470273050000000126e+01,1.500000000000000000e+00,3.930427309999999785e-01,3.928460229999999886e-01,1.142035429999999963e+00,1.095025600000000043e+00,1.499933449999999890e+00,1.319658069999999986e-06
9.502273050000000865e+01,1.500000000000000000e+00,3.931582679999999774e-01,3.929622629999999783e-01,1.141931309999999922e+00,1.094897079999999967e+00,1.499933949999999960e+00,1.310333640000000030e-06
9.534273050000000183e+01,1.500000000000000000e+00,3.932733680000000120e-01,3.930780609999999786e-01,1.141827579999999953e+00,1.094769050000000021e+00,1.499934440000000091e+00,1.301152800000000020e-06
9.566273050000000922e+01,1.500000000000000000e+00,3.933880330000000258e-01,3.931934200000000157e-01,1.141724249999999996e+00,1.094641519999999923e+00,1.499934920000000060e+00,1.292112219999999948e-06
9.598273049999998818e+01,1.500000000000000000e+00,3.935022679999999884e-01,3.933083419999999775e-01,1.141621309999999889e+00,1.094514460000000078e+00,1.499935400000000030e+00,1.283208700000000063e-06
9.630273049999999557e+01,1.500000000000000000e+00,3.936160739999999825e-01,3.934228320000000001e-01,1.141518760000000077e+00,1.094387889999999919e+00,1.499935870000000060e+00,1.274439130000000095e-06
9.662273050000000296e+01,1.500000000000000000e+00,3.937294559999999777e-01,3.935368920000000270e-01,1.141416589999999953e+00,1.094261790000000012e+00,1.499936329999999929e+00,1.265800480000000066e-06
9.694273049999999614e+01,1.500000000000000000e+00,3.938424159999999730e-01,3.936505249999999734e-01,1.141314809999999902e+00,1.094136170000000075e+00,1.499936790000000020e+00,1.257289860000000079e-06
9.726273050000000353e+01,1.500000000000000000e+00,3.939549580000000217e-01,3.937637359999999753e-01,1.141213409999999984e+00,1.094011010000000006e+00,1.499937239999999949e+00,1.248904390000000062e-06
9.758273049999999671e+01,1.500000000000000000e+00,3.940670840000000119e-01,3.938765260000000046e-01,1.141112380000000037e+00,1.093886329999999907e+00,1.499937679999999940e+00,1.240641350000000103e-06
9.790273050000000410e+01,1.500000000000000000e+00,3.941787970000000252e-01,3.939888979999999763e-01,1.141011730000000002e+00,1.093762099999999959e+00,1.499938119999999930e+00,1.232498029999999900e-06
9.822273049999999728e+01,1.500000000000000000e+00,3.942901010000000039e-01,3.941008570000000266e-01,1.140911460000000099e+00,1.093638340000000042e+00,1.499938549999999982e+00,1.224471869999999907e-06
9.854273050000000467e+01,1.500000000000000000e+00,3.944009980000000026e-01,3.942124049999999880e-01,1.140811550000000008e+00,1.093515030000000054e+00,1.499938980000000033e+00,1.216560319999999979e-06
9.886273050000001206e+01,1.500000000000000000e+00,3.945114920000000192e-01,3.943235440000000258e-01,1.140711999999999948e+00,1.093392169999999997e+00,1.499939399999999923e+00,1.208760939999999948e-06
9.918273049999999103e+01,1.500000000000000000e+00,3.946215849999999969e-01,3.944342780000000270e-01,1.140612830000000022e+00,1.093269770000000030e+00,1.499939810000000096e+00,1.201071340000000038e-06
9.950273049999999841e+01,1.500000000000000000e+00,3.947312800000000177e-01,3.945446089999999906e-01,1.140514009999999967e+00,1.093147810000000053e+00,1.499940220000000046e+00,1.193489209999999915e-06
9.982273049999999159e+01,1.500000000000000000e+00,3.948405799999999966e-01,3.946545419999999971e-01,1.140415549999999945e+00,1.093026290000000067e+00,1.499940629999999997e+00,1.186012290000000065e-06
1.001427309999999977e+02,1.500000000000000000e+00,3.949494880000000152e-01,3.947640769999999910e-01,1.140317449999999955e+00,1.092905220000000011e+00,1.499941030000000008e+00,1.178638410000000027e-06
1.004627309999999909e+02,1.500000000000000000e+00,3.950580060000000171e-01,3.948732189999999975e-01,1.140219700000000058e+00,1.092784580000000005e+00,1.499941420000000081e+00,1.171365430000000085e-06
1.007827309999999983e+02,1.500000000000000000e+00,3.951661369999999729e-01,3.949819689999999883e-01,1.140122300000000033e+00,1.092664379999999991e+00,1.499941809999999931e+00,1.164191289999999965e-06
1.011027310000000057e+02,1.500000000000000000e+00,3.952738840000000198e-01,3.950903310000000168e-01,1.140025250000000101e+00,1.092544600000000088e+00,1.499942190000000064e+00,1.157113969999999965e-06
1.014227309999999989e+02,1.500000000000000000e+00,3.953812500000000174e-01,3.951983079999999982e-01,1.139928550000000040e+00,1.092425259999999954e+00,1.499942569999999975e+00,1.150131509999999961e-06
1.017427310000000062e+02,1.500000000000000000e+00,3.954882370000000202e-01,3.953059019999999868e-01,1.139832189999999912e+00,1.092306339999999931e+00,1.499942939999999947e+00,1.143242010000000050e-06
1.020627309999999994e+02,1.500000000000000000e+00,3.955948479999999989e-01,3.954131149999999817e-01,1.139736169999999937e+00,1.092187840000000021e+00,1.499943309999999919e+00,1.136443600000000013e-06
1.023827310000000068e+02,1.500000000000000000e+00,3.957010850000000080e-01,3.955199509999999807e-01,1.139640489999999895e+00,1.092069760000000000e+00,1.499943679999999890e+00,1.129734489999999921e-06
1.027027310000000000e+02,1.500000000000000000e+00,3.958069510000000180e-01,3.956264119999999829e-01,1.139545140000000067e+00,1.091952100000000092e+00,1.499944039999999923e+00,1.123112919999999954e-06
1.030227309999999932e+02,1.500000000000000000e+00,3.959124489999999996e-01,3.957325010000000143e-01,1.139450129999999950e+00,1.091834849999999912e+00,1.499944390000000016e+00,1.116577159999999978e-06
1.033427310000000006e+02,1.500000000000000000e+00,3.960175810000000074e-01,3.958382189999999912e-01,1.139355450000000047e+00,1.091718009999999905e+00,1.499944740000000110e+00,1.110125549999999900e-06
1.036627309999999937e+02,1.500000000000000000e+00,3.961223500000000119e-01,3.959435709999999942e-01,1.139261110000000077e+00,1.091601569999999910e+00,1.499945089999999981e+00,1.103756480000000021e-06
1.039827310000000011e+02,1.500000000000000000e+00,3.962267569999999850e-01,3.960485570000000233e-01,1.139167079999999999e+00,1.091485550000000027e+00,1.499945429999999913e+00,1.097468340000000007e-06
1.043027309999999943e+02,1.500000000000000000e+00,3.963308059999999799e-01,3.961531810000000209e-01,1.139073390000000074e+00,1.091369919999999993e+00,1.499945770000000067e+00,1.091259610000000060e-06
1.046227310000000017e+02,1.500000000000000000e+00,3.964344989999999957e-01,3.962574460000000132e-01,1.138980010000000043e+00,1.091254699999999911e+00,1.499946109999999999e+00,1.085128759999999925e-06
1.049427310000000091e+02,1.500000000000000000e+00,3.965378379999999758e-01,3.963613530000000273e-01,1.138886960000000004e+00,1.091139869999999901e+00,1.499946439999999992e+00,1.079074350000000097e-06
1.052627310000000023e+02,1.500000000000000000e+00,3.966408260000000019e-01,3.964649040000000069e-01,1.138794220000000079e+00,1.091025429999999963e+00,1.499946760000000046e+00,1.073094929999999973e-06
1.055827310000000097e+02,1.500000000000000000e+00,3.967434650000000174e-01,3.965681039999999768e-01,1.138701799999999986e+00,1.090911390000000036e+00,1.499947090000000038e+00,1.067189110000000017e-06
1.059027310000000028e+02,1.500000000000000000e+00,3.968457570000000212e-01,3.966709520000000211e-01,1.138609699999999947e+00,1.090797739999999960e+00,1.499947399999999931e+00,1.061355539999999990e-06
1.062227309999999960e+02,1.500000000000000000e+00,3.969477049999999840e-01,3.967734529999999982e-01,1.138517900000000083e+00,1.090684470000000017e+00,1.499947719999999984e+00,1.055592889999999940e-06
1.065427309999999892e+02,1.500000000000000000e+00,3.970493110000000159e-01,3.968756090000000181e-01,1.138426420000000050e+00,1.090571579999999985e+00,1.499948030000000099e+00,1.049899849999999983e-06
1.068627309999999966e+02,1.500000000000000000e+00,3.971505770000000046e-01,3.969774209999999970e-01,1.138335239999999970e+00,1.090459080000000025e+00,1.499948339999999991e+00,1.044275159999999997e-06
1.071827310000000040e+02,1.500000000000000000e+00,3.972515050000000048e-01,3.970788909999999894e-01,1.138244370000000005e+00,1.090346950000000037e+00,1.499948639999999944e+00,1.038717600000000002e-06
1.075027309999999972e+02,1.500000000000000000e+00,3.973520979999999869e-01,3.971800229999999932e-01,1.138153809999999933e+00,1.090235199999999960e+00,1.499948939999999897e+00,1.033225960000000057e-06
1.078227310000000045e+02,1.500000000000000000e+00,3.974523580000000056e-01,3.972808190000000073e-01,1.138063540000000096e+00,1.090123830000000016e+00,1.499949240000000072e+00,1.027799069999999940e-06
1.081427309999999977e+02,1.500000000000000000e+00,3.975522870000000042e-01,3.973812800000000034e-01,1.137973579999999929e+00,1.090012820000000104e+00,1.499949540000000026e+00,1.022435779999999927e-06
1.084627310000000051e+02,1.500000000000000000e+00,3.976518869999999817e-01,3.974814079999999805e-01,1.137883909999999998e+00,1.089902190000000104e+00,1.499949830000000039e+00,1.017134959999999943e-06
1.087827310000000125e+02,1.500000000000000000e+00,3.977511599999999925e-01,3.975812069999999920e-01,1.137794540000000021e+00,1.089791919999999914e+00,1.499950120000000053e+00,1.011895530000000092e-06
1.091027309999999915e+02,1.500000000000000000e+00,3.978501079999999801e-01,3.976806780000000097e-01,1.137705460000000057e+00,1.089682009999999979e+00,1.499950399999999906e+00,1.006716410000000058e-06
1.094227309999999989e+02,1.500000000000000000e+00,3.979487340000000262e-01,3.977798229999999768e-01,1.137616670000000108e+00,1.089572470000000015e+00,1.499950679999999981e+00,1.001596569999999915e-06
1.097427309999999920e+02,1.500000000000000000e+00,3.980470389999999914e-01,3.978786440000000035e-01,1.137528180000000111e+00,1.089463279999999923e+00,1.499950960000000055e+00,9.965349810000000596e-07
1.100627309999999994e+02,1.500000000000000000e+00,3.981450260000000130e-01,3.979771429999999777e-01,1.137439969999999967e+00,1.089354460000000024e+00,1.499951229999999969e+00,9.915306430000000415e-07
1.103827309999999926e+02,1.500000000000000000e+00,3.982426969999999788e-01,3.980753229999999809e-01,1.137352050000000059e+00,1.089245980000000058e+00,1.499951510000000043e+00,9.865825910000000656e-07
1.107027310000000000e+02,1.500000000000000000e+00,3.983400530000000273e-01,3.981731849999999850e-01,1.137264410000000003e+00,1.089137859999999902e+00,1.499951779999999957e+00,9.816898750000000739e-07
1.110227310000000074e+02,1.500000000000000000e+00,3.984370970000000178e-01,3.982707320000000162e-01,1.137177050000000023e+00,1.089030090000000062e+00,1.499952039999999931e+00,9.768515430000000011e-07
1.113427310000000006e+02,1.500000000000000000e+00,3.985338299999999778e-01,3.983679660000000178e-01,1.137089980000000056e+00,1.088922670000000092e+00,1.499952310000000066e+00,9.720667159999999409e-07
1.116627310000000080e+02,1.500000000000000000e+00,3.986302549999999889e-01,3.984648869999999898e-01,1.137003180000000002e+00,1.088815590000000055e+00,1.499952570000000041e+00,9.673344770000000610e-07
1.119827310000000011e+02,1.500000000000000000e+00,3.987263730000000228e-01,3.985614989999999858e-01,1.136916669999999963e+00,1.088708859999999889e+00,1.499952830000000015e+00,9.626539820000000525e-07
1.123027309999999943e+02,1.500000000000000000e+00,3.988221869999999947e-01,3.986578040000000045e-01,1.136830419999999897e+00,1.088602459999999938e+00,1.499953080000000050e+00,9.580243609999999360e-07
1.126227310000000017e+02,1.500000000000000000e+00,3.989176970000000155e-01,3.987538030000000178e-01,1.136744449999999906e+00,1.088496410000000081e+00,1.499953330000000085e+00,9.534447900000000046e-07
1.129427309999999949e+02,1.500000000000000000e+00,3.990129069999999722e-01,3.988494980000000245e-01,1.136658759999999990e+00,1.088390699999999933e+00,1.499953579999999898e+00,9.489144470000000294e-07
1.132627310000000023e+02,1.500000000000000000e+00,3.991078180000000031e-01,3.989448910000000237e-01,1.136573330000000048e+00,1.088285310000000061e+00,1.499953829999999932e+00,9.444325579999999556e-07
1.135827309999999954e+02,1.500000000000000000e+00,3.992024319999999959e-01,3.990399840000000142e-01,1.136488170000000020e+00,1.088180270000000061e+00,1.499954079999999967e+00,9.399982989999999704e-07
1.139027310000000028e+02,1.500000000000000000e+00,3.992967510000000053e-01,3.991347780000000234e-01,1.136403279999999905e+00,1.088075549999999891e+00,1.499954320000000063e+00,9.356109570000000287e-07
1.142227309999999960e+02,1.500000000000000000e+00,3.993907760000000029e-01,3.992292769999999935e-01,1.136318659999999925e+00,1.087971159999999937e+00,1.499954559999999937e+00,9.312697589999999732e-07
1.145427310000000034e+02,1.500000000000000000e+00,3.994845089999999876e-01,3.993234809999999801e-01,1.136234289999999980e+00,1.087867099999999976e+00,1.499954800000000033e+00,9.269739740000000111e-07
1.148627310000000108e+02,1.500000000000000000e+00,3.995779520000000140e-01,3.994173919999999822e-01,1.136150189999999949e+00,1.087763360000000068e+00,1.499955029999999967e+00,9.227228839999999730e-07
1.151827309999999898e+02,1.500000000000000000e+00,3.996711070000000254e-01,3.995110119999999987e-01,1.136066360000000053e+00,1.087659949999999931e+00,1.499955259999999901e+00,9.185158169999999623e-07
1.155027309999999972e+02,1.500000000000000000e+00,3.997639760000000209e-01,3.996043429999999730e-01,1.135982770000000031e+00,1.087556860000000070e+00,1.499955490000000058e+00,9.143520500000000034e-07
1.158227309999999903e+02,1.500000000000000000e+00,3.998565600000000275e-01,3.996973870000000151e-01,1.135899449999999922e+00,1.087454080000000101e+00,1.499955719999999992e+00,9.102309379999999800e-07
1.161427309999999977e+02,1.500000000000000000e+00,3.999488609999999889e-01,3.997901449999999857e-01,1.135816380000000070e+00,1.087351629999999902e+00,1.499955949999999927e+00,9.061518089999999954e-07
1.164627310000000051e+02,1.500000000000000000e+00,4.000408810000000148e-01,3.998826189999999947e-01,1.135733569999999970e+00,1.087249480000000101e+00,1.499956169999999922e+00,9.021140279999999698e-07
1.167827309999999983e+02,1.500000000000000000e+00,4.001326210000000216e-01,3.999748109999999857e-01,1.135651009999999905e+00,1.087147660000000071e+00,1.499956389999999917e+00,8.981169439999999768e-07
1.171027310000000057e+02,1.500000000000000000e+00,4.002240830000000082e-01,4.000667219999999857e-01,1.135568700000000097e+00,1.087046139999999994e+00,1.499956609999999912e+00,8.941599619999999756e-07
1.174227309999999989e+02,1.500000000000000000e+00,4.003152689999999736e-01,4.001583539999999939e-01,1.135486640000000103e+00,1.086944930000000031e+00,1.499956829999999908e+00,8.902424659999999552e-07
1.177427310000000062e+02,1.500000000000000000e+00,4.004061810000000277e-01,4.002497090000000091e-01,1.135404829999999921e+00,1.086844029999999961e+00,1.499957039999999964e+00,8.863638720000000206e-07
1.180627309999999994e+02,1.500000000000000000e+00,4.004968190000000039e-01,4.003407889999999747e-01,1.135323260000000056e+00,1.086743430000000066e+00,1.499957259999999959e+00,8.825235820000000142e-07
1.183827309999999926e+02,1.500000000000000000e+00,4.005871859999999840e-01,4.004315949999999735e-01,1.135241940000000005e+00,1.086643140000000063e+00,1.499957470000000015e+00,8.787210410000000403e-07
1.187027310000000000e+02,1.500000000000000000e+00,4.006772840000000224e-01,4.005221279999999773e-01,1.135160860000000049e+00,1.086543159999999952e+00,1.499957680000000071e+00,8.749556770000000359e-07
1.190227309999999932e+02,1.500000000000000000e+00,4.007671130000000081e-01,4.006123910000000121e-01,1.135080029999999907e+00,1.086443470000000078e+00,1.499957879999999966e+00,8.712269509999999513e-07
1.193427309999999864e+02,1.500000000000000000e+00,4.008566749999999956e-01,4.007023849999999943e-01,1.134999429999999920e+00,1.086344079999999934e+00,1.499958090000000022e+00,8.675343269999999599e-07
1.196627310000000080e+02,1.500000000000000000e+00,4.009459730000000111e-01,4.007921110000000064e-01,1.134919079999999969e+00,1.086244980000000027e+00,1.499958289999999916e+00,8.638772569999999797e-07
1.199827310000000011e+02,1.500000000000000000e+00,4.010350069999999989e-01,4.008815709999999921e-01,1.134838959999999952e+00,1.086146190000000011e+00,1.499958490000000033e+00,8.602552599999999599e-07
1.203027309999999943e+02,1.500000000000000000e+00,4.011237779999999864e-01,4.009707670000000057e-01,1.134759080000000031e+00,1.086047680000000071e+00,1.499958689999999928e+00,8.566678079999999968e-07
1.206227310000000159e+02,1.500000000000000000e+00,4.012122900000000270e-01,4.010597000000000190e-01,1.134679439999999984e+00,1.085949470000000083e+00,1.499958890000000045e+00,8.531143949999999491e-07
1.209427310000000091e+02,1.500000000000000000e+00,4.013005419999999823e-01,4.011483719999999753e-01,1.134600019999999931e+00,1.085851550000000110e+00,1.499959089999999939e+00,8.495945659999999661e-07
1.212627310000000023e+02,1.500000000000000000e+00,4.013885369999999897e-01,4.012367840000000130e-01,1.134520839999999975e+00,1.085753909999999989e+00,1.499959279999999895e+00,8.461078120000000015e-07
1.215827309999999812e+02,1.500000000000000000e+00,4.014762760000000208e-01,4.013249369999999927e-01,1.134441899999999892e+00,1.085656560000000104e+00,1.499959470000000072e+00,8.426536800000000001e-07
1.219027310000000028e+02,1.500000000000000000e+00,4.015637610000000191e-01,4.014128339999999961e-01,1.134363180000000026e+00,1.085559500000000011e+00,1.499959660000000028e+00,8.392317019999999583e-07
1.222227309999999960e+02,1.500000000000000000e+00,4.016509919999999845e-01,4.015004750000000233e-01,1.134284690000000095e+00,1.085462719999999992e+00,1.499959849999999983e+00,8.358414319999999524e-07
1.225427309999999892e+02,1.500000000000000000e+00,4.017379719999999987e-01,4.015878620000000176e-01,1.134206430000000099e+00,1.085366220000000048e+00,1.499960039999999939e+00,8.324824210000000477e-07
1.228627310000000108e+02,1.500000000000000000e+00,4.018247010000000063e-01,4.016749969999999781e-01,1.134128390000000097e+00,1.085269999999999957e+00,1.499960219999999955e+00,8.291542459999999802e-07
1.231827310000000040e+02,1.500000000000000000e+00,4.019111819999999780e-01,4.017618809999999874e-01,1.134050580000000030e+00,1.085174059999999940e+00,1.499960409999999911e+00,8.258564659999999503e-07
1.235027309999999972e+02,1.500000000000000000e+00,4.019974159999999963e-01,4.018485150000000172e-01,1.133972989999999958e+00,1.085078399999999998e+00,1.499960589999999927e+00,8.225886660000000406e-07
1.238227309999999903e+02,1.500000000000000000e+00,4.020834030000000059e-01,4.019349019999999828e-01,1.133895620000000104e+00,1.084983009999999970e+00,1.499960769999999943e+00,8.193504449999999613e-07
1.241427310000000119e+02,1.500000000000000000e+00,4.021691459999999774e-01,4.020210410000000234e-01,1.133818470000000023e+00,1.084887900000000016e+00,1.499960949999999960e+00,8.161413859999999996e-07
1.244627309999999909e+02,1.500000000000000000e+00,4.022546450000000218e-01,4.021069349999999987e-01,1.133741550000000098e+00,1.084793059999999976e+00,1.499961120000000037e+00,8.129611020000000222e-07
1.247827309999999841e+02,1.500000000000000000e+00,4.023399029999999987e-01,4.021925849999999913e-01,1.133664840000000007e+00,1.084698490000000071e+00,1.499961300000000053e+00,8.098091890000000459e-07
1.251027310000000057e+02,1.500000000000000000e+00,4.024249200000000193e-01,4.022779919999999731e-01,1.133588349999999911e+00,1.084604190000000079e+00,1.499961469999999908e+00,8.066852900000000463e-07
1.254227309999999989e+02,1.500000000000000000e+00,4.025096980000000269e-01,4.023631579999999985e-01,1.133512070000000094e+00,1.084510150000000062e+00,1.499961649999999924e+00,8.035890149999999850e-07
1.257427309999999920e+02,1.500000000000000000e+00,4.025942379999999932e-01,4.024480839999999837e-01,1.133436010000000049e+00,1.084416389999999897e+00,1.499961820000000001e+00,8.005199960000000095e-07
1.260627310000000136e+02,1.500000000000000000e+00,4.026785410000000009e-01,4.025327710000000114e-01,1.133360160000000061e+00,1.084322879999999989e+00,1.499961990000000078e+00,7.974778679999999604e-07
1.263827310000000068e+02,1.500000000000000000e+00,4.027626100000000209e-01,4.026172210000000251e-01,1.133284530000000068e+00,1.084229639999999995e+00,1.499962159999999933e+00,7.944622800000000467e-07
1.267027310000000000e+02,1.500000000000000000e+00,4.028464440000000257e-01,4.027014349999999965e-01,1.133209099999999969e+00,1.084136669999999913e+00,1.499962320000000071e+00,7.914728690000000105e-07
1.270099999999999909e+02,1.500000000000000000e+00,4.029267240000000139e-01,4.027820779999999878e-01,1.133136869999999963e+00,1.084047629999999929e+00,1.499962479999999987e+00,7.886262250000000059e-07
1.270319999999999965e+02,0.000000000000000000e+00,2.285837749999999891e-01,3.906010979999999799e-01,1.138644559999999917e+00,1.089349860000000003e+00,9.747073250000000133e-01,-1.353931459999999955e-02
1.272766550000000052e+02,0.000000000000000000e+00,3.762261040000000056e-01,2.214088889999999976e-01,1.270654689999999976e+00,1.233266570000000062e+00,7.286017459999999998e-04,3.158950319999999910e-04
1.275966549999999984e+02,0.000000000000000000e+00,4.064653340000000115e-01,9.071980270000000457e-02,1.378840250000000101e+00,1.357622560000000034e+00,2.851452349999999774e-04,1.723291560000000098e-04
1.279166550000000058e+02,0.000000000000000000e+00,4.227297819999999984e-01,3.454400920000000319e-02,1.437696939999999923e+00,1.426418490000000094e+00,1.843368709999999942e-04,1.132933020000000005e-04
1.282366550000000132e+02,0.000000000000000000e+00,4.338122750000000249e-01,1.287322790000000085e-02,1.468362149999999922e+00,1.462542309999999901e+00,1.383922590000000077e-04,7.950504599999999773e-05
1.285566550000000063e+02,0.000000000000000000e+00,4.421542399999999762e-01,4.766125020000000316e-03,1.484024830000000073e+00,1.481061130000000059e+00,1.109176280000000067e-04,5.868007910000000167e-05
1.288766549999999995e+02,0.000000000000000000e+00,4.488083569999999911e-01,1.760873820000000015e-03,1.491950619999999894e+00,1.490449169999999990e+00,9.230048110000000131e-05,4.500097230000000322e-05
1.291966550000000211e+02,0.000000000000000000e+00,4.543259780000000192e-01,6.501915319999999844e-04,1.495943900000000104e+00,1.495183670000000076e+00,7.863087100000000029e-05,3.543685599999999911e-05
1.295166550000000143e+02,0.000000000000000000e+00,4.590306439999999877e-01,2.401124929999999894e-04,1.497952060000000030e+00,1.497565899999999894e+00,6.797288069999999412e-05,2.837087009999999924e-05
1.298366549999999791e+02,0.000000000000000000e+00,4.631272830000000007e-01,8.873770489999999785e-05,1.498961379999999899e+00,1.498763749999999950e+00,5.929328660000000167e-05,2.292054629999999916e-05
1.301566550000000007e+02,0.000000000000000000e+00,4.667531879999999855e-01,3.284616840000000298e-05,1.499468880000000004e+00,1.499366289999999990e+00,5.201292049999999738e-05,1.858652870000000019e-05
1.304766549999999938e+02,0.000000000000000000e+00,4.700044529999999887e-01,1.219335940000000012e-05,1.499724370000000029e+00,1.499669820000000042e+00,4.578861999999999868e-05,1.507129230000000046e-05
1.307966549999999870e+02,0.000000000000000000e+00,4.729507600000000256e-01,4.548342800000000393e-06,1.499853319999999934e+00,1.499823130000000004e+00,4.040291319999999778e-05,1.218588909999999951e-05
1.311166549999999802e+02,0.000000000000000000e+00,4.756441450000000182e-01,1.707809830000000063e-06,1.499918679999999949e+00,1.499900940000000071e+00,3.570751409999999980e-05,9.801842470000000015e-06
1.314366550000000018e+02,0.000000000000000000e+00,4.781244390000000122e-01,6.442788539999999683e-07,1.499952050000000092e+00,1.499940760000000095e+00,3.159406709999999758e-05,7.826067069999999680e-06
1.317566549999999950e+02,0.000000000000000000e+00,4.804227850000000188e-01,2.400065859999999935e-07,1.499969289999999900e+00,1.499961410000000051e+00,2.797873570000000064e-05,6.187526040000000067e-06
1.320766549999999881e+02,0.000000000000000000e+00,4.825639820000000024e-01,8.195224160000000247e-08,1.499978390000000106e+00,1.499972370000000055e+00,2.479385369999999924e-05,4.829899389999999816e-06
1.323966550000000097e+02,0.000000000000000000e+00,4.845680880000000079e-01,1.717426729999999964e-08,1.499983339999999998e+00,1.499978379999999945e+00,2.198320849999999978e-05,3.707364519999999905e-06
1.327166550000000029e+02,0.000000000000000000e+00,4.864515569999999789e-01,-1.121643599999999934e-08,1.499986169999999897e+00,1.499981859999999889e+00,1.949922229999999959e-05,2.782018130000000125e-06
1.330366549999999961e+02,0.000000000000000000e+00,4.882280509999999962e-01,-2.459361759999999893e-08,1.499987900000000041e+00,1.499984009999999923e+00,1.730114749999999934e-05,2.022189370000000075e-06
1.333566549999999893e+02,0.000000000000000000e+00,4.899090369999999917e-01,-3.116235289999999971e-08,1.499989039999999996e+00,1.499985450000000053e+00,1.535382619999999960e-05,1.401258220000000097e-06
1.336766550000000109e+02,0.000000000000000000e+00,4.915042330000000126e-01,-3.421407800000000287e-08,1.499989849999999958e+00,1.499986510000000051e+00,1.362677870000000079e-05,8.967765399999999564e-07
1.339966550000000041e+02,0.000000000000000000e+00,4.930219479999999876e-01,-3.518110400000000255e-08,1.499990490000000065e+00,1.499987329999999952e+00,1.209349629999999920e-05,4.897831500000000271e-07
1.343166549999999972e+02,0.000000000000000000e+00,4.944693399999999794e-01,-3.477108560000000162e-08,1.499991010000000013e+00,1.499988019999999977e+00,1.073087260000000059e-05,1.642522509999999913e-07
1.346366550000000188e+02,0.000000000000000000e+00,4.958526169999999955e-01,-3.339193380000000090e-08,1.499991450000000004e+00,1.499988600000000005e+00,9.518731280000000835e-06,-9.336065269999999816e-08
1.349566550000000120e+02,0.000000000000000000e+00,4.971772039999999837e-01,-3.131394199999999973e-08,1.499991840000000076e+00,1.499989129999999893e+00,8.439430330000000582e-06,-2.944977169999999737e-07
1.352766550000000052e+02,0.000000000000000000e+00,4.984478640000000182e-01,-2.873411260000000057e-08,1.499992200000000109e+00,1.499989589999999984e+00,7.477524009999999622e-06,-4.488177269999999784e-07
1.355966549999999984e+02,0.000000000000000000e+00,4.996688040000000219e-01,-2.580368210000000022e-08,1.499992519999999940e+00,1.499990020000000035e+00,6.619474029999999922e-06,-5.644659109999999619e-07
1.359166549999999916e+02,0.000000000000000000e+00,5.008437569999999450e-01,-2.264146159999999896e-08,1.499992809999999954e+00,1.499990410000000107e+00,5.853400859999999881e-06,-6.483028589999999965e-07
1.362366549999999847e+02,0.000000000000000000e+00,5.019760519999999504e-01,-1.934143230000000143e-08,1.499993080000000090e+00,1.499990769999999918e+00,5.168869289999999954e-06,-7.060990519999999524e-07
1.365566549999999779e+02,0.000000000000000000e+00,5.030686690000000238e-01,-1.597778840000000124e-08,1.499993329999999903e+00,1.499991099999999911e+00,4.556703020000000294e-06,-7.427003240000000106e-07
1.368766549999999995e+02,0.000000000000000000e+00,5.041242879999999760e-01,-1.260867310000000063e-08,1.499993569999999998e+00,1.499991410000000025e+00,4.008824279999999617e-06,-7.621686410000000481e-07
1.371966549999999927e+02,0.000000000000000000e+00,5.051453249999999784e-01,-9.279126600000000559e-09,1.499993780000000054e+00,1.499991700000000039e+00,3.518114769999999828e-06,-7.679019080000000265e-07
1.375166549999999859e+02,0.000000000000000000e+00,5.061339679999999897e-01,-6.023482589999999716e-09,1.499993990000000110e+00,1.499991969999999952e+00,3.078295049999999861e-06,-7.627359040000000304e-07
1.378366550000000075e+02,0.000000000000000000e+00,5.070922030000000191e-01,-2.867345119999999798e-09,1.499994180000000066e+00,1.499992229999999926e+00,2.683819869999999906e-06,-7.490310039999999671e-07
1.381566550000000007e+02,0.000000000000000000e+00,5.080218410000000295e-01,1.707734890000000127e-10,1.499994349999999921e+00,1.499992460000000083e+00,2.329787110000000163e-06,-7.287459240000000481e-07
1.384766549999999938e+02,0.000000000000000000e+00,5.089245350000000112e-01,3.078093570000000049e-09,1.499994519999999998e+00,1.499992690000000017e+00,2.011858690000000030e-06,-7.035004130000000354e-07
1.387966549999999870e+02,0.000000000000000000e+00,5.098017980000000282e-01,5.846440880000000122e-09,1.499994679999999914e+00,1.499992900000000073e+00,1.726191640000000047e-06,-6.746285239999999926e-07
1.391166550000000086e+02,0.000000000000000000e+00,5.106550199999999595e-01,8.471313130000000275e-09,1.499994829999999890e+00,1.499993099999999968e+00,1.469378040000000030e-06,-6.432238559999999704e-07
1.394366550000000018e+02,0.000000000000000000e+00,5.114854819999999913e-01,1.095110950000000009e-08,1.499994969999999928e+00,1.499993279999999984e+00,1.238392690000000031e-06,-6.101779450000000382e-07
1.397566549999999950e+02,0.000000000000000000e+00,5.122943620000000031e-01,1.328649509999999965e-08,1.499995109999999965e+00,1.499993460000000001e+00,1.030547359999999979e-06,-5.762128379999999677e-07
1.400766550000000166e+02,0.000000000000000000e+00,5.130827510000000036e-01,1.547987990000000008e-08,1.499995229999999902e+00,1.499993630000000078e+00,8.434508750000000495e-07,-5.419086970000000511e-07
1.403966550000000097e+02,0.000000000000000000e+00,5.138516600000000434e-01,1.753499159999999850e-08,1.499995350000000061e+00,1.499993789999999994e+00,6.749741569999999536e-07,-5.077271720000000193e-07
1.407166550000000029e+02,0.000000000000000000e+00,5.146020260000000457e-01,1.945652799999999855e-08,1.499995469999999997e+00,1.499993939999999970e+00,5.232196660000000021e-07,-4.740311889999999888e-07
1.410366549999999961e+02,0.000000000000000000e+00,5.153347200000000239e-01,2.124987509999999992e-08,1.499995579999999995e+00,1.499994089999999947e+00,3.864945859999999748e-07,-4.411016609999999894e-07
1.413566550000000177e+02,0.000000000000000000e+00,5.160505530000000229e-01,2.292088019999999878e-08,1.499995680000000053e+00,1.499994229999999984e+00,2.632873159999999754e-07,-4.091516140000000125e-07
1.416766550000000109e+02,0.000000000000000000e+00,5.167502830000000325e-01,2.447566940000000076e-08,1.499995779999999890e+00,1.499994360000000082e+00,1.522468289999999885e-07,-3.783380859999999772e-07
1.419966550000000041e+02,0.000000000000000000e+00,5.174346170000000411e-01,2.592050389999999998e-08,1.499995870000000009e+00,1.499994480000000019e+00,5.216452570000000026e-08,-3.487721570000000083e-07
1.423166549999999972e+02,0.000000000000000000e+00,5.181042150000000346e-01,2.726166610000000063e-08,1.499995959999999906e+00,1.499994599999999956e+00,-3.804172999999999742e-08,-3.205273749999999793e-07
1.426366549999999904e+02,0.000000000000000000e+00,5.187596989999999630e-01,2.850537159999999882e-08,1.499996050000000025e+00,1.499994719999999893e+00,-1.193416729999999893e-07,-2.936468359999999963e-07
1.429566549999999836e+02,0.000000000000000000e+00,5.194016500000000480e-01,2.965770229999999935e-08,1.499996129999999983e+00,1.499994829999999890e+00,-1.926050359999999948e-07,-2.681491060000000151e-07
1.432766550000000052e+02,0.000000000000000000e+00,5.200306129999999749e-01,3.072455619999999965e-08,1.499996209999999941e+00,1.499994940000000110e+00,-2.586124919999999979e-07,-2.440331840000000046e-07
1.435966549999999984e+02,0.000000000000000000e+00,5.206471040000000272e-01,3.171161080000000134e-08,1.499996289999999899e+00,1.499995039999999946e+00,-3.180653230000000166e-07,-2.212826280000000107e-07
1.439166549999999916e+02,0.000000000000000000e+00,5.212516059999999785e-01,3.262429849999999904e-08,1.499996359999999918e+00,1.499995130000000065e+00,-3.715939759999999778e-07,-1.998689909999999950e-07
1.442366549999999847e+02,0.000000000000000000e+00,5.218445760000000044e-01,3.346778969999999978e-08,1.499996429999999936e+00,1.499995229999999902e+00,-4.197656260000000213e-07,-1.797546720000000118e-07
1.445566550000000063e+02,0.000000000000000000e+00,5.224264440000000453e-01,3.424698489999999904e-08,1.499996499999999955e+00,1.499995320000000021e+00,-4.630908950000000169e-07,-1.608952610000000062e-07
1.448766549999999995e+02,0.000000000000000000e+00,5.229976189999999692e-01,3.496651019999999743e-08,1.499996569999999974e+00,1.499995409999999918e+00,-5.020298030000000294e-07,-1.432414779999999922e-07
1.451966549999999927e+02,0.000000000000000000e+00,5.235584840000000462e-01,3.563071940000000309e-08,1.499996630000000053e+00,1.499995490000000098e+00,-5.369970530000000079e-07,-1.267407489999999992e-07
1.455166550000000143e+02,0.000000000000000000e+00,5.241094059999999999e-01,3.624369740000000296e-08,1.499996689999999910e+00,1.499995570000000056e+00,-5.683667349999999617e-07,-1.113384940000000061e-07
1.458366550000000075e+02,0.000000000000000000e+00,5.246507299999999541e-01,3.680926849999999684e-08,1.499996749999999990e+00,1.499995650000000014e+00,-5.964765060000000359e-07,-9.697916459999999396e-08
1.461566550000000007e+02,0.000000000000000000e+00,5.251827839999999581e-01,3.733100439999999998e-08,1.499996810000000069e+00,1.499995720000000032e+00,-6.216313200000000123e-07,-8.360707270000000381e-08
1.464766549999999938e+02,0.000000000000000000e+00,5.257058789999999870e-01,3.781223449999999836e-08,1.499996859999999987e+00,1.499995799999999990e+00,-6.441067470000000204e-07,-7.116704949999999884e-08
1.467966550000000154e+02,0.000000000000000000e+00,5.262203119999999679e-01,3.825605760000000041e-08,1.499996909999999906e+00,1.499995870000000009e+00,-6.641519369999999604e-07,-5.960495729999999800e-08
1.471166550000000086e+02,0.000000000000000000e+00,5.267263650000000297e-01,3.866535310000000086e-08,1.499996960000000046e+00,1.499995930000000088e+00,-6.819922730000000208e-07,-4.886808519999999861e-08
1.474366550000000018e+02,0.000000000000000000e+00,5.272243049999999487e-01,3.904279330000000288e-08,1.499997009999999964e+00,1.499996000000000107e+00,-6.978317320000000318e-07,-3.890544199999999859e-08
1.477566550000000234e+02,0.000000000000000000e+00,5.277143880000000342e-01,3.939085519999999866e-08,1.499997060000000104e+00,1.499996059999999964e+00,-7.118550129999999850e-07,-2.966797190000000067e-08
1.480766549999999881e+02,0.000000000000000000e+00,5.281968580000000468e-01,3.971183209999999959e-08,1.499997110000000022e+00,1.499996120000000044e+00,-7.242294249999999994e-07,-2.110870020000000101e-08
1.483966549999999813e+02,0.000000000000000000e+00,5.286719469999999754e-01,4.000784589999999884e-08,1.499997150000000001e+00,1.499996179999999901e+00,-7.351065949999999530e-07,-1.318282729999999920e-08
1.487166549999999745e+02,0.000000000000000000e+00,5.291398769999999807e-01,4.028085779999999952e-08,1.499997199999999919e+00,1.499996239999999981e+00,-7.446239920000000350e-07,-5.847775490000000221e-09
1.490366549999999961e+02,0.000000000000000000e+00,5.296008610000000338e-01,4.053267920000000003e-08,1.499997239999999898e+00,1.499996300000000060e+00,-7.529062990000000048e-07,9.367934760000000455e-10
1.493566549999999893e+02,0.000000000000000000e+00,5.300551009999999730e-01,4.076498219999999904e-08,1.499997280000000099e+00,1.499996349999999978e+00,-7.600666390000000397e-07,7.208997999999999594e-09
1.496766549999999825e+02,0.000000000000000000e+00,5.305027909999999736e-01,4.097930940000000189e-08,1.499997320000000078e+00,1.499996399999999896e+00,-7.662076890000000111e-07,1.300476850000000031e-08
1.499966550000000041e+02,0.000000000000000000e+00,5.309441169999999932e-01,4.117708300000000203e-08,1.499997360000000057e+00,1.499996459999999976e+00,-7.714226710000000094e-07,1.835790300000000019e-08
