time,Vclk,Vs,Vcpp,Vcpn,Voutp,Voutn
0.000000000000000000e+00,0.000000000000000000e+00,6.986201300000000058e-01,1.499999960000000021e+00,1.499999950000000082e+00,1.424074479999999965e-07,1.424074420000000012e-07
5.120000000000000245e-02,0.000000000000000000e+00,6.986201300000000058e-01,1.499999960000000021e+00,1.499999950000000082e+00,1.424074479999999965e-07,1.424074420000000012e-07
3.712000000000000299e-01,0.000000000000000000e+00,6.986201300000000058e-01,1.499999960000000021e+00,1.499999950000000082e+00,1.424074479999999965e-07,1.424074420000000012e-07
6.911999999999999256e-01,0.000000000000000000e+00,6.986201300000000058e-01,1.499999960000000021e+00,1.499999950000000082e+00,1.424074479999999965e-07,1.424074420000000012e-07
1.011199999999999877e+00,0.000000000000000000e+00,6.986201300000000058e-01,1.499999960000000021e+00,1.499999950000000082e+00,1.424074479999999965e-07,1.424074420000000012e-07
1.331199999999999939e+00,0.000000000000000000e+00,6.986201300000000058e-01,1.499999960000000021e+00,1.499999950000000082e+00,1.424074479999999965e-07,1.424074420000000012e-07
1.651200000000000001e+00,0.000000000000000000e+00,6.986201300000000058e-01,1.499999960000000021e+00,1.499999950000000082e+00,1.424074479999999965e-07,1.424074420000000012e-07
1.971200000000000063e+00,0.000000000000000000e+00,6.986201300000000058e-01,1.499999960000000021e+00,1.499999950000000082e+00,1.424074479999999965e-07,1.424074420000000012e-07
2.015600000000000058e+00,1.500000000000000000e+00,7.053800490000000645e-02,1.503101510000000030e+00,1.503077549999999984e+00,-7.207189140000000438e-02,-7.207135509999999801e-02
2.244476810000000100e+00,1.500000000000000000e+00,5.870503929999999759e-02,1.464378729999999962e+00,1.461508220000000025e+00,-7.363473260000000242e-02,-7.353860939999999624e-02
2.564476809999999940e+00,1.500000000000000000e+00,5.769346570000000174e-02,1.410583989999999899e+00,1.403797879999999942e+00,-7.586273420000000378e-02,-7.563410310000000247e-02
2.884476810000000224e+00,1.500000000000000000e+00,5.703507249999999890e-02,1.357251369999999957e+00,1.346628179999999952e+00,-7.804104500000000333e-02,-7.769050449999999330e-02
3.204476810000000064e+00,1.500000000000000000e+00,5.647182240000000325e-02,1.304389500000000091e+00,1.290010080000000059e+00,-8.000169000000000030e-02,-7.958894539999999962e-02
3.524476809999999904e+00,1.500000000000000000e+00,5.592702880000000043e-02,1.252008299999999963e+00,1.233956969999999931e+00,-8.102608029999999739e-02,-8.086334400000000366e-02
3.844476810000000189e+00,1.500000000000000000e+00,5.537899439999999923e-02,1.200123019999999929e+00,1.178491170000000032e+00,-7.813588289999999492e-02,-7.971180890000000019e-02
4.164476810000000029e+00,1.500000000000000000e+00,5.482097570000000336e-02,1.148762690000000086e+00,1.123655159999999986e+00,-6.068120760000000197e-02,-6.973358570000000312e-02
4.484476810000000313e+00,1.500000000000000000e+00,5.425156810000000135e-02,1.097978640000000006e+00,1.069517959999999990e+00,-3.065225229999999929e-03,-3.363488669999999819e-02
4.804476809999999709e+00,1.500000000000000000e+00,5.367091689999999721e-02,1.047840780000000027e+00,1.016166619999999909e+00,1.296708960000000077e-01,5.733933029999999792e-02
5.124476809999999993e+00,1.500000000000000000e+00,5.307970719999999948e-02,9.984128869999999711e-01,9.636787300000000389e-01,3.632700879999999910e-01,2.293381929999999957e-01
5.444476810000000278e+00,1.500000000000000000e+00,5.247473450000000178e-02,9.493005279999999768e-01,9.120703169999999638e-01,6.811315279999999861e-01,3.208315820000000040e-01
5.764476809999999674e+00,1.500000000000000000e+00,5.184901659999999884e-02,8.992921019999999821e-01,8.614184270000000421e-01,1.068572199999999972e+00,7.659430870000000051e-03
6.084476809999999958e+00,1.500000000000000000e+00,5.121627179999999752e-02,8.506590330000000089e-01,8.118012279999999858e-01,1.467554770000000008e+00,1.057172589999999914e-03
6.404476810000000242e+00,1.500000000000000000e+00,5.056083930000000032e-02,8.027619839999999840e-01,7.616158549999999527e-01,1.498481809999999914e+00,1.666852379999999917e-04
6.724476809999999638e+00,1.500000000000000000e+00,4.988806679999999855e-02,7.555327600000000254e-01,7.119405659999999969e-01,1.498866660000000017e+00,9.962721030000000271e-05
7.044476809999999922e+00,1.500000000000000000e+00,4.919787569999999749e-02,7.089190950000000546e-01,6.629666140000000096e-01,1.498998550000000041e+00,7.812243999999999872e-05
7.364476810000000206e+00,1.500000000000000000e+00,4.848875679999999772e-02,6.629199180000000524e-01,6.147139569999999775e-01,1.499084599999999989e+00,6.780660880000000373e-05
7.684476810000000491e+00,1.500000000000000000e+00,4.775868610000000292e-02,6.175456070000000519e-01,5.672040529999999858e-01,1.499148300000000100e+00,6.159485159999999765e-05
8.004476809999999887e+00,1.500000000000000000e+00,4.700470899999999869e-02,5.728106760000000186e-01,5.204619249999999919e-01,1.499198899999999890e+00,5.716124159999999929e-05
8.324476810000000171e+00,1.500000000000000000e+00,4.622224550000000182e-02,5.287324340000000289e-01,4.745180929999999742e-01,1.499241080000000004e+00,5.359144410000000189e-05
8.644476810000000455e+00,1.500000000000000000e+00,4.540382510000000316e-02,4.853311299999999995e-01,4.294119949999999908e-01,1.499277619999999978e+00,5.049181640000000016e-05
8.964476809999998963e+00,1.500000000000000000e+00,4.453674109999999908e-02,4.426309310000000052e-01,3.851982569999999884e-01,1.499310359999999953e+00,4.768410899999999764e-05
9.284476810000001024e+00,1.500000000000000000e+00,4.359872979999999953e-02,4.006619169999999786e-01,3.419582529999999898e-01,1.499340789999999979e+00,4.508571089999999947e-05
9.604476810000001308e+00,1.500000000000000000e+00,4.254929140000000137e-02,3.594640150000000256e-01,2.998217630000000189e-01,1.499370370000000063e+00,4.261326999999999867e-05
9.924476809999999816e+00,1.500000000000000000e+00,4.132146290000000138e-02,3.190938409999999892e-01,2.590021650000000064e-01,1.499400779999999989e+00,4.033432969999999827e-05
1.024447680000000105e+01,1.500000000000000000e+00,3.980239029999999706e-02,2.796394939999999885e-01,2.198513890000000082e-01,1.499434270000000069e+00,3.823653810000000115e-05
1.056447679999999956e+01,1.500000000000000000e+00,3.783277780000000173e-02,2.412520860000000045e-01,1.829225280000000009e-01,1.499473669999999981e+00,3.631048670000000035e-05
1.088447679999999984e+01,1.500000000000000000e+00,3.524659000000000125e-02,2.042009800000000042e-01,1.489683709999999883e-01,1.499521120000000041e+00,3.469371090000000139e-05
1.120447680000000013e+01,1.500000000000000000e+00,3.195335559999999686e-02,1.689562789999999870e-01,1.188102999999999937e-01,1.499576809999999982e+00,3.344769610000000232e-05
1.152447679999999863e+01,1.500000000000000000e+00,2.802753079999999869e-02,1.362386839999999988e-01,9.305631139999999413e-02,1.499637579999999915e+00,3.260010539999999991e-05
1.184447680000000069e+01,1.500000000000000000e+00,2.372309779999999882e-02,1.069252269999999977e-01,7.185339599999999993e-02,1.499698240000000071e+00,3.203240569999999668e-05
1.216447680000000098e+01,1.500000000000000000e+00,1.937436169999999860e-02,8.178176830000000175e-02,5.488276739999999737e-02,1.499754330000000024e+00,3.144611969999999685e-05
1.248447679999999949e+01,1.500000000000000000e+00,1.532568169999999966e-02,6.117171080000000094e-02,4.155538889999999680e-02,1.499803259999999971e+00,3.056282749999999669e-05
1.280447679999999977e+01,1.500000000000000000e+00,1.180333719999999975e-02,4.495710669999999909e-02,3.122226189999999929e-02,1.499844350000000048e+00,2.925802780000000012e-05
1.312447680000000005e+01,1.500000000000000000e+00,8.901960509999999258e-03,3.261556320000000286e-02,2.329041280000000019e-02,1.499877899999999986e+00,2.758987209999999991e-05
1.344447679999999856e+01,1.500000000000000000e+00,6.608414780000000308e-03,2.345008560000000006e-02,1.725748540000000136e-02,1.499904729999999908e+00,2.570126319999999938e-05
1.376447680000000062e+01,1.500000000000000000e+00,4.848649560000000379e-03,1.675991859999999972e-02,1.270949499999999947e-02,1.499925809999999915e+00,2.373690889999999936e-05
1.408447680000000091e+01,1.500000000000000000e+00,3.526857799999999835e-03,1.193296469999999970e-02,9.309705539999999294e-03,1.499942169999999964e+00,2.180650450000000100e-05
1.440447679999999941e+01,1.500000000000000000e+00,2.548909829999999963e-03,8.476391740000000299e-03,6.787650630000000192e-03,1.499954720000000075e+00,1.997936169999999837e-05
1.472447679999999970e+01,1.500000000000000000e+00,1.833084409999999895e-03,6.012668359999999955e-03,4.929272410000000264e-03,1.499964290000000089e+00,1.829212789999999888e-05
1.504447679999999821e+01,1.500000000000000000e+00,1.313134940000000020e-03,4.261437970000000325e-03,3.567775740000000105e-03,1.499971549999999931e+00,1.675892930000000058e-05
1.536447680000000027e+01,1.500000000000000000e+00,9.375586780000000125e-04,3.018522080000000159e-03,2.575105739999999921e-03,1.499977040000000095e+00,1.537988500000000056e-05
1.568447680000000055e+01,1.500000000000000000e+00,6.673785909999999620e-04,2.137010260000000213e-03,1.854235450000000021e-03,1.499981199999999903e+00,1.414718310000000079e-05
1.600447679999999906e+01,1.500000000000000000e+00,4.736208899999999763e-04,1.511973389999999966e-03,1.332465809999999924e-03,1.499984360000000017e+00,1.304905460000000062e-05
1.632447679999999934e+01,1.500000000000000000e+00,3.350091499999999873e-04,1.068789689999999955e-03,9.558283119999999838e-04,1.499986770000000025e+00,1.207222040000000053e-05
1.664447679999999963e+01,1.500000000000000000e+00,2.360510359999999988e-04,7.545157309999999881e-04,6.845608240000000330e-04,1.499988609999999944e+00,1.120331719999999967e-05
1.696447679999999991e+01,1.500000000000000000e+00,1.655326900000000077e-04,5.316306989999999757e-04,4.895465110000000097e-04,1.499990039999999913e+00,1.042967280000000071e-05
1.728447680000000020e+01,1.500000000000000000e+00,1.153713420000000061e-04,3.735530910000000085e-04,3.495685570000000219e-04,1.499991159999999990e+00,9.739683060000000069e-06
1.760447680000000048e+01,1.500000000000000000e+00,7.975870330000000229e-05,2.614493919999999754e-04,2.492278769999999965e-04,1.499992039999999971e+00,9.122951219999999385e-06
1.792447679999999721e+01,1.500000000000000000e+00,5.453014950000000031e-05,1.819709530000000080e-04,1.773835179999999959e-04,1.499992739999999936e+00,8.570293580000000773e-06
1.824447680000000105e+01,1.500000000000000000e+00,3.670449389999999931e-05,1.256521439999999895e-04,1.259959909999999999e-04,1.499993319999999963e+00,8.073672670000000480e-06
1.856447680000000133e+01,1.500000000000000000e+00,2.415037949999999895e-05,8.577738510000000030e-05,8.927601149999999850e-05,1.499993789999999994e+00,7.626096289999999594e-06
1.888447679999999806e+01,1.500000000000000000e+00,1.534555129999999834e-05,5.757982519999999877e-05,6.306180250000000345e-05,1.499994180000000066e+00,7.221504160000000074e-06
1.920447680000000190e+01,1.500000000000000000e+00,9.203705969999999918e-06,3.767436970000000282e-05,4.436575469999999669e-05,1.499994519999999998e+00,6.854654629999999735e-06
1.952447679999999863e+01,1.500000000000000000e+00,4.950235219999999914e-06,2.365626809999999989e-05,3.104564599999999885e-05,1.499994800000000073e+00,6.521018180000000210e-06
1.984447679999999892e+01,1.500000000000000000e+00,2.033204860000000128e-06,1.381672000000000076e-05,2.156691610000000052e-05,1.499995050000000107e+00,6.216680469999999798e-06
2.016447679999999920e+01,1.500000000000000000e+00,5.965392869999999482e-08,6.941238630000000294e-06,1.483119880000000029e-05,1.499995270000000103e+00,5.938256499999999716e-06
2.048447679999999949e+01,1.500000000000000000e+00,-1.249946259999999978e-06,2.166590610000000175e-06,1.005288949999999953e-05,1.499995469999999997e+00,5.682815280000000409e-06
2.080447679999999977e+01,1.500000000000000000e+00,-2.094228259999999809e-06,-1.120770730000000051e-06,6.670433330000000110e-06,1.499995640000000074e+00,5.447814769999999750e-06
2.112447680000000005e+01,1.500000000000000000e+00,-2.614161209999999999e-06,-3.356853759999999973e-06,4.282650840000000067e-06,1.499995799999999990e+00,5.231045929999999933e-06
2.144447680000000034e+01,1.500000000000000000e+00,-2.909633069999999955e-06,-4.851405079999999626e-06,2.603084380000000205e-06,1.499995940000000028e+00,5.030584870000000128e-06
2.176447679999999707e+01,1.500000000000000000e+00,-3.051281679999999943e-06,-5.824367229999999588e-06,1.427293800000000038e-06,1.499996069999999904e+00,4.844751910000000015e-06
2.208447680000000091e+01,1.500000000000000000e+00,-3.088933140000000127e-06,-6.431808699999999777e-06,6.094462870000000253e-07,1.499996200000000002e+00,4.672077040000000272e-06
2.240447680000000119e+01,1.500000000000000000e+00,-3.057618139999999902e-06,-6.784371020000000122e-06,4.556943390000000029e-08,1.499996309999999999e+00,4.511270270000000267e-06
2.272447679999999792e+01,1.500000000000000000e+00,-2.981860040000000086e-06,-6.960394650000000171e-06,-3.384226159999999957e-07,1.499996419999999997e+00,4.361196590000000398e-06
2.304447680000000176e+01,1.500000000000000000e+00,-2.878729800000000171e-06,-7.015259549999999578e-06,-5.952863420000000504e-07,1.499996509999999894e+00,4.220854679999999612e-06
2.336447679999999849e+01,1.500000000000000000e+00,-2.760021379999999885e-06,-6.988032239999999900e-06,-7.625618439999999861e-07,1.499996609999999952e+00,4.089358780000000159e-06
2.368447679999999878e+01,1.500000000000000000e+00,-2.633799930000000050e-06,-6.906195759999999914e-06,-8.669381760000000069e-07,1.499996689999999910e+00,3.965923199999999888e-06
2.400447680000000261e+01,1.500000000000000000e+00,-2.505502890000000090e-06,-6.789014999999999915e-06,-9.273696180000000158e-07,1.499996770000000090e+00,3.849849280000000009e-06
2.432447679999999934e+01,1.500000000000000000e+00,-2.378722319999999847e-06,-6.649930560000000381e-06,-9.572995919999999254e-07,1.499996850000000048e+00,3.740514029999999877e-06
2.464447679999999963e+01,1.500000000000000000e+00,-2.255760250000000084e-06,-6.498260979999999594e-06,-9.662472359999999924e-07,1.499996930000000006e+00,3.637360560000000186e-06
2.496447679999999991e+01,1.500000000000000000e+00,-2.138022309999999939e-06,-6.340412550000000312e-06,-9.609389399999999937e-07,1.499996990000000086e+00,3.539889859999999832e-06
2.528447680000000020e+01,1.500000000000000000e+00,-2.026296219999999820e-06,-6.180738790000000278e-06,-9.461150789999999941e-07,1.499997060000000104e+00,3.447653669999999904e-06
2.560447679999999693e+01,1.500000000000000000e+00,-1.920948410000000167e-06,-6.022150360000000052e-06,-9.251049540000000162e-07,1.499997119999999962e+00,3.360248380000000195e-06
2.592447680000000076e+01,1.500000000000000000e+00,-1.822062479999999942e-06,-5.866547650000000342e-06,-9.002364070000000092e-07,1.499997180000000041e+00,3.277309799999999919e-06
2.624447680000000105e+01,1.500000000000000000e+00,-1.729536209999999977e-06,-5.715127050000000215e-06,-8.731274520000000056e-07,1.499997239999999898e+00,3.198508519999999944e-06
2.656447679999999778e+01,1.500000000000000000e+00,-1.643149340000000034e-06,-5.568597569999999796e-06,-8.448938749999999652e-07,1.499997290000000039e+00,3.123546030000000145e-06
2.688447680000000162e+01,1.500000000000000000e+00,-1.562610560000000060e-06,-5.427333679999999890e-06,-8.162968240000000436e-07,1.499997349999999896e+00,3.052151210000000019e-06
2.720447679999999835e+01,1.500000000000000000e+00,-1.487589729999999969e-06,-5.291482889999999630e-06,-7.878477459999999802e-07,1.499997390000000097e+00,2.984077359999999976e-06
2.752447679999999863e+01,1.500000000000000000e+00,-1.417739890000000066e-06,-5.161041230000000071e-06,-7.598828499999999611e-07,1.499997440000000015e+00,2.919099599999999959e-06
2.784447680000000247e+01,1.500000000000000000e+00,-1.352711829999999909e-06,-5.035906040000000240e-06,-7.326159389999999909e-07,1.499997489999999933e+00,2.857012459999999803e-06
2.816447679999999920e+01,1.500000000000000000e+00,-1.292163699999999920e-06,-4.915912570000000301e-06,-7.061757929999999737e-07,1.499997529999999912e+00,2.797628029999999939e-06
2.848447679999999949e+01,1.500000000000000000e+00,-1.235766960000000097e-06,-4.800859340000000376e-06,-6.806326209999999527e-07,1.499997569999999891e+00,2.740774019999999863e-06
2.880447679999999977e+01,1.500000000000000000e+00,-1.183209950000000049e-06,-4.690525400000000050e-06,-6.560166930000000417e-07,1.499997610000000092e+00,2.686292270000000137e-06
2.912447680000000005e+01,1.500000000000000000e+00,-1.134199760000000061e-06,-4.584682019999999912e-06,-6.323314470000000063e-07,1.499997650000000071e+00,2.634037349999999857e-06
2.944447680000000034e+01,1.500000000000000000e+00,-1.088462899999999926e-06,-4.483100430000000404e-06,-6.095626749999999761e-07,1.499997690000000050e+00,2.583875339999999851e-06
2.976447680000000062e+01,1.500000000000000000e+00,-1.045745349999999971e-06,-4.385556849999999953e-06,-5.876849249999999508e-07,1.499997730000000029e+00,2.535682709999999883e-06
3.008447680000000091e+01,1.500000000000000000e+00,-1.005811959999999941e-06,-4.291835530000000066e-06,-5.666659259999999699e-07,1.499997760000000069e+00,2.489345350000000007e-06
3.040447679999999764e+01,1.500000000000000000e+00,-9.684456869999999385e-07,-4.201730630000000298e-06,-5.464696530000000076e-07,1.499997790000000109e+00,2.444757739999999884e-06
3.072447679999999792e+01,1.500000000000000000e+00,-9.334465619999999536e-07,-4.115047059999999598e-06,-5.270583780000000017e-07,1.499997830000000087e+00,2.401822109999999974e-06
3.104447680000000176e+01,1.500000000000000000e+00,-9.006306409999999813e-07,-4.031600869999999632e-06,-5.083940689999999520e-07,1.499997859999999905e+00,2.360447820000000129e-06
3.136447680000000204e+01,1.500000000000000000e+00,-8.698288809999999650e-07,-3.951219130000000113e-06,-4.904392880000000010e-07,1.499997889999999945e+00,2.320550689999999919e-06
3.168447680000000233e+01,1.500000000000000000e+00,-8.408860449999999546e-07,-3.873739669999999978e-06,-4.731577669999999828e-07,1.499997919999999985e+00,2.282052430000000162e-06
3.200447679999999906e+01,1.500000000000000000e+00,-8.136596419999999667e-07,-3.799010569999999979e-06,-4.565147440000000063e-07,1.499997950000000024e+00,2.244880200000000059e-06
3.232447679999999934e+01,1.500000000000000000e+00,-7.880189200000000377e-07,-3.726889619999999881e-06,-4.404771610000000091e-07,1.499997969999999903e+00,2.208966089999999965e-06
3.264447679999999963e+01,1.500000000000000000e+00,-7.638439080000000308e-07,-3.657243779999999892e-06,-4.250137310000000002e-07,1.499997999999999942e+00,2.174246730000000186e-06
3.296447679999999991e+01,1.500000000000000000e+00,-7.410245360000000438e-07,-3.589948530000000208e-06,-4.100949579999999739e-07,1.499998020000000043e+00,2.140662959999999996e-06
3.328447680000000020e+01,1.500000000000000000e+00,-7.194598040000000417e-07,-3.524887340000000152e-06,-3.956930879999999966e-07,1.499998050000000083e+00,2.108159429999999996e-06
3.360447680000000048e+01,1.500000000000000000e+00,-6.990570209999999546e-07,-3.461951050000000157e-06,-3.817820590000000258e-07,1.499998069999999961e+00,2.076684350000000147e-06
3.392447680000000076e+01,1.500000000000000000e+00,-6.797311049999999974e-07,-3.401037410000000101e-06,-3.683374079999999958e-07,1.499998100000000001e+00,2.046189169999999882e-06
3.424447680000000105e+01,1.500000000000000000e+00,-6.614039380000000244e-07,-3.342050519999999814e-06,-3.553361900000000007e-07,1.499998120000000101e+00,2.016628379999999920e-06
3.456447679999999423e+01,1.500000000000000000e+00,-6.440037690000000099e-07,-3.284900380000000201e-06,-3.427568779999999842e-07,1.499998139999999980e+00,1.987959239999999806e-06
3.488447680000000162e+01,1.500000000000000000e+00,-6.274646790000000142e-07,-3.229502510000000165e-06,-3.305792760000000070e-07,1.499998160000000080e+00,1.960141580000000148e-06
3.520447680000000190e+01,1.500000000000000000e+00,-6.117260809999999576e-07,-3.175777469999999954e-06,-3.187844299999999759e-07,1.499998179999999959e+00,1.933137630000000096e-06
3.552447680000000219e+01,1.500000000000000000e+00,-5.967322649999999813e-07,-3.123650539999999995e-06,-3.073545390000000102e-07,1.499998200000000059e+00,1.906911820000000005e-06
3.584447680000000247e+01,1.500000000000000000e+00,-5.824319880000000198e-07,-3.073051389999999913e-06,-2.962728759999999956e-07,1.499998219999999938e+00,1.881430630000000042e-06
3.616447679999999565e+01,1.500000000000000000e+00,-5.687780909999999986e-07,-3.023913730000000008e-06,-2.855237119999999971e-07,1.499998240000000038e+00,1.856662469999999964e-06
3.648447679999999593e+01,1.500000000000000000e+00,-5.557271569999999712e-07,-2.976175079999999794e-06,-2.750922490000000157e-07,1.499998259999999917e+00,1.832577499999999947e-06
3.680447680000000332e+01,1.500000000000000000e+00,-5.432391900000000124e-07,-2.929776439999999971e-06,-2.649645489999999958e-07,1.499998280000000017e+00,1.809147530000000011e-06
3.712447680000000361e+01,1.500000000000000000e+00,-5.312773310000000360e-07,-2.884662099999999833e-06,-2.551274739999999778e-07,1.499998299999999896e+00,1.786345939999999941e-06
3.744447680000000389e+01,1.500000000000000000e+00,-5.198075929999999976e-07,-2.840779389999999962e-06,-2.455686369999999738e-07,1.499998310000000057e+00,1.764147519999999982e-06
3.776447679999999707e+01,1.500000000000000000e+00,-5.087986209999999772e-07,-2.798078479999999806e-06,-2.362763439999999948e-07,1.499998329999999935e+00,1.742528409999999976e-06
3.808447679999999735e+01,1.500000000000000000e+00,-4.982214690000000055e-07,-2.756512220000000064e-06,-2.272395460000000094e-07,1.499998350000000036e+00,1.721465979999999998e-06
3.840447679999999764e+01,1.500000000000000000e+00,-4.880494039999999881e-07,-2.716035900000000123e-06,-2.184477999999999876e-07,1.499998359999999975e+00,1.700938820000000097e-06
3.872447680000000503e+01,1.500000000000000000e+00,-4.782577209999999873e-07,-2.676607169999999883e-06,-2.098912240000000018e-07,1.499998380000000076e+00,1.680926550000000036e-06
3.904447680000000531e+01,1.500000000000000000e+00,-4.688235710000000219e-07,-2.638185809999999983e-06,-2.015604629999999983e-07,1.499998390000000015e+00,1.661409879999999934e-06
3.936447679999999849e+01,1.500000000000000000e+00,-4.597258170000000211e-07,-2.600733680000000136e-06,-1.934466569999999982e-07,1.499998409999999893e+00,1.642370430000000033e-06
3.968447679999999878e+01,1.500000000000000000e+00,-4.509448820000000143e-07,-2.564214500000000028e-06,-1.855413930000000031e-07,1.499998420000000054e+00,1.623790780000000034e-06
4.000447679999999906e+01,1.500000000000000000e+00,-4.424626329999999752e-07,-2.528593800000000192e-06,-1.778367010000000068e-07,1.499998439999999933e+00,1.605654289999999926e-06
4.032447679999999934e+01,1.500000000000000000e+00,-4.342622560000000033e-07,-2.493838810000000126e-06,-1.703250079999999875e-07,1.499998450000000094e+00,1.587945190000000103e-06
4.064447679999999963e+01,1.500000000000000000e+00,-4.263281509999999962e-07,-2.459918299999999836e-06,-1.629991189999999975e-07,1.499998460000000033e+00,1.570648379999999999e-06
4.096447679999999991e+01,1.500000000000000000e+00,-4.186458349999999859e-07,-2.426802549999999932e-06,-1.558521960000000078e-07,1.499998479999999912e+00,1.553749550000000009e-06
4.128447680000000020e+01,1.500000000000000000e+00,-4.112018529999999747e-07,-2.394463229999999926e-06,-1.488777280000000107e-07,1.499998490000000073e+00,1.537234979999999915e-06
4.160447680000000048e+01,1.500000000000000000e+00,-4.039836919999999940e-07,-2.362873320000000061e-06,-1.420695239999999948e-07,1.499998500000000012e+00,1.521091620000000024e-06
4.192447680000000076e+01,1.500000000000000000e+00,-3.969797090000000017e-07,-2.332007049999999816e-06,-1.354216809999999876e-07,1.499998509999999952e+00,1.505306999999999994e-06
4.224447679999999394e+01,1.500000000000000000e+00,-3.901790650000000135e-07,-2.301839820000000165e-06,-1.289285780000000070e-07,1.499998530000000052e+00,1.489869199999999996e-06
4.256447680000000133e+01,1.500000000000000000e+00,-3.835716550000000076e-07,-2.272348119999999893e-06,-1.225848479999999868e-07,1.499998539999999991e+00,1.474766850000000078e-06
4.288447680000000162e+01,1.500000000000000000e+00,-3.771480549999999977e-07,-2.243509499999999937e-06,-1.163853790000000046e-07,1.499998549999999931e+00,1.459989040000000051e-06
4.320447680000000190e+01,1.500000000000000000e+00,-3.708994689999999987e-07,-2.215302490000000130e-06,-1.103252829999999978e-07,1.499998560000000092e+00,1.445525350000000021e-06
4.352447680000000219e+01,1.500000000000000000e+00,-3.648176780000000014e-07,-2.187706550000000078e-06,-1.043998930000000041e-07,1.499998570000000031e+00,1.431365799999999996e-06
4.384447679999999536e+01,1.500000000000000000e+00,-3.588949989999999818e-07,-2.160702020000000040e-06,-9.860475109999999364e-08,1.499998579999999970e+00,1.417500859999999924e-06
4.416447679999999565e+01,1.500000000000000000e+00,-3.531242410000000068e-07,-2.134270090000000180e-06,-9.293559169999999642e-08,1.499998589999999909e+00,1.403921349999999961e-06
4.448447680000000304e+01,1.500000000000000000e+00,-3.474986689999999974e-07,-2.108392700000000207e-06,-8.738833650000000443e-08,1.499998600000000071e+00,1.390618510000000095e-06
4.480447680000000332e+01,1.500000000000000000e+00,-3.420119690000000254e-07,-2.083052600000000016e-06,-8.195907809999999964e-08,1.499998610000000010e+00,1.377583930000000099e-06
4.512447680000000361e+01,1.500000000000000000e+00,-3.366582189999999964e-07,-2.058233200000000201e-06,-7.664408120000000068e-08,1.499998619999999949e+00,1.364809499999999990e-06
4.544447679999999679e+01,1.500000000000000000e+00,-3.314318550000000029e-07,-2.033918610000000084e-06,-7.143975819999999551e-08,1.499998630000000110e+00,1.352287490000000101e-06
4.576447679999999707e+01,1.500000000000000000e+00,-3.263276499999999833e-07,-2.010093580000000038e-06,-6.634267920000000417e-08,1.499998640000000050e+00,1.340010450000000090e-06
4.608447679999999735e+01,1.500000000000000000e+00,-3.213406849999999876e-07,-1.986743469999999896e-06,-6.134954849999999350e-08,1.499998649999999989e+00,1.327971230000000067e-06
4.640447680000000474e+01,1.500000000000000000e+00,-3.164663279999999950e-07,-1.963854199999999829e-06,-5.645720960000000121e-08,1.499998659999999928e+00,1.316162940000000025e-06
4.672447680000000503e+01,1.500000000000000000e+00,-3.117002170000000115e-07,-1.941412260000000169e-06,-5.166262870000000319e-08,1.499998670000000089e+00,1.304578979999999952e-06
4.704447679999999821e+01,1.500000000000000000e+00,-3.070382330000000242e-07,-1.919404660000000170e-06,-4.696289450000000282e-08,1.499998680000000029e+00,1.293212990000000071e-06
4.736447679999999849e+01,1.500000000000000000e+00,-3.024764910000000223e-07,-1.897818910000000053e-06,-4.235521220000000255e-08,1.499998689999999968e+00,1.282058839999999955e-06
4.768447679999999878e+01,1.500000000000000000e+00,-2.980113170000000192e-07,-1.876642990000000048e-06,-3.783689090000000320e-08,1.499998699999999907e+00,1.271110640000000050e-06
4.800447679999999906e+01,1.500000000000000000e+00,-2.936392390000000197e-07,-1.855865320000000078e-06,-3.340535299999999707e-08,1.499998699999999907e+00,1.260362719999999905e-06
4.832447680000000645e+01,1.500000000000000000e+00,-2.893569680000000046e-07,-1.835474790000000075e-06,-2.905810779999999916e-08,1.499998710000000068e+00,1.249809610000000007e-06
4.864447679999999963e+01,1.500000000000000000e+00,-2.851613869999999959e-07,-1.815460660000000044e-06,-2.479276760000000108e-08,1.499998720000000008e+00,1.239446049999999910e-06
4.896447679999999991e+01,1.500000000000000000e+00,-2.810495439999999791e-07,-1.795812599999999993e-06,-2.060703160000000064e-08,1.499998729999999947e+00,1.229266949999999996e-06
4.928447680000000020e+01,1.500000000000000000e+00,-2.770186350000000000e-07,-1.776520670000000077e-06,-1.649868560000000007e-08,1.499998740000000108e+00,1.219267410000000066e-06
4.960447680000000048e+01,1.500000000000000000e+00,-2.730659940000000227e-07,-1.757575249999999914e-06,-1.246559319999999995e-08,1.499998740000000108e+00,1.209442719999999976e-06
4.992447680000000076e+01,1.500000000000000000e+00,-2.691890919999999789e-07,-1.738967109999999906e-06,-8.505701669999999894e-09,1.499998750000000047e+00,1.199788290000000016e-06
5.024447680000000105e+01,1.500000000000000000e+00,-2.653855160000000094e-07,-1.720687299999999984e-06,-4.617030449999999863e-09,1.499998759999999987e+00,1.190299750000000004e-06
5.056447680000000133e+01,1.500000000000000000e+00,-2.616529740000000054e-07,-1.702727210000000045e-06,-7.976655419999999696e-10,1.499998769999999926e+00,1.180972839999999945e-06
5.088447680000000162e+01,1.500000000000000000e+00,-2.579892770000000203e-07,-1.685078530000000013e-06,2.954233219999999912e-09,1.499998769999999926e+00,1.171803449999999966e-06
5.120447680000000190e+01,1.500000000000000000e+00,-2.543923410000000119e-07,-1.667733229999999983e-06,6.640441129999999734e-09,1.499998780000000087e+00,1.162787589999999991e-06
5.152447679999999508e+01,1.500000000000000000e+00,-2.508601719999999996e-07,-1.650683539999999932e-06,1.026267710000000028e-08,1.499998790000000026e+00,1.153921470000000037e-06
5.184447679999999536e+01,1.500000000000000000e+00,-2.473908700000000263e-07,-1.633921970000000008e-06,1.382259530000000079e-08,1.499998790000000026e+00,1.145201340000000054e-06
5.216447680000000275e+01,1.500000000000000000e+00,-2.439826150000000014e-07,-1.617441290000000030e-06,1.732179610000000071e-08,1.499998799999999965e+00,1.136623640000000045e-06
5.248447680000000304e+01,1.500000000000000000e+00,-2.406336660000000153e-07,-1.601234479999999945e-06,2.076182389999999935e-08,1.499998809999999905e+00,1.128184890000000091e-06
5.280447680000000332e+01,1.500000000000000000e+00,-2.373423589999999874e-07,-1.585294780000000005e-06,2.414417159999999945e-08,1.499998809999999905e+00,1.119881739999999899e-06
5.312447679999999650e+01,1.500000000000000000e+00,-2.341070959999999973e-07,-1.569615629999999920e-06,2.747028049999999890e-08,1.499998820000000066e+00,1.111710920000000102e-06
5.344447679999999679e+01,1.500000000000000000e+00,-2.309263449999999935e-07,-1.554190700000000020e-06,3.074154989999999872e-08,1.499998830000000005e+00,1.103669320000000004e-06
5.376447679999999707e+01,1.500000000000000000e+00,-2.277986400000000049e-07,-1.539013860000000094e-06,3.395932590000000285e-08,1.499998830000000005e+00,1.095753860000000081e-06
5.408447680000000446e+01,1.500000000000000000e+00,-2.247225709999999989e-07,-1.524079169999999980e-06,3.712491230000000008e-08,1.499998839999999944e+00,1.087961610000000079e-06
5.440447680000000474e+01,1.500000000000000000e+00,-2.216967799999999992e-07,-1.509380869999999960e-06,4.023957599999999885e-08,1.499998839999999944e+00,1.080289699999999965e-06
5.472447679999999792e+01,1.500000000000000000e+00,-2.187199680000000054e-07,-1.494913399999999982e-06,4.330453699999999765e-08,1.499998850000000106e+00,1.072735360000000065e-06
5.504447679999999821e+01,1.500000000000000000e+00,-2.157908809999999950e-07,-1.480671369999999977e-06,4.632098019999999865e-08,1.499998860000000045e+00,1.065295899999999941e-06
5.536447679999999849e+01,1.500000000000000000e+00,-2.129083139999999906e-07,-1.466649539999999993e-06,4.929005169999999826e-08,1.499998860000000045e+00,1.057968719999999900e-06
5.568447679999999878e+01,1.500000000000000000e+00,-2.100711050000000125e-07,-1.452842850000000099e-06,5.221286109999999948e-08,1.499998869999999984e+00,1.050751299999999907e-06
5.600447680000000616e+01,1.500000000000000000e+00,-2.072781360000000019e-07,-1.439246380000000024e-06,5.509048509999999976e-08,1.499998869999999984e+00,1.043641169999999897e-06
5.632447679999999934e+01,1.500000000000000000e+00,-2.045283279999999889e-07,-1.425855370000000077e-06,5.792396589999999714e-08,1.499998879999999923e+00,1.036635959999999953e-06
5.664447679999999963e+01,1.500000000000000000e+00,-2.018206419999999896e-07,-1.412665200000000015e-06,6.071431310000000244e-08,1.499998879999999923e+00,1.029733369999999992e-06
5.696447679999999991e+01,1.500000000000000000e+00,-1.991540710000000039e-07,-1.399671370000000032e-06,6.346251109999999858e-08,1.499998890000000085e+00,1.022931149999999899e-06
5.728447680000000020e+01,1.500000000000000000e+00,-1.965276479999999916e-07,-1.386869550000000092e-06,6.616950599999999763e-08,1.499998890000000085e+00,1.016227130000000059e-06
5.760447680000000048e+01,1.500000000000000000e+00,-1.939404349999999913e-07,-1.374255510000000096e-06,6.883622329999999519e-08,1.499998900000000024e+00,1.009619200000000020e-06
5.792447680000000076e+01,1.500000000000000000e+00,-1.913915259999999986e-07,-1.361825139999999959e-06,7.146355540000000440e-08,1.499998900000000024e+00,1.003105270000000035e-06
5.824447680000000105e+01,1.500000000000000000e+00,-1.888800479999999967e-07,-1.349574460000000066e-06,7.405237109999999782e-08,1.499998909999999963e+00,9.966833969999999365e-07
5.856447680000000133e+01,1.500000000000000000e+00,-1.864051520000000027e-07,-1.337499609999999967e-06,7.660351450000000133e-08,1.499998909999999963e+00,9.903516109999999914e-07
5.888447680000000162e+01,1.500000000000000000e+00,-1.839660190000000104e-07,-1.325596830000000000e-06,7.911780429999999631e-08,1.499998919999999902e+00,9.841080279999999296e-07
5.920447680000000190e+01,1.500000000000000000e+00,-1.815618560000000019e-07,-1.313862460000000017e-06,8.159603489999999777e-08,1.499998919999999902e+00,9.779508230000000130e-07
5.952447679999999508e+01,1.500000000000000000e+00,-1.791918939999999934e-07,-1.302292950000000057e-06,8.403897820000000528e-08,1.499998930000000064e+00,9.718782179999999330e-07
5.984447679999999536e+01,1.500000000000000000e+00,-1.768553890000000126e-07,-1.290884859999999924e-06,8.644738490000000502e-08,1.499998930000000064e+00,9.658884709999999348e-07
6.016447680000000275e+01,1.500000000000000000e+00,-1.745516180000000042e-07,-1.279634829999999923e-06,8.882198490000000300e-08,1.499998940000000003e+00,9.599799029999999632e-07
6.048447679999999593e+01,1.500000000000000000e+00,-1.722798809999999966e-07,-1.268539609999999911e-06,9.116348610000000486e-08,1.499998940000000003e+00,9.541508630000000641e-07
6.080447679999999622e+01,1.500000000000000000e+00,-1.700394999999999921e-07,-1.257596009999999964e-06,9.347257879999999738e-08,1.499998949999999942e+00,9.483997740000000228e-07
6.112447680000000361e+01,1.500000000000000000e+00,-1.678298160000000089e-07,-1.246800949999999920e-06,9.574993259999999549e-08,1.499998949999999942e+00,9.427250600000000516e-07
6.144447679999999679e+01,1.500000000000000000e+00,-1.656501879999999981e-07,-1.236151420000000083e-06,9.799619670000000099e-08,1.499998949999999942e+00,9.371252260000000213e-07
6.176447680000000418e+01,1.500000000000000000e+00,-1.634999969999999907e-07,-1.225644510000000063e-06,1.002120069999999966e-07,1.499998960000000103e+00,9.315987870000000508e-07
6.208447679999999735e+01,1.500000000000000000e+00,-1.613786379999999892e-07,-1.215277369999999897e-06,1.023979820000000023e-07,1.499998960000000103e+00,9.261443150000000422e-07
6.240447679999999764e+01,1.500000000000000000e+00,-1.592855269999999926e-07,-1.205047229999999912e-06,1.045547200000000023e-07,1.499998970000000043e+00,9.207604110000000029e-07
6.272447680000000503e+01,1.500000000000000000e+00,-1.572200919999999906e-07,-1.194951380000000019e-06,1.066828049999999972e-07,1.499998970000000043e+00,9.154457109999999613e-07
6.304447679999999821e+01,1.500000000000000000e+00,-1.551817809999999926e-07,-1.184987220000000105e-06,1.087828049999999961e-07,1.499998979999999982e+00,9.101988889999999777e-07
6.336447680000000560e+01,1.500000000000000000e+00,-1.531700550000000021e-07,-1.175152160000000091e-06,1.108552750000000007e-07,1.499998979999999982e+00,9.050186629999999546e-07
6.368447679999999878e+01,1.500000000000000000e+00,-1.511843899999999976e-07,-1.165443729999999911e-06,1.129007549999999976e-07,1.499998979999999982e+00,8.999037500000000023e-07
6.400447680000000616e+01,1.500000000000000000e+00,-1.492242770000000122e-07,-1.155859500000000067e-06,1.149197689999999952e-07,1.499998989999999921e+00,8.948529459999999887e-07
6.432447679999999934e+01,1.500000000000000000e+00,-1.472892189999999900e-07,-1.146397079999999938e-06,1.169128289999999978e-07,1.499998989999999921e+00,8.898650439999999821e-07
6.464447679999999252e+01,1.500000000000000000e+00,-1.453787340000000089e-07,-1.137054189999999933e-06,1.188804329999999988e-07,1.499998989999999921e+00,8.849388660000000506e-07
6.496447679999999991e+01,1.500000000000000000e+00,-1.434923520000000051e-07,-1.127828560000000079e-06,1.208230670000000009e-07,1.499999000000000082e+00,8.800732880000000342e-07
6.528447679999999309e+01,1.500000000000000000e+00,-1.416296150000000113e-07,-1.118718010000000088e-06,1.227412050000000029e-07,1.499999000000000082e+00,8.752671920000000067e-07
6.560447680000000048e+01,1.500000000000000000e+00,-1.397900780000000014e-07,-1.109720400000000035e-06,1.246353080000000095e-07,1.499999010000000021e+00,8.705194939999999535e-07
6.592447679999999366e+01,1.500000000000000000e+00,-1.379733050000000086e-07,-1.100833629999999924e-06,1.265058260000000121e-07,1.499999010000000021e+00,8.658291359999999543e-07
6.624447680000000105e+01,1.500000000000000000e+00,-1.361788730000000072e-07,-1.092055670000000016e-06,1.283531999999999955e-07,1.499999010000000021e+00,8.611950839999999638e-07
6.656447680000000844e+01,1.500000000000000000e+00,-1.344063690000000077e-07,-1.083384549999999939e-06,1.301778530000000121e-07,1.499999019999999961e+00,8.566163230000000061e-07
6.688447680000000162e+01,1.500000000000000000e+00,-1.326553910000000079e-07,-1.074818309999999996e-06,1.319802080000000080e-07,1.499999019999999961e+00,8.520918919999999832e-07
6.720447680000000901e+01,1.500000000000000000e+00,-1.309255479999999921e-07,-1.066355069999999932e-06,1.337606699999999965e-07,1.499999019999999961e+00,8.476208219999999799e-07
6.752447680000000219e+01,1.500000000000000000e+00,-1.292164539999999897e-07,-1.057992980000000023e-06,1.355196369999999920e-07,1.499999029999999900e+00,8.432021580000000261e-07
6.784447679999999536e+01,1.500000000000000000e+00,-1.275277390000000083e-07,-1.049730249999999918e-06,1.372574949999999918e-07,1.499999029999999900e+00,8.388350020000000405e-07
6.816447679999998854e+01,1.500000000000000000e+00,-1.258590359999999872e-07,-1.041565099999999936e-06,1.389746260000000052e-07,1.499999029999999900e+00,8.345184440000000045e-07
6.848447679999999593e+01,1.500000000000000000e+00,-1.242099909999999923e-07,-1.033495830000000050e-06,1.406713940000000026e-07,1.499999040000000061e+00,8.302516160000000517e-07
6.880447680000000332e+01,1.500000000000000000e+00,-1.225802570000000089e-07,-1.025520750000000061e-06,1.423481669999999955e-07,1.499999040000000061e+00,8.260336669999999537e-07
6.912447679999999650e+01,1.500000000000000000e+00,-1.209694939999999948e-07,-1.017638219999999948e-06,1.440052919999999985e-07,1.499999040000000061e+00,8.218637679999999856e-07
6.944447680000000389e+01,1.500000000000000000e+00,-1.193773719999999970e-07,-1.009846650000000083e-06,1.456431159999999998e-07,1.499999050000000000e+00,8.177411000000000352e-07
6.976447679999999707e+01,1.500000000000000000e+00,-1.178035679999999952e-07,-1.002144460000000031e-06,1.472619739999999971e-07,1.499999050000000000e+00,8.136648610000000521e-07
7.008447680000000446e+01,1.500000000000000000e+00,-1.162477669999999983e-07,-9.945301389999999210e-07,1.488621939999999889e-07,1.499999050000000000e+00,8.096342590000000220e-07
7.040447680000001185e+01,1.500000000000000000e+00,-1.147096599999999970e-07,-9.870021790000000002e-07,1.504440959999999979e-07,1.499999059999999940e+00,8.056485530000000097e-07
7.072447680000000503e+01,1.500000000000000000e+00,-1.131889449999999943e-07,-9.795591229999999600e-07,1.520079950000000021e-07,1.499999059999999940e+00,8.017069999999999671e-07
7.104447679999999821e+01,1.500000000000000000e+00,-1.116853300000000031e-07,-9.721995429999999142e-07,1.535541969999999997e-07,1.499999059999999940e+00,7.978088470000000213e-07
7.136447679999999139e+01,1.500000000000000000e+00,-1.101985259999999941e-07,-9.649220450000000999e-07,1.550830000000000130e-07,1.499999059999999940e+00,7.939533969999999734e-07
7.168447679999999878e+01,1.500000000000000000e+00,-1.087282519999999936e-07,-9.577252610000000018e-07,1.565946990000000003e-07,1.499999070000000101e+00,7.901399589999999637e-07
7.200447679999999195e+01,1.500000000000000000e+00,-1.072742329999999964e-07,-9.506078569999999689e-07,1.580895780000000125e-07,1.499999070000000101e+00,7.863678430000000303e-07
7.232447679999999934e+01,1.500000000000000000e+00,-1.058362009999999968e-07,-9.435685290000000354e-07,1.595679170000000065e-07,1.499999070000000101e+00,7.826363710000000432e-07
7.264447680000000673e+01,1.500000000000000000e+00,-1.044138920000000031e-07,-9.366059980000000086e-07,1.610299920000000041e-07,1.499999080000000040e+00,7.789449050000000173e-07
7.296447679999999991e+01,1.500000000000000000e+00,-1.030070499999999999e-07,-9.297190140000000130e-07,1.624760679999999871e-07,1.499999080000000040e+00,7.752928049999999604e-07
7.328447680000000730e+01,1.500000000000000000e+00,-1.016154229999999995e-07,-9.229063559999999604e-07,1.639064089999999869e-07,1.499999080000000040e+00,7.716794440000000332e-07
7.360447680000000048e+01,1.500000000000000000e+00,-1.002387660000000000e-07,-9.161668269999999555e-07,1.653212669999999910e-07,1.499999080000000040e+00,7.681042009999999949e-07
7.392447679999999366e+01,1.500000000000000000e+00,-9.887683679999999355e-08,-9.094992569999999895e-07,1.667208980000000017e-07,1.499999089999999979e+00,7.645664890000000454e-07
7.424447680000000105e+01,1.500000000000000000e+00,-9.752940170000000333e-08,-9.029024990000000308e-07,1.681055410000000125e-07,1.499999089999999979e+00,7.610657130000000380e-07
7.456447679999999423e+01,1.500000000000000000e+00,-9.619622919999999689e-08,-8.963754310000000328e-07,1.694754400000000084e-07,1.499999089999999979e+00,7.576013060000000335e-07
7.488447680000000162e+01,1.500000000000000000e+00,-9.487709350000000482e-08,-8.899169560000000395e-07,1.708308299999999950e-07,1.499999099999999919e+00,7.541726949999999652e-07
7.520447679999999480e+01,1.500000000000000000e+00,-9.357177459999999669e-08,-8.835259979999999595e-07,1.721719390000000051e-07,1.499999099999999919e+00,7.507793309999999590e-07
7.552447680000000219e+01,1.500000000000000000e+00,-9.228005569999999605e-08,-8.772015049999999999e-07,1.734989930000000117e-07,1.499999099999999919e+00,7.474206759999999692e-07
7.584447679999999536e+01,1.500000000000000000e+00,-9.100172560000000174e-08,-8.709424460000000208e-07,1.748122109999999884e-07,1.499999099999999919e+00,7.440961999999999791e-07
7.616447680000000275e+01,1.500000000000000000e+00,-8.973657669999999390e-08,-8.647478099999999547e-07,1.761118090000000043e-07,1.499999110000000080e+00,7.408053890000000299e-07
7.648447680000001014e+01,1.500000000000000000e+00,-8.848440580000000040e-08,-8.586166080000000255e-07,1.773980019999999921e-07,1.499999110000000080e+00,7.375477369999999802e-07
7.680447680000000332e+01,1.500000000000000000e+00,-8.724501440000000265e-08,-8.525478730000000078e-07,1.786709909999999928e-07,1.499999110000000080e+00,7.343227349999999954e-07
7.712447679999999650e+01,1.500000000000000000e+00,-8.601820790000000146e-08,-8.465406530000000481e-07,1.799309810000000088e-07,1.499999110000000080e+00,7.311299070000000427e-07
7.744447679999998968e+01,1.500000000000000000e+00,-8.480379510000000207e-08,-8.405940189999999527e-07,1.811781709999999944e-07,1.499999120000000019e+00,7.279687590000000244e-07
7.776447679999999707e+01,1.500000000000000000e+00,-8.360158900000000112e-08,-8.347070600000000170e-07,1.824127559999999953e-07,1.499999120000000019e+00,7.248388379999999911e-07
7.808447680000000446e+01,1.500000000000000000e+00,-8.241140620000000300e-08,-8.288788809999999590e-07,1.836349250000000088e-07,1.499999120000000019e+00,7.217396879999999828e-07
7.840447679999999764e+01,1.500000000000000000e+00,-8.123306789999999704e-08,-8.231086090000000000e-07,1.848448649999999985e-07,1.499999120000000019e+00,7.186708430000000032e-07
7.872447680000000503e+01,1.500000000000000000e+00,-8.006639779999999487e-08,-8.173953829999999813e-07,1.860427579999999894e-07,1.499999129999999958e+00,7.156318620000000408e-07
7.904447679999999821e+01,1.500000000000000000e+00,-7.891122229999999410e-08,-8.117383630000000322e-07,1.872287889999999908e-07,1.499999129999999958e+00,7.126223319999999737e-07
7.936447680000000560e+01,1.500000000000000000e+00,-7.776737389999999591e-08,-8.061367230000000151e-07,1.884031249999999998e-07,1.499999129999999958e+00,7.096418069999999841e-07
7.968447679999999878e+01,1.500000000000000000e+00,-7.663468560000000334e-08,-8.005896549999999637e-07,1.895659460000000075e-07,1.499999129999999958e+00,7.066898749999999540e-07
8.000447680000000616e+01,1.500000000000000000e+00,-7.551299539999999781e-08,-7.950963659999999659e-07,1.907174160000000000e-07,1.499999129999999958e+00,7.037661430000000458e-07
8.032447679999999934e+01,1.500000000000000000e+00,-7.440214379999999633e-08,-7.896560779999999524e-07,1.918577020000000008e-07,1.499999139999999898e+00,7.008701839999999812e-07
8.064447679999999252e+01,1.500000000000000000e+00,-7.330197420000000521e-08,-7.842680270000000106e-07,1.929869669999999923e-07,1.499999139999999898e+00,6.980016249999999953e-07
8.096447679999999991e+01,1.500000000000000000e+00,-7.221233359999999884e-08,-7.789314659999999718e-07,1.941053689999999919e-07,1.499999139999999898e+00,6.951600650000000099e-07
8.128447679999999309e+01,1.500000000000000000e+00,-7.113307090000000351e-08,-7.736456590000000249e-07,1.952130669999999940e-07,1.499999139999999898e+00,6.923451379999999679e-07
8.160447680000000048e+01,1.500000000000000000e+00,-7.006403899999999382e-08,-7.684098880000000006e-07,1.963102119999999904e-07,1.499999150000000059e+00,6.895564679999999877e-07
8.192447680000000787e+01,1.500000000000000000e+00,-6.900509340000000148e-08,-7.632234439999999739e-07,1.973969549999999996e-07,1.499999150000000059e+00,6.867936900000000158e-07
8.224447680000000105e+01,1.500000000000000000e+00,-6.795609139999999589e-08,-7.580856349999999758e-07,1.984734419999999952e-07,1.499999150000000059e+00,6.840564480000000314e-07
8.256447680000000844e+01,1.500000000000000000e+00,-6.691689379999999883e-08,-7.529957809999999748e-07,1.995398210000000112e-07,1.499999150000000059e+00,6.813443920000000353e-07
8.288447680000000162e+01,1.500000000000000000e+00,-6.588736380000000642e-08,-7.479532119999999757e-07,2.005962309999999959e-07,1.499999150000000059e+00,6.786571639999999995e-07
8.320447679999999480e+01,1.500000000000000000e+00,-6.486736739999999579e-08,-7.429572750000000449e-07,2.016428110000000037e-07,1.499999159999999998e+00,6.759944460000000410e-07
8.352447679999998797e+01,1.500000000000000000e+00,-6.385677269999999933e-08,-7.380073239999999566e-07,2.026797010000000129e-07,1.499999159999999998e+00,6.733558879999999489e-07
8.384447679999999536e+01,1.500000000000000000e+00,-6.285544960000000040e-08,-7.331027289999999667e-07,2.037070329999999995e-07,1.499999159999999998e+00,6.707411779999999680e-07
8.416447680000000275e+01,1.500000000000000000e+00,-6.186327249999999866e-08,-7.282428690000000459e-07,2.047249370000000115e-07,1.499999159999999998e+00,6.681499750000000259e-07
8.448447679999999593e+01,1.500000000000000000e+00,-6.088011489999999845e-08,-7.234271360000000004e-07,2.057335470000000056e-07,1.499999159999999998e+00,6.655819819999999981e-07
8.480447680000000332e+01,1.500000000000000000e+00,-5.990585600000000097e-08,-7.186549309999999867e-07,2.067329850000000009e-07,1.499999169999999937e+00,6.630368830000000089e-07
8.512447679999999650e+01,1.500000000000000000e+00,-5.894037470000000235e-08,-7.139256679999999966e-07,2.077233799999999887e-07,1.499999169999999937e+00,6.605143820000000434e-07
8.544447680000000389e+01,1.500000000000000000e+00,-5.798355299999999808e-08,-7.092387690000000511e-07,2.087048520000000075e-07,1.499999169999999937e+00,6.580141650000000214e-07
8.576447680000001128e+01,1.500000000000000000e+00,-5.703527520000000254e-08,-7.045936680000000028e-07,2.096775209999999895e-07,1.499999169999999937e+00,6.555359509999999822e-07
8.608447680000000446e+01,1.500000000000000000e+00,-5.609542750000000264e-08,-6.999898099999999560e-07,2.106415039999999886e-07,1.499999169999999937e+00,6.530794420000000096e-07
8.640447679999999764e+01,1.500000000000000000e+00,-5.516389759999999731e-08,-6.954266470000000404e-07,2.115969200000000130e-07,1.499999180000000099e+00,6.506443689999999747e-07
8.672447679999999082e+01,1.500000000000000000e+00,-5.424057530000000105e-08,-6.909036430000000059e-07,2.125438829999999997e-07,1.499999180000000099e+00,6.482304399999999832e-07
8.704447679999999821e+01,1.500000000000000000e+00,-5.332535379999999967e-08,-6.864202699999999487e-07,2.134824999999999927e-07,1.499999180000000099e+00,6.458373890000000228e-07
8.736447679999999139e+01,1.500000000000000000e+00,-5.241812600000000039e-08,-6.819760089999999979e-07,2.144128860000000123e-07,1.499999180000000099e+00,6.434649600000000121e-07
8.768447679999999878e+01,1.500000000000000000e+00,-5.151878809999999991e-08,-6.775703530000000084e-07,2.153351469999999928e-07,1.499999180000000099e+00,6.411128530000000275e-07
8.800447680000000616e+01,1.500000000000000000e+00,-5.062723750000000190e-08,-6.732027989999999555e-07,2.162493890000000012e-07,1.499999180000000099e+00,6.387808409999999867e-07
8.832447679999999934e+01,1.500000000000000000e+00,-4.974337329999999903e-08,-6.688728569999999677e-07,2.171557169999999949e-07,1.499999190000000038e+00,6.364686519999999617e-07
8.864447680000000673e+01,1.500000000000000000e+00,-4.886709709999999962e-08,-6.645800429999999832e-07,2.180542319999999961e-07,1.499999190000000038e+00,6.341760460000000349e-07
8.896447679999999991e+01,1.500000000000000000e+00,-4.799831129999999904e-08,-6.603238819999999730e-07,2.189450370000000079e-07,1.499999190000000038e+00,6.319027720000000370e-07
8.928447680000000730e+01,1.500000000000000000e+00,-4.713692019999999821e-08,-6.561039060000000395e-07,2.198282280000000080e-07,1.499999190000000038e+00,6.296485860000000358e-07
8.960447680000000048e+01,1.500000000000000000e+00,-4.628282990000000195e-08,-6.519196559999999999e-07,2.207039049999999884e-07,1.499999190000000038e+00,6.274132480000000076e-07
8.992447679999999366e+01,1.500000000000000000e+00,-4.543594869999999921e-08,-6.477706820000000218e-07,2.215721599999999919e-07,1.499999190000000038e+00,6.251965249999999543e-07
9.024447680000000105e+01,1.500000000000000000e+00,-4.459618460000000038e-08,-6.436565389999999732e-07,2.224330910000000032e-07,1.499999199999999977e+00,6.229981879999999982e-07
9.056447679999999423e+01,1.500000000000000000e+00,-4.376344910000000207e-08,-6.395767899999999631e-07,2.232867900000000120e-07,1.499999199999999977e+00,6.208180179999999801e-07
9.088447680000000162e+01,1.500000000000000000e+00,-4.293765389999999762e-08,-6.355310070000000270e-07,2.241333449999999935e-07,1.499999199999999977e+00,6.186557719999999714e-07
9.120447679999999480e+01,1.500000000000000000e+00,-4.211871310000000102e-08,-6.315187670000000070e-07,2.249728470000000130e-07,1.499999199999999977e+00,6.165112429999999624e-07
9.152447680000000219e+01,1.500000000000000000e+00,-4.130654130000000158e-08,-6.275396549999999857e-07,2.258053849999999963e-07,1.499999199999999977e+00,6.143842220000000419e-07
9.184447680000000958e+01,1.500000000000000000e+00,-4.050105500000000082e-08,-6.235932629999999656e-07,2.266310449999999908e-07,1.499999199999999977e+00,6.122744850000000327e-07
9.216447680000000275e+01,1.500000000000000000e+00,-3.970217249999999750e-08,-6.196791899999999742e-07,2.274499090000000026e-07,1.499999209999999916e+00,6.101818260000000346e-07
9.248447679999999593e+01,1.500000000000000000e+00,-3.890981270000000052e-08,-6.157970399999999516e-07,2.282620640000000033e-07,1.499999209999999916e+00,6.081060400000000451e-07
9.280447679999998911e+01,1.500000000000000000e+00,-3.812389580000000098e-08,-6.119464239999999689e-07,2.290675919999999992e-07,1.499999209999999916e+00,6.060469199999999485e-07
9.312447679999999650e+01,1.500000000000000000e+00,-3.734434439999999737e-08,-6.081269610000000206e-07,2.298665690000000012e-07,1.499999209999999916e+00,6.040042770000000122e-07
9.344447680000000389e+01,1.500000000000000000e+00,-3.657108049999999791e-08,-6.043382730000000058e-07,2.306590810000000036e-07,1.499999209999999916e+00,6.019779030000000110e-07
9.376447679999999707e+01,1.500000000000000000e+00,-3.580402910000000186e-08,-6.005799919999999662e-07,2.314452029999999875e-07,1.499999209999999916e+00,5.999676210000000441e-07
9.408447680000000446e+01,1.500000000000000000e+00,-3.504311520000000184e-08,-5.968517519999999506e-07,2.322250129999999974e-07,1.499999220000000077e+00,5.979732249999999994e-07
9.440447679999999764e+01,1.500000000000000000e+00,-3.428826570000000269e-08,-5.931531950000000366e-07,2.329985869999999915e-07,1.499999220000000077e+00,5.959945339999999615e-07
9.472447680000000503e+01,1.500000000000000000e+00,-3.353940860000000130e-08,-5.894839680000000027e-07,2.337659979999999963e-07,1.499999220000000077e+00,5.940313760000000477e-07
9.504447679999999821e+01,1.500000000000000000e+00,-3.279647249999999808e-08,-5.858437249999999701e-07,2.345273219999999964e-07,1.499999220000000077e+00,5.920835509999999559e-07
9.536447680000000560e+01,1.500000000000000000e+00,-3.205938800000000067e-08,-5.822321229999999651e-07,2.352826270000000001e-07,1.499999220000000077e+00,5.901508870000000152e-07
9.568447679999999878e+01,1.500000000000000000e+00,-3.132808560000000182e-08,-5.786488250000000358e-07,2.360319889999999921e-07,1.499999220000000077e+00,5.882332190000000505e-07
9.600447679999999195e+01,1.500000000000000000e+00,-3.060249850000000009e-08,-5.750935020000000476e-07,2.367754719999999926e-07,1.499999220000000077e+00,5.863303539999999970e-07
9.632447679999999934e+01,1.500000000000000000e+00,-2.988255929999999714e-08,-5.715658259999999752e-07,2.375131510000000091e-07,1.499999230000000017e+00,5.844421410000000482e-07
9.664447679999999252e+01,1.500000000000000000e+00,-2.916820239999999854e-08,-5.680654770000000345e-07,2.382450910000000127e-07,1.499999230000000017e+00,5.825684039999999889e-07
9.696447679999999991e+01,1.500000000000000000e+00,-2.845936320000000023e-08,-5.645921390000000319e-07,2.389713589999999817e-07,1.499999230000000017e+00,5.807089739999999475e-07
9.728447680000000730e+01,1.500000000000000000e+00,-2.775597869999999869e-08,-5.611455010000000040e-07,2.396920200000000195e-07,1.499999230000000017e+00,5.788636990000000078e-07
9.760447680000000048e+01,1.500000000000000000e+00,-2.705798510000000004e-08,-5.577252549999999982e-07,2.404071400000000215e-07,1.499999230000000017e+00,5.770324079999999729e-07
9.792447680000000787e+01,1.500000000000000000e+00,-2.636532149999999976e-08,-5.543311009999999850e-07,2.411167820000000044e-07,1.499999230000000017e+00,5.752149549999999487e-07
9.824447680000000105e+01,1.500000000000000000e+00,-2.567792720000000000e-08,-5.509627420000000518e-07,2.418210069999999777e-07,1.499999230000000017e+00,5.734111809999999934e-07
9.856447680000000844e+01,1.500000000000000000e+00,-2.499574180000000136e-08,-5.476198839999999790e-07,2.425198810000000221e-07,1.499999239999999956e+00,5.716209250000000526e-07
9.888447679999998741e+01,1.500000000000000000e+00,-2.431870689999999847e-08,-5.443022399999999962e-07,2.432134600000000230e-07,1.499999239999999956e+00,5.698440400000000165e-07
9.920447679999999480e+01,1.500000000000000000e+00,-2.364676429999999923e-08,-5.410095250000000225e-07,2.439018059999999936e-07,1.499999239999999956e+00,5.680803850000000089e-07
9.952447680000000219e+01,1.500000000000000000e+00,-2.297985639999999853e-08,-5.377414599999999985e-07,2.445849799999999964e-07,1.499999239999999956e+00,5.663298080000000079e-07
9.984447679999999536e+01,1.500000000000000000e+00,-2.231792730000000005e-08,-5.344977699999999857e-07,2.452630380000000226e-07,1.499999239999999956e+00,5.645921589999999986e-07
1.001644770000000051e+02,1.500000000000000000e+00,-2.166092139999999930e-08,-5.312781829999999502e-07,2.459360360000000109e-07,1.499999239999999956e+00,5.628673169999999657e-07
1.004844769999999983e+02,1.500000000000000000e+00,-2.100878400000000035e-08,-5.280824309999999787e-07,2.466040330000000163e-07,1.499999239999999956e+00,5.611551140000000409e-07
1.008044770000000057e+02,1.500000000000000000e+00,-2.036146109999999923e-08,-5.249102509999999641e-07,2.472670839999999737e-07,1.499999249999999895e+00,5.594554330000000115e-07
1.011244769999999988e+02,1.500000000000000000e+00,-1.971890040000000076e-08,-5.217613840000000258e-07,2.479252410000000188e-07,1.499999249999999895e+00,5.577681239999999688e-07
1.014444770000000062e+02,1.500000000000000000e+00,-1.908104830000000110e-08,-5.186355739999999762e-07,2.485785619999999914e-07,1.499999249999999895e+00,5.560930629999999922e-07
1.017644769999999994e+02,1.500000000000000000e+00,-1.844785420000000066e-08,-5.155325689999999599e-07,2.492270970000000199e-07,1.499999249999999895e+00,5.544301099999999976e-07
1.020844769999999926e+02,1.500000000000000000e+00,-1.781926709999999973e-08,-5.124521190000000232e-07,2.498709009999999862e-07,1.499999249999999895e+00,5.527791459999999766e-07
1.024044770000000000e+02,1.500000000000000000e+00,-1.719523730000000065e-08,-5.093939820000000292e-07,2.505100220000000115e-07,1.499999249999999895e+00,5.511400329999999581e-07
1.027244769999999932e+02,1.500000000000000000e+00,-1.657571460000000067e-08,-5.063579150000000493e-07,2.511445139999999740e-07,1.499999249999999895e+00,5.495126470000000217e-07
1.030444770000000005e+02,1.500000000000000000e+00,-1.596065100000000103e-08,-5.033436799999999614e-07,2.517744270000000023e-07,1.499999249999999895e+00,5.478968759999999729e-07
1.033644769999999937e+02,1.500000000000000000e+00,-1.534999840000000128e-08,-5.003510439999999791e-07,2.523998090000000055e-07,1.499999260000000056e+00,5.462925710000000124e-07
1.036844770000000011e+02,1.500000000000000000e+00,-1.474370969999999965e-08,-4.973797739999999983e-07,2.530207090000000028e-07,1.499999260000000056e+00,5.446996269999999709e-07
1.040044770000000085e+02,1.500000000000000000e+00,-1.414173809999999941e-08,-4.944296440000000463e-07,2.536371770000000167e-07,1.499999260000000056e+00,5.431179309999999680e-07
1.043244770000000017e+02,1.500000000000000000e+00,-1.354403809999999929e-08,-4.915004280000000443e-07,2.542492549999999878e-07,1.499999260000000056e+00,5.415473539999999593e-07
1.046444770000000091e+02,1.500000000000000000e+00,-1.295056429999999971e-08,-4.885919070000000450e-07,2.548569949999999988e-07,1.499999260000000056e+00,5.399877790000000497e-07
1.049644770000000022e+02,1.500000000000000000e+00,-1.236127179999999960e-08,-4.857038589999999843e-07,2.554604420000000011e-07,1.499999260000000056e+00,5.384391009999999642e-07
1.052844769999999954e+02,1.500000000000000000e+00,-1.177611730000000004e-08,-4.828360730000000496e-07,2.560596359999999812e-07,1.499999260000000056e+00,5.369011949999999906e-07
1.056044769999999886e+02,1.500000000000000000e+00,-1.119505630000000007e-08,-4.799883339999999904e-07,2.566546300000000253e-07,1.499999260000000056e+00,5.353739579999999669e-07
1.059244769999999960e+02,1.500000000000000000e+00,-1.061804679999999955e-08,-4.771604330000000015e-07,2.572454640000000139e-07,1.499999269999999996e+00,5.338572780000000164e-07
1.062444770000000034e+02,1.500000000000000000e+00,-1.004504690000000001e-08,-4.743521640000000239e-07,2.578321799999999934e-07,1.499999269999999996e+00,5.323510479999999625e-07
1.065644769999999966e+02,1.500000000000000000e+00,-9.476014219999999190e-09,-4.715633250000000130e-07,2.584148230000000212e-07,1.499999269999999996e+00,5.308551669999999684e-07
1.068844770000000040e+02,1.500000000000000000e+00,-8.910908409999999941e-09,-4.687937129999999736e-07,2.589934349999999849e-07,1.499999269999999996e+00,5.293695140000000186e-07
1.072044769999999971e+02,1.500000000000000000e+00,-8.349688119999999836e-09,-4.660431309999999851e-07,2.595680579999999841e-07,1.499999269999999996e+00,5.278940030000000129e-07
1.075244770000000045e+02,1.500000000000000000e+00,-7.792314859999999676e-09,-4.633113839999999755e-07,2.601387299999999976e-07,1.499999269999999996e+00,5.264285090000000273e-07
1.078444770000000119e+02,1.500000000000000000e+00,-7.238748179999999802e-09,-4.605982799999999895e-07,2.607054950000000263e-07,1.499999269999999996e+00,5.249729509999999796e-07
1.081644770000000051e+02,1.500000000000000000e+00,-6.688949700000000055e-09,-4.579036280000000224e-07,2.612683919999999999e-07,1.499999269999999996e+00,5.235272230000000149e-07
1.084844769999999983e+02,1.500000000000000000e+00,-6.142880499999999940e-09,-4.552272399999999745e-07,2.618274610000000105e-07,1.499999269999999996e+00,5.220912259999999856e-07
1.088044769999999914e+02,1.500000000000000000e+00,-5.600504070000000393e-09,-4.525689339999999798e-07,2.623827379999999771e-07,1.499999279999999935e+00,5.206648580000000513e-07
1.091244769999999988e+02,1.500000000000000000e+00,-5.061781680000000317e-09,-4.499285239999999989e-07,2.629342639999999953e-07,1.499999279999999935e+00,5.192480309999999985e-07
1.094444769999999920e+02,1.500000000000000000e+00,-4.526677820000000138e-09,-4.473058330000000248e-07,2.634820769999999913e-07,1.499999279999999935e+00,5.178406490000000085e-07
1.097644769999999994e+02,1.500000000000000000e+00,-3.995155200000000212e-09,-4.447006819999999908e-07,2.640262139999999934e-07,1.499999279999999935e+00,5.164426060000000143e-07
1.100844770000000068e+02,1.500000000000000000e+00,-3.467178579999999893e-09,-4.421128970000000066e-07,2.645667110000000263e-07,1.499999279999999935e+00,5.150538359999999883e-07
1.104044770000000000e+02,1.500000000000000000e+00,-2.942712359999999827e-09,-4.395423030000000199e-07,2.651036060000000161e-07,1.499999279999999935e+00,5.136742260000000500e-07
1.107244770000000074e+02,1.500000000000000000e+00,-2.421722139999999801e-09,-4.369887320000000036e-07,2.656369329999999802e-07,1.499999279999999935e+00,5.123036889999999896e-07
1.110444770000000005e+02,1.500000000000000000e+00,-1.904173149999999817e-09,-4.344520139999999762e-07,2.661667269999999928e-07,1.499999279999999935e+00,5.109421410000000319e-07
1.113644769999999937e+02,1.500000000000000000e+00,-1.390031770000000033e-09,-4.319319839999999745e-07,2.666930249999999761e-07,1.499999279999999935e+00,5.095894919999999562e-07
1.116844770000000011e+02,1.500000000000000000e+00,-8.792639619999999700e-10,-4.294284779999999859e-07,2.672158610000000007e-07,1.499999279999999935e+00,5.082456660000000163e-07
1.120044769999999943e+02,1.500000000000000000e+00,-3.718371359999999805e-10,-4.269413330000000015e-07,2.677352679999999745e-07,1.499999290000000096e+00,5.069105580000000431e-07
1.123244770000000017e+02,1.500000000000000000e+00,1.322812000000000022e-10,-4.244703909999999776e-07,2.682512790000000172e-07,1.499999290000000096e+00,5.055841030000000124e-07
1.126444769999999949e+02,1.500000000000000000e+00,6.331237759999999893e-10,-4.220154930000000255e-07,2.687639289999999910e-07,1.499999290000000096e+00,5.042662029999999924e-07
1.129644770000000022e+02,1.500000000000000000e+00,1.130722000000000017e-09,-4.195764850000000102e-07,2.692732490000000084e-07,1.499999290000000096e+00,5.029567850000000358e-07
1.132844769999999954e+02,1.500000000000000000e+00,1.625107489999999971e-09,-4.171532120000000046e-07,2.697792739999999847e-07,1.499999290000000096e+00,5.016557689999999584e-07
1.136044770000000028e+02,1.500000000000000000e+00,2.116310920000000071e-09,-4.147455229999999905e-07,2.702820320000000213e-07,1.499999290000000096e+00,5.003630709999999848e-07
1.139244770000000102e+02,1.500000000000000000e+00,2.604363220000000168e-09,-4.123532680000000060e-07,2.707815579999999805e-07,1.499999290000000096e+00,4.990786179999999561e-07
1.142444770000000034e+02,1.500000000000000000e+00,3.089294320000000001e-09,-4.099762999999999943e-07,2.712778810000000206e-07,1.499999290000000096e+00,4.978023100000000389e-07
1.145644769999999966e+02,1.500000000000000000e+00,3.571133760000000053e-09,-4.076144730000000082e-07,2.717710319999999892e-07,1.499999290000000096e+00,4.965341069999999823e-07
1.148844769999999897e+02,1.500000000000000000e+00,4.049911199999999687e-09,-4.052676430000000017e-07,2.722610399999999915e-07,1.499999290000000096e+00,4.952739050000000443e-07
1.152044769999999971e+02,1.500000000000000000e+00,4.525656090000000019e-09,-4.029356679999999892e-07,2.727479379999999884e-07,1.499999300000000035e+00,4.940216379999999854e-07
1.155244770000000045e+02,1.500000000000000000e+00,4.998396710000000054e-09,-4.006184069999999885e-07,2.732317520000000213e-07,1.499999300000000035e+00,4.927772289999999499e-07
1.158444769999999977e+02,1.500000000000000000e+00,5.468161690000000152e-09,-3.983157210000000249e-07,2.737125149999999982e-07,1.499999300000000035e+00,4.915406120000000160e-07
1.161644770000000051e+02,1.500000000000000000e+00,5.934978410000000271e-09,-3.960274739999999756e-07,2.741902520000000097e-07,1.499999300000000035e+00,4.903117039999999884e-07
1.164844769999999983e+02,1.500000000000000000e+00,6.398874560000000306e-09,-3.937535309999999861e-07,2.746649920000000022e-07,1.499999300000000035e+00,4.890904419999999564e-07
1.168044770000000057e+02,1.500000000000000000e+00,6.859878080000000229e-09,-3.914937589999999975e-07,2.751367659999999823e-07,1.499999300000000035e+00,4.878767559999999835e-07
1.171244769999999988e+02,1.500000000000000000e+00,7.318015510000000394e-09,-3.892480240000000002e-07,2.756055989999999877e-07,1.499999300000000035e+00,4.866705740000000205e-07
1.174444770000000062e+02,1.500000000000000000e+00,7.773313360000000815e-09,-3.870161970000000027e-07,2.760715200000000178e-07,1.499999300000000035e+00,4.854718240000000178e-07
1.177644769999999994e+02,1.500000000000000000e+00,8.225797800000000403e-09,-3.847981510000000207e-07,2.765345530000000008e-07,1.499999300000000035e+00,4.842804390000000500e-07
1.180844769999999926e+02,1.500000000000000000e+00,8.675495320000000324e-09,-3.825937560000000062e-07,2.769947289999999961e-07,1.499999300000000035e+00,4.830963610000000127e-07
1.184044770000000000e+02,1.500000000000000000e+00,9.122430690000000698e-09,-3.804028889999999895e-07,2.774520689999999742e-07,1.499999309999999975e+00,4.819195040000000174e-07
1.187244769999999932e+02,1.500000000000000000e+00,9.566630049999999270e-09,-3.782254249999999935e-07,2.779066039999999945e-07,1.499999309999999975e+00,4.807498179999999885e-07
1.190444770000000005e+02,1.500000000000000000e+00,1.000811800000000057e-08,-3.760612419999999993e-07,2.783583579999999852e-07,1.499999309999999975e+00,4.795872390000000117e-07
1.193644769999999937e+02,1.500000000000000000e+00,1.044691960000000002e-08,-3.739102179999999878e-07,2.788073559999999842e-07,1.499999309999999975e+00,4.784316990000000519e-07
1.196844770000000153e+02,1.500000000000000000e+00,1.088305839999999934e-08,-3.717722350000000075e-07,2.792536220000000255e-07,1.499999309999999975e+00,4.772831359999999901e-07
1.200044770000000085e+02,1.500000000000000000e+00,1.131655929999999983e-08,-3.696471739999999971e-07,2.796971819999999916e-07,1.499999309999999975e+00,4.761414870000000213e-07
1.203244770000000017e+02,1.500000000000000000e+00,1.174744610000000083e-08,-3.675349190000000125e-07,2.801380619999999770e-07,1.499999309999999975e+00,4.750066840000000048e-07
1.206444769999999949e+02,1.500000000000000000e+00,1.217574179999999972e-08,-3.654353540000000033e-07,2.805762840000000084e-07,1.499999309999999975e+00,4.738786750000000166e-07
1.209644770000000022e+02,1.500000000000000000e+00,1.260147010000000077e-08,-3.633483659999999832e-07,2.810118710000000105e-07,1.499999309999999975e+00,4.727573890000000109e-07
1.212844769999999954e+02,1.500000000000000000e+00,1.302465419999999978e-08,-3.612738430000000224e-07,2.814448499999999753e-07,1.499999309999999975e+00,4.716427880000000086e-07
1.216044769999999886e+02,1.500000000000000000e+00,1.344531600000000043e-08,-3.592116719999999756e-07,2.818752409999999754e-07,1.499999309999999975e+00,4.705347970000000025e-07
1.219244770000000102e+02,1.500000000000000000e+00,1.386347860000000016e-08,-3.571617449999999805e-07,2.823030699999999992e-07,1.499999309999999975e+00,4.694333529999999757e-07
1.222444770000000034e+02,1.500000000000000000e+00,1.427916369999999926e-08,-3.551239520000000087e-07,2.827283560000000098e-07,1.499999319999999914e+00,4.683384100000000261e-07
1.225644769999999966e+02,1.500000000000000000e+00,1.469239400000000000e-08,-3.530981869999999932e-07,2.831511270000000029e-07,1.499999319999999914e+00,4.672499010000000165e-07
1.228844769999999897e+02,1.500000000000000000e+00,1.510319000000000066e-08,-3.510843440000000260e-07,2.835713989999999835e-07,1.499999319999999914e+00,4.661677819999999991e-07
1.232044770000000113e+02,1.500000000000000000e+00,1.551157420000000012e-08,-3.490823169999999873e-07,2.839891989999999967e-07,1.499999319999999914e+00,4.650919940000000245e-07
1.235244770000000045e+02,1.500000000000000000e+00,1.591756709999999998e-08,-3.470920039999999835e-07,2.844045460000000055e-07,1.499999319999999914e+00,4.640224730000000193e-07
1.238444769999999835e+02,1.500000000000000000e+00,1.632118930000000016e-08,-3.451133020000000116e-07,2.848174609999999802e-07,1.499999319999999914e+00,4.629591710000000213e-07
1.241644770000000051e+02,1.500000000000000000e+00,1.672246249999999932e-08,-3.431461100000000228e-07,2.852279670000000042e-07,1.499999319999999914e+00,4.619020370000000043e-07
1.244844769999999983e+02,1.500000000000000000e+00,1.712140610000000033e-08,-3.411903270000000214e-07,2.856360849999999949e-07,1.499999319999999914e+00,4.608510199999999950e-07
1.248044769999999914e+02,1.500000000000000000e+00,1.751804089999999990e-08,-3.392458560000000261e-07,2.860418350000000248e-07,1.499999319999999914e+00,4.598060540000000186e-07
1.251244770000000130e+02,1.500000000000000000e+00,1.791238639999999928e-08,-3.373125989999999989e-07,2.864452370000000078e-07,1.499999319999999914e+00,4.587671090000000194e-07
1.254444770000000062e+02,1.500000000000000000e+00,1.830446269999999992e-08,-3.353904580000000079e-07,2.868463110000000162e-07,1.499999319999999914e+00,4.577341160000000116e-07
1.257644769999999994e+02,1.500000000000000000e+00,1.869428880000000124e-08,-3.334793389999999769e-07,2.872450780000000205e-07,1.499999319999999914e+00,4.567070240000000221e-07
1.260844769999999926e+02,1.500000000000000000e+00,1.908188480000000140e-08,-3.315791469999999847e-07,2.876415579999999873e-07,1.499999330000000075e+00,4.556857910000000044e-07
1.264044770000000142e+02,1.500000000000000000e+00,1.946726920000000132e-08,-3.296897890000000116e-07,2.880357709999999891e-07,1.499999330000000075e+00,4.546703730000000107e-07
1.267244769999999932e+02,1.500000000000000000e+00,1.985046080000000038e-08,-3.278111729999999887e-07,2.884277339999999817e-07,1.499999330000000075e+00,4.536607010000000023e-07
1.270099999999999909e+02,1.500000000000000000e+00,2.019190610000000126e-08,-3.261403789999999793e-07,2.887810229999999745e-07,1.499999330000000075e+00,4.527507850000000163e-07
1.270319999999999965e+02,0.000000000000000000e+00,7.056797959999999703e-03,1.377797099999999997e-02,1.132607090000000045e-02,1.096648850000000008e+00,-1.304833480000000025e-02
1.272959539999999947e+02,0.000000000000000000e+00,2.672148260000000164e-01,3.317067570000000187e-01,3.216521110000000183e-01,1.282865990000000012e-01,1.279537659999999966e-01
1.276159539999999879e+02,0.000000000000000000e+00,3.496242170000000149e-01,6.813096589999999564e-01,6.722794250000000416e-01,5.315515180000000145e-02,5.192899010000000259e-02
1.279359540000000095e+02,0.000000000000000000e+00,3.841329259999999857e-01,9.775779559999999702e-01,9.703059299999999832e-01,1.009580099999999973e-02,9.562602479999999724e-03
1.282559540000000027e+02,0.000000000000000000e+00,4.057690950000000241e-01,1.197605260000000005e+00,1.192617100000000097e+00,4.632878910000000155e-04,4.790849279999999876e-04
1.285759539999999959e+02,0.000000000000000000e+00,4.207764979999999988e-01,1.336984359999999983e+00,1.334036549999999988e+00,1.638780839999999950e-04,1.954623510000000136e-04
1.288959540000000175e+02,0.000000000000000000e+00,4.318494929999999732e-01,1.415374359999999943e+00,1.413771660000000097e+00,9.864784019999999355e-05,1.275334170000000009e-04
1.292159540000000106e+02,0.000000000000000000e+00,4.404207880000000075e-01,1.456843040000000089e+00,1.456002660000000004e+00,6.224737319999999903e-05,8.877174089999999632e-05
1.295359540000000038e+02,0.000000000000000000e+00,4.473163110000000220e-01,1.478171890000000044e+00,1.477736839999999940e+00,4.143408430000000134e-05,6.567475970000000596e-05
1.298559539999999970e+02,0.000000000000000000e+00,4.530395110000000058e-01,1.488998999999999961e+00,1.488773630000000070e+00,2.919583490000000003e-05,5.124574669999999667e-05
1.301759540000000186e+02,0.000000000000000000e+00,4.579102560000000155e-01,1.494461199999999934e+00,1.494343100000000035e+00,2.164486980000000148e-05,4.163410660000000112e-05
1.304959540000000118e+02,0.000000000000000000e+00,4.621397850000000251e-01,1.497208950000000094e+00,1.497145579999999976e+00,1.670414129999999849e-05,3.478016920000000125e-05
1.308159539999999765e+02,0.000000000000000000e+00,4.658726480000000003e-01,1.498589610000000016e+00,1.498554240000000037e+00,1.327477510000000025e-05,2.958765310000000104e-05
1.311359539999999981e+02,0.000000000000000000e+00,4.692110079999999850e-01,1.499283240000000017e+00,1.499262300000000048e+00,1.076961629999999960e-05,2.546422989999999969e-05
1.314559539999999913e+02,0.000000000000000000e+00,4.722291900000000209e-01,1.499631939999999997e+00,1.499618539999999944e+00,8.866677569999999905e-06,2.207925299999999858e-05
1.317759539999999845e+02,0.000000000000000000e+00,4.749826879999999862e-01,1.499807499999999960e+00,1.499798140000000002e+00,7.381909910000000161e-06,1.923877779999999944e-05
1.320959540000000061e+02,0.000000000000000000e+00,4.775138939999999943e-01,1.499896139999999933e+00,1.499889019999999906e+00,6.204091170000000396e-06,1.682155859999999976e-05
1.324159539999999993e+02,0.000000000000000000e+00,4.798558569999999968e-01,1.499941109999999966e+00,1.499935299999999971e+00,5.261488339999999993e-06,1.474622660000000030e-05
1.327359539999999924e+02,0.000000000000000000e+00,4.820348070000000096e-01,1.499964120000000012e+00,1.499959119999999979e+00,4.504659579999999745e-06,1.295431009999999958e-05
1.330559539999999856e+02,0.000000000000000000e+00,4.840718960000000015e-01,1.499976060000000055e+00,1.499971610000000011e+00,3.897446430000000234e-06,1.140129760000000019e-05
1.333759540000000072e+02,0.000000000000000000e+00,4.859844190000000008e-01,1.499982410000000099e+00,1.499978339999999966e+00,3.412135989999999807e-06,1.005180110000000023e-05
1.336959540000000004e+02,0.000000000000000000e+00,4.877866980000000185e-01,1.499985909999999922e+00,1.499982149999999903e+00,3.026763400000000190e-06,8.876828210000000765e-06
1.340159539999999936e+02,0.000000000000000000e+00,4.894907199999999903e-01,1.499987949999999959e+00,1.499984430000000035e+00,2.723528510000000137e-06,7.852155459999999760e-06
1.343359540000000152e+02,0.000000000000000000e+00,4.911066210000000209e-01,1.499989220000000012e+00,1.499985920000000084e+00,2.487805709999999884e-06,6.957290899999999887e-06
1.346559540000000084e+02,0.000000000000000000e+00,4.926430450000000016e-01,1.499990090000000054e+00,1.499986969999999920e+00,2.307480649999999830e-06,6.174764329999999724e-06
1.349759540000000015e+02,0.000000000000000000e+00,4.941074269999999879e-01,1.499990740000000100e+00,1.499987769999999943e+00,2.172476080000000003e-06,5.489608920000000093e-06
1.352959539999999947e+02,0.000000000000000000e+00,4.955062029999999784e-01,1.499991250000000109e+00,1.499988429999999928e+00,2.074393579999999998e-06,4.888962079999999781e-06
1.356159540000000163e+02,0.000000000000000000e+00,4.968449870000000157e-01,1.499991679999999938e+00,1.499988990000000078e+00,2.006231850000000079e-06,4.361746100000000038e-06
1.359359540000000095e+02,0.000000000000000000e+00,4.981287010000000071e-01,1.499992060000000071e+00,1.499989479999999986e+00,1.962158580000000132e-06,3.898405760000000375e-06
1.362559540000000027e+02,0.000000000000000000e+00,4.993616860000000268e-01,1.499992400000000004e+00,1.499989929999999916e+00,1.937322590000000064e-06,3.490689109999999979e-06
1.365759539999999959e+02,0.000000000000000000e+00,5.005477879999999935e-01,1.499992699999999957e+00,1.499990329999999927e+00,1.927697130000000160e-06,3.131462420000000054e-06
1.368959539999999890e+02,0.000000000000000000e+00,5.016904349999999901e-01,1.499992980000000031e+00,1.499990699999999899e+00,1.929948469999999790e-06,2.814552879999999873e-06
1.372159539999999822e+02,0.000000000000000000e+00,5.027926900000000421e-01,1.499993240000000005e+00,1.499991040000000053e+00,1.941325169999999983e-06,2.534614340000000189e-06
1.375359539999999754e+02,0.000000000000000000e+00,5.038573050000000331e-01,1.499993480000000101e+00,1.499991360000000107e+00,1.959564689999999866e-06,2.287012510000000148e-06
1.378559539999999970e+02,0.000000000000000000e+00,5.048867590000000183e-01,1.499993700000000096e+00,1.499991660000000060e+00,1.982814440000000176e-06,2.067726579999999982e-06
1.381759539999999902e+02,0.000000000000000000e+00,5.058832949999999551e-01,1.499993909999999930e+00,1.499991929999999973e+00,2.009565099999999816e-06,1.873264759999999989e-06
1.384959539999999834e+02,0.000000000000000000e+00,5.068489489999999931e-01,1.499994100000000108e+00,1.499992189999999948e+00,2.038594299999999920e-06,1.700591870000000017e-06
1.388159540000000050e+02,0.000000000000000000e+00,5.077855719999999629e-01,1.499994279999999902e+00,1.499992430000000043e+00,2.068919030000000002e-06,1.547067030000000022e-06
1.391359539999999981e+02,0.000000000000000000e+00,5.086948550000000013e-01,1.499994449999999979e+00,1.499992659999999978e+00,2.099755539999999865e-06,1.410390130000000066e-06
1.394559539999999913e+02,0.000000000000000000e+00,5.095783449999999881e-01,1.499994609999999895e+00,1.499992870000000034e+00,2.130485509999999927e-06,1.288555820000000076e-06
1.397759540000000129e+02,0.000000000000000000e+00,5.104374619999999529e-01,1.499994770000000033e+00,1.499993069999999928e+00,2.160627569999999965e-06,1.179813849999999964e-06
1.400959540000000061e+02,0.000000000000000000e+00,5.112735120000000411e-01,1.499994910000000070e+00,1.499993270000000045e+00,2.189813309999999982e-06,1.082634959999999993e-06
1.404159539999999993e+02,0.000000000000000000e+00,5.120876979999999801e-01,1.499995039999999946e+00,1.499993450000000061e+00,2.217767200000000205e-06,9.956814820000000086e-07
1.407359539999999924e+02,0.000000000000000000e+00,5.128811319999999618e-01,1.499995170000000044e+00,1.499993619999999916e+00,2.244289689999999922e-06,9.177819799999999860e-07
1.410559540000000140e+02,0.000000000000000000e+00,5.136548440000000548e-01,1.499995299999999920e+00,1.499993780000000054e+00,2.269243079999999800e-06,8.479094170000000296e-07
1.413759540000000072e+02,0.000000000000000000e+00,5.144097880000000345e-01,1.499995409999999918e+00,1.499993930000000031e+00,2.292539729999999987e-06,7.851622620000000239e-07
1.416959540000000004e+02,0.000000000000000000e+00,5.151468510000000167e-01,1.499995519999999916e+00,1.499994080000000007e+00,2.314132160000000195e-06,7.287482010000000493e-07
1.420159540000000220e+02,0.000000000000000000e+00,5.158668589999999554e-01,1.499995629999999913e+00,1.499994220000000045e+00,2.334004920000000075e-06,6.779700469999999872e-07
1.423359540000000152e+02,0.000000000000000000e+00,5.165705819999999449e-01,1.499995729999999972e+00,1.499994349999999921e+00,2.352167739999999979e-06,6.322135600000000177e-07
1.426559540000000084e+02,0.000000000000000000e+00,5.172587379999999957e-01,1.499995820000000091e+00,1.499994480000000019e+00,2.368649899999999820e-06,5.909368960000000391e-07
1.429759540000000015e+02,0.000000000000000000e+00,5.179319999999999480e-01,1.499995919999999927e+00,1.499994599999999956e+00,2.383495619999999916e-06,5.536614699999999815e-07
1.432959539999999947e+02,0.000000000000000000e+00,5.185909979999999697e-01,1.499996000000000107e+00,1.499994719999999893e+00,2.396760230000000016e-06,5.199640389999999924e-07
1.436159539999999879e+02,0.000000000000000000e+00,5.192363220000000279e-01,1.499996090000000004e+00,1.499994829999999890e+00,2.408507049999999846e-06,4.894698249999999491e-07
1.439359539999999811e+02,0.000000000000000000e+00,5.198685280000000519e-01,1.499996169999999962e+00,1.499994940000000110e+00,2.418804870000000123e-06,4.618465429999999764e-07
1.442559540000000027e+02,0.000000000000000000e+00,5.204881369999999619e-01,1.499996249999999920e+00,1.499995039999999946e+00,2.427725879999999926e-06,4.367992170000000122e-07
1.445759539999999959e+02,0.000000000000000000e+00,5.210956389999999994e-01,1.499996319999999939e+00,1.499995140000000005e+00,2.435344050000000128e-06,4.140656540000000122e-07
1.448959539999999890e+02,0.000000000000000000e+00,5.216914990000000030e-01,1.499996389999999957e+00,1.499995229999999902e+00,2.441733809999999885e-06,3.934125200000000095e-07
1.452159539999999822e+02,0.000000000000000000e+00,5.222761540000000480e-01,1.499996459999999976e+00,1.499995329999999960e+00,2.446969019999999886e-06,3.746318990000000199e-07
1.455359540000000038e+02,0.000000000000000000e+00,5.228500149999999458e-01,1.499996529999999995e+00,1.499995409999999918e+00,2.451122180000000120e-06,3.575383070000000103e-07
1.458559539999999970e+02,0.000000000000000000e+00,5.234134740000000452e-01,1.499996590000000074e+00,1.499995500000000037e+00,2.454263849999999892e-06,3.419660719999999763e-07
1.461759539999999902e+02,0.000000000000000000e+00,5.239669000000000132e-01,1.499996649999999931e+00,1.499995579999999995e+00,2.456462149999999820e-06,3.277670419999999930e-07
1.464959540000000118e+02,0.000000000000000000e+00,5.245106440000000259e-01,1.499996710000000011e+00,1.499995659999999953e+00,2.457782479999999972e-06,3.148085839999999965e-07
1.468159540000000050e+02,0.000000000000000000e+00,5.250450380000000195e-01,1.499996770000000090e+00,1.499995729999999972e+00,2.458287310000000167e-06,3.029718250000000217e-07
1.471359539999999981e+02,0.000000000000000000e+00,5.255703980000000497e-01,1.499996820000000008e+00,1.499995809999999929e+00,2.458036000000000160e-06,2.921501069999999966e-07
1.474559540000000197e+02,0.000000000000000000e+00,5.260870220000000153e-01,1.499996880000000088e+00,1.499995879999999948e+00,2.457084789999999829e-06,2.822476290000000047e-07
1.477759540000000129e+02,0.000000000000000000e+00,5.265951970000000149e-01,1.499996930000000006e+00,1.499995940000000028e+00,2.455486759999999867e-06,2.731782579999999956e-07
1.480959540000000061e+02,0.000000000000000000e+00,5.270951940000000446e-01,1.499996979999999924e+00,1.499996010000000046e+00,2.453291850000000166e-06,2.648644719999999737e-07
1.484159539999999993e+02,0.000000000000000000e+00,5.275872710000000243e-01,1.499997030000000064e+00,1.499996069999999904e+00,2.450546960000000179e-06,2.572364310000000163e-07
1.487359540000000209e+02,0.000000000000000000e+00,5.280716749999999626e-01,1.499997070000000043e+00,1.499996139999999922e+00,2.447295980000000086e-06,2.502311640000000250e-07
1.490559540000000140e+02,0.000000000000000000e+00,5.285486409999999857e-01,1.499997119999999962e+00,1.499996200000000002e+00,2.443579939999999856e-06,2.437918340000000234e-07
1.493759539999999788e+02,0.000000000000000000e+00,5.290183929999999757e-01,1.499997159999999941e+00,1.499996249999999920e+00,2.439437139999999934e-06,2.378671040000000018e-07
1.496959540000000004e+02,0.000000000000000000e+00,5.294811459999999581e-01,1.499997199999999919e+00,1.499996309999999999e+00,2.434903210000000182e-06,2.324105589999999908e-07
1.500000000000000000e+02,0.000000000000000000e+00,5.299145379999999905e-01,1.499997239999999898e+00,1.499996359999999918e+00,2.429590419999999975e-06,2.269811010000000085e-07
