time,vin,vout_buf,vout_st
4.999999999999999562e-05,1.649999999999999991e-04,1.115064230000000101e-09,1.119575269999999997e-09
1.999999999999999825e-04,6.599999999999999964e-04,1.113549769999999954e-09,1.113533949999999998e-09
7.999999999999999299e-04,2.639999999999999986e-03,1.113549819999999970e-09,1.113534069999999912e-09
3.199999999999999720e-03,1.055999999999999994e-02,1.113549679999999966e-09,1.113534119999999928e-09
1.139999999999999868e-02,3.762000000000000066e-02,1.113549700000000055e-09,1.113534150000000062e-09
2.139999999999999888e-02,7.062000000000000222e-02,1.113549570000000097e-09,1.113534090000000001e-09
3.139999999999999736e-02,1.036200000000000038e-01,1.113549470000000065e-09,1.113533780000000068e-09
4.139999999999999930e-02,1.366199999999999914e-01,1.113548879999999918e-09,1.113533469999999927e-09
5.140000000000000124e-02,1.696199999999999930e-01,1.113547660000000067e-09,1.113532639999999952e-09
6.140000000000000319e-02,2.026199999999999946e-01,1.113541839999999990e-09,1.113528879999999953e-09
7.140000000000000513e-02,2.356199999999999961e-01,1.113532710000000057e-09,1.113523140000000026e-09
8.140000000000000013e-02,2.686200000000000254e-01,1.113508710000000058e-09,1.113514489999999957e-09
9.139999999999999514e-02,3.016199999999999992e-01,1.113447200000000055e-09,1.113610249999999918e-09
1.014000000000000040e-01,3.346199999999999730e-01,1.113288549999999940e-09,1.113636280000000068e-09
1.113999999999999990e-01,3.676200000000000023e-01,1.112877289999999909e-09,1.113649259999999987e-09
1.213999999999999940e-01,4.006199999999999761e-01,1.111806629999999991e-09,1.113659710000000010e-09
1.313999999999999890e-01,4.336200000000000054e-01,1.109021360000000022e-09,1.113668979999999945e-09
1.413999999999999979e-01,4.666199999999999792e-01,1.101830540000000037e-09,1.113678240000000043e-09
1.514000000000000068e-01,4.996200000000000085e-01,1.083785199999999956e-09,1.113687610000000011e-09
1.613999999999999879e-01,5.326199999999999823e-01,1.041862200000000038e-09,1.113696499999999908e-09
1.713999999999999968e-01,5.656200000000000117e-01,9.589145380000000222e-10,1.113705569999999987e-09
1.813999999999999779e-01,5.986200000000000410e-01,8.277805639999999993e-10,1.113714699999999920e-09
1.913999999999999868e-01,6.316199999999999593e-01,6.579984469999999914e-10,1.113724250000000069e-09
2.013999999999999957e-01,6.646199999999999886e-01,4.635584090000000055e-10,1.113734090000000062e-09
2.113999999999999768e-01,6.976200000000000179e-01,2.542951699999999810e-10,1.113744070000000059e-09
2.213999999999999857e-01,7.306200000000000472e-01,3.623256190000000277e-11,1.113753939999999979e-09
2.313999999999999946e-01,7.636199999999999655e-01,-1.863817149999999951e-10,1.113763890000000049e-09
2.414000000000000035e-01,7.966199999999999948e-01,-4.098211259999999777e-10,1.113773939999999944e-09
2.514000000000000123e-01,8.296200000000000241e-01,-6.301741879999999685e-10,1.113784090000000078e-09
2.614000000000000212e-01,8.626200000000000534e-01,-8.427552469999999959e-10,1.113794369999999963e-09
2.713999999999999746e-01,8.956199999999999717e-01,-1.041376070000000046e-09,1.113804759999999925e-09
2.813999999999999835e-01,9.286200000000000010e-01,-1.217249250000000081e-09,1.113815309999999980e-09
2.913999999999999924e-01,9.616200000000000303e-01,-1.357220530000000079e-09,1.113825799999999973e-09
3.014000000000000012e-01,9.946199999999999486e-01,-1.440812429999999980e-09,1.113836630000000034e-09
3.113999999999999546e-01,1.027619999999999978e+00,-1.435124400000000062e-09,1.113847440000000006e-09
3.214000000000000190e-01,1.060619999999999896e+00,-1.477021539999999967e-09,1.113859290000000061e-09
3.313999999999999724e-01,1.093620000000000037e+00,-1.108639109999999974e-09,1.113872269999999980e-09
3.413999999999999813e-01,1.126619999999999955e+00,-3.545160789999999991e-10,1.113885570000000084e-09
3.513999999999999901e-01,1.159620000000000095e+00,1.069418300000000093e-09,1.113898610000000063e-09
3.613999999999999990e-01,1.192620000000000013e+00,3.700550790000000010e-09,1.113912369999999942e-09
3.713999999999999524e-01,1.225619999999999932e+00,8.606468250000000639e-09,1.113925879999999947e-09
3.814000000000000168e-01,1.258620000000000072e+00,1.803638609999999917e-08,1.113939930000000083e-09
3.914000000000000257e-01,1.291619999999999990e+00,3.707907290000000242e-08,1.113953929999999996e-09
4.013999999999999790e-01,1.324619999999999909e+00,7.830604089999999471e-08,1.113968280000000021e-09
4.114000000000000434e-01,1.357620000000000049e+00,1.764145550000000088e-07,1.113983000000000040e-09
4.213999999999999968e-01,1.390619999999999967e+00,4.419453099999999908e-07,1.113997689999999925e-09
4.314000000000000057e-01,1.423620000000000108e+00,1.301780350000000053e-06,1.114012950000000074e-09
4.414000000000000146e-01,1.456620000000000026e+00,6.225155559999999861e-06,1.114028460000000097e-09
4.514000000000000234e-01,1.489619999999999944e+00,4.074942509999999985e-05,1.114046090000000051e-09
4.613999999999999768e-01,1.522620000000000084e+00,5.279119330000000068e-04,1.114064079999999954e-09
4.714000000000000412e-01,1.555620000000000003e+00,8.414042329999999598e-03,1.114082520000000000e-09
4.813999999999999946e-01,1.588619999999999921e+00,1.561252619999999869e-01,1.114101319999999996e-09
4.903337520000000671e-01,1.618101379999999923e+00,3.208860940000000106e+00,1.114123219999999946e-09
4.990348640000000224e-01,1.646815050000000058e+00,3.294339599999999812e+00,1.114146220000000040e-09
5.090348639999999758e-01,1.679815049999999976e+00,3.299903130000000129e+00,1.114166270000000021e-09
5.190348640000000957e-01,1.712815049999999895e+00,3.300006989999999973e+00,1.114187039999999900e-09
5.290348639999999936e-01,1.745815050000000035e+00,3.300012929999999844e+00,1.114208280000000012e-09
5.390348640000000024e-01,1.778815049999999953e+00,3.300013620000000092e+00,1.114230110000000064e-09
5.490348640000000113e-01,1.811815050000000094e+00,3.300013690000000111e+00,1.114252559999999982e-09
5.590348640000000202e-01,1.844815050000000012e+00,3.300013639999999970e+00,1.114275989999999924e-09
5.690348639999999181e-01,1.877815049999999930e+00,3.300013579999999891e+00,1.114300110000000044e-09
5.790348640000000380e-01,1.910815050000000070e+00,3.300013519999999811e+00,1.114325040000000050e-09
5.890348640000000469e-01,1.943815049999999989e+00,3.300013460000000176e+00,1.114351189999999907e-09
5.990348640000000557e-01,1.976815049999999907e+00,3.300013410000000036e+00,1.114378110000000093e-09
6.090348639999999536e-01,2.009815049999999825e+00,3.300013359999999896e+00,1.114406280000000056e-09
6.190348639999999625e-01,2.042815050000000188e+00,3.300013320000000139e+00,1.114435739999999976e-09
6.290348639999999714e-01,2.075815050000000106e+00,3.300013279999999938e+00,1.114467040000000027e-09
6.390348640000000913e-01,2.108815050000000024e+00,3.300013250000000120e+00,1.114499490000000032e-09
6.490348639999999891e-01,2.141815049999999943e+00,3.300013219999999858e+00,1.114534070000000012e-09
6.590348639999999980e-01,2.174815049999999861e+00,3.300013190000000041e+00,1.114570079999999952e-09
6.690348640000000069e-01,2.207815049999999779e+00,3.300013170000000162e+00,1.114606249999999984e-09
6.790348640000000158e-01,2.240815050000000141e+00,3.300013149999999840e+00,1.114635000000000050e-09
6.890348639999999136e-01,2.273815050000000060e+00,3.300013129999999961e+00,1.114622399999999962e-09
6.990348640000000335e-01,2.306815049999999978e+00,3.300013110000000083e+00,1.114418160000000038e-09
7.090348640000000424e-01,2.339815049999999896e+00,3.300013090000000204e+00,1.113357669999999929e-09
7.190348640000000513e-01,2.372815049999999815e+00,3.300013079999999821e+00,1.108477079999999898e-09
7.290348639999999492e-01,2.405815050000000177e+00,3.300013059999999943e+00,1.086407140000000055e-09
7.390348639999999580e-01,2.438815050000000095e+00,3.300013050000000003e+00,9.856569190000000747e-10
7.490348639999999669e-01,2.471815050000000014e+00,3.300013040000000064e+00,5.086587190000000210e-10
7.590348639999999758e-01,2.504815049999999932e+00,3.300013040000000064e+00,-2.163184669999999885e-09
7.646598639999999669e-01,2.523377550000000191e+00,3.299999999999999822e+00,-1.676382030000000105e-08
7.659489259999999744e-01,2.527631459999999830e+00,3.299999999999999822e+00,-5.041400779999999784e-07
7.659525889999999615e-01,2.527643540000000133e+00,3.299999999999999822e+00,-6.502904560000000477e-07
7.659672370000000230e-01,2.527691879999999891e+00,3.299999999999999822e+00,-4.511818629999999759e-06
7.659702889999999709e-01,2.527701949999999975e+00,3.299999999999999822e+00,-1.482955140000000017e-05
7.659726539999999195e-01,2.527709760000000028e+00,3.299999999999999822e+00,3.167082039999999932e+00
7.659742660000000702e-01,2.527715080000000114e+00,3.299999999999999822e+00,3.231311170000000121e+00
7.659754250000000431e-01,2.527718899999999991e+00,3.299999999999999822e+00,3.256489160000000105e+00
7.659767509999999557e-01,2.527723280000000017e+00,3.299999999999999822e+00,3.266579000000000121e+00
7.659788750000000590e-01,2.527730290000000046e+00,3.299999999999999822e+00,3.271143200000000029e+00
7.659831110000000498e-01,2.527744269999999904e+00,3.299999999999999822e+00,3.273205019999999799e+00
7.659965619999999920e-01,2.527788660000000132e+00,3.299999999999999822e+00,3.273861570000000221e+00
7.660503659999999826e-01,2.527966210000000213e+00,3.299999999999999822e+00,3.274022850000000151e+00
7.662655800000000017e-01,2.528676410000000097e+00,3.299999999999999822e+00,3.274062990000000006e+00
7.671264370000000499e-01,2.531517239999999891e+00,3.299999999999999822e+00,3.274073000000000011e+00
7.705698640000000488e-01,2.542880550000000017e+00,3.299999999999999822e+00,3.274075450000000220e+00
7.801610999999999407e-01,2.574531630000000071e+00,3.299999999999999822e+00,3.274076099999999823e+00
7.901610999999999496e-01,2.607531629999999989e+00,3.299999999999999822e+00,3.274076720000000051e+00
8.001610999999999585e-01,2.640531629999999907e+00,3.299999999999999822e+00,3.274077339999999836e+00
8.101611000000000784e-01,2.673531629999999826e+00,3.299999999999999822e+00,3.274077970000000004e+00
8.201610999999999763e-01,2.706531630000000188e+00,3.299999999999999822e+00,3.274078600000000172e+00
8.301610999999999851e-01,2.739531630000000106e+00,3.299999999999999822e+00,3.274079239999999835e+00
8.401610999999999940e-01,2.772531630000000025e+00,3.299999999999999822e+00,3.274079889999999882e+00
8.501611000000000029e-01,2.805531629999999943e+00,3.299999999999999822e+00,3.274080479999999849e+00
8.601610999999999008e-01,2.838531629999999861e+00,3.299999999999999822e+00,3.274081069999999816e+00
8.701611000000000207e-01,2.871531629999999780e+00,3.299999999999999822e+00,3.274081649999999843e+00
8.801611000000000296e-01,2.904531630000000142e+00,3.299999999999999822e+00,3.274082309999999829e+00
8.901611000000000384e-01,2.937531630000000060e+00,3.299999999999999822e+00,3.274082959999999876e+00
9.001611000000000473e-01,2.970531629999999979e+00,3.299999999999999822e+00,3.274083689999999880e+00
9.101610999999999452e-01,3.003531629999999897e+00,3.299999999999999822e+00,3.274084370000000188e+00
9.201610999999999541e-01,3.036531629999999815e+00,3.299999999999999822e+00,3.274085050000000052e+00
9.301611000000000740e-01,3.069531630000000177e+00,3.299999999999999822e+00,3.274085729999999916e+00
9.401611000000000828e-01,3.102531630000000096e+00,3.299999999999999822e+00,3.274086420000000164e+00
9.501610999999999807e-01,3.135531630000000014e+00,3.299999999999999822e+00,3.274087109999999967e+00
9.601610999999999896e-01,3.168531629999999932e+00,3.299999999999999822e+00,3.274087810000000154e+00
9.701610999999999985e-01,3.201531629999999851e+00,3.299999999999999822e+00,3.274088509999999896e+00
9.801611000000000073e-01,3.234531630000000213e+00,3.299999999999999822e+00,3.274089210000000083e+00
9.901611000000000162e-01,3.267531630000000131e+00,3.299999999999999822e+00,3.274089909999999826e+00
1.000000000000000000e+00,3.299999999999999822e+00,3.299999999999999822e+00,3.274090629999999891e+00
1.001500000000000057e+00,3.299999999999999822e+00,3.299999999999999822e+00,3.300000960000000205e+00
1.006667250000000013e+00,3.299999999999999822e+00,3.299999999999999822e+00,3.300000960000000205e+00
1.016667250000000022e+00,3.299999999999999822e+00,3.299999999999999822e+00,3.300000960000000205e+00
1.026667250000000031e+00,3.299999999999999822e+00,3.299999999999999822e+00,3.300000960000000205e+00
1.036667250000000040e+00,3.299999999999999822e+00,3.299999999999999822e+00,3.300000960000000205e+00
1.046667249999999827e+00,3.299999999999999822e+00,3.299999999999999822e+00,3.300000960000000205e+00
1.056667249999999836e+00,3.299999999999999822e+00,3.299999999999999822e+00,3.300000960000000205e+00
1.066667250000000067e+00,3.299999999999999822e+00,3.299999999999999822e+00,3.300000960000000205e+00
1.076667250000000076e+00,3.299999999999999822e+00,3.299999999999999822e+00,3.300000960000000205e+00
1.086667250000000084e+00,3.299999999999999822e+00,3.299999999999999822e+00,3.300000960000000205e+00
1.096667250000000093e+00,3.299999999999999822e+00,3.299999999999999822e+00,3.300000960000000205e+00
1.106667250000000102e+00,3.299999999999999822e+00,3.299999999999999822e+00,3.300000960000000205e+00
1.116667250000000111e+00,3.299999999999999822e+00,3.299999999999999822e+00,3.300000960000000205e+00
1.126667249999999898e+00,3.299999999999999822e+00,3.299999999999999822e+00,3.300000960000000205e+00
1.136667249999999907e+00,3.299999999999999822e+00,3.299999999999999822e+00,3.300000960000000205e+00
1.146667249999999916e+00,3.299999999999999822e+00,3.299999999999999822e+00,3.300000960000000205e+00
1.156667249999999925e+00,3.299999999999999822e+00,3.299999999999999822e+00,3.300000960000000205e+00
1.166667249999999934e+00,3.299999999999999822e+00,3.299999999999999822e+00,3.300000960000000205e+00
1.176667249999999942e+00,3.299999999999999822e+00,3.299999999999999822e+00,3.300000960000000205e+00
1.186667249999999951e+00,3.299999999999999822e+00,3.299999999999999822e+00,3.300000960000000205e+00
1.196667250000000182e+00,3.299999999999999822e+00,3.299999999999999822e+00,3.300000960000000205e+00
1.206667249999999969e+00,3.299999999999999822e+00,3.299999999999999822e+00,3.300000960000000205e+00
1.216667249999999978e+00,3.299999999999999822e+00,3.299999999999999822e+00,3.300000960000000205e+00
1.226667249999999987e+00,3.299999999999999822e+00,3.299999999999999822e+00,3.300000960000000205e+00
1.236667249999999996e+00,3.299999999999999822e+00,3.299999999999999822e+00,3.300000960000000205e+00
1.246667250000000005e+00,3.299999999999999822e+00,3.299999999999999822e+00,3.300000960000000205e+00
1.256667250000000013e+00,3.299999999999999822e+00,3.299999999999999822e+00,3.300000960000000205e+00
1.266667250000000022e+00,3.299999999999999822e+00,3.299999999999999822e+00,3.300000960000000205e+00
1.276667250000000031e+00,3.299999999999999822e+00,3.299999999999999822e+00,3.300000960000000205e+00
1.286667250000000040e+00,3.299999999999999822e+00,3.299999999999999822e+00,3.300000960000000205e+00
1.296667249999999827e+00,3.299999999999999822e+00,3.299999999999999822e+00,3.300000960000000205e+00
1.306667249999999836e+00,3.299999999999999822e+00,3.299999999999999822e+00,3.300000960000000205e+00
1.316667250000000067e+00,3.299999999999999822e+00,3.299999999999999822e+00,3.300000960000000205e+00
1.326667250000000076e+00,3.299999999999999822e+00,3.299999999999999822e+00,3.300000960000000205e+00
1.336667250000000084e+00,3.299999999999999822e+00,3.299999999999999822e+00,3.300000960000000205e+00
1.346667250000000093e+00,3.299999999999999822e+00,3.299999999999999822e+00,3.300000960000000205e+00
1.356667250000000102e+00,3.299999999999999822e+00,3.299999999999999822e+00,3.300000960000000205e+00
1.366667250000000111e+00,3.299999999999999822e+00,3.299999999999999822e+00,3.300000960000000205e+00
1.376667249999999898e+00,3.299999999999999822e+00,3.299999999999999822e+00,3.300000960000000205e+00
1.386667249999999907e+00,3.299999999999999822e+00,3.299999999999999822e+00,3.300000960000000205e+00
1.396667249999999916e+00,3.299999999999999822e+00,3.299999999999999822e+00,3.300000960000000205e+00
1.406667249999999925e+00,3.299999999999999822e+00,3.299999999999999822e+00,3.300000960000000205e+00
1.416667249999999934e+00,3.299999999999999822e+00,3.299999999999999822e+00,3.300000960000000205e+00
1.426667249999999942e+00,3.299999999999999822e+00,3.299999999999999822e+00,3.300000960000000205e+00
1.436667250000000173e+00,3.299999999999999822e+00,3.299999999999999822e+00,3.300000960000000205e+00
1.446667250000000182e+00,3.299999999999999822e+00,3.299999999999999822e+00,3.300000960000000205e+00
1.456667249999999969e+00,3.299999999999999822e+00,3.299999999999999822e+00,3.300000960000000205e+00
1.466667249999999978e+00,3.299999999999999822e+00,3.299999999999999822e+00,3.300000960000000205e+00
1.476667249999999987e+00,3.299999999999999822e+00,3.299999999999999822e+00,3.300000960000000205e+00
1.486667249999999996e+00,3.299999999999999822e+00,3.299999999999999822e+00,3.300000960000000205e+00
1.496667250000000005e+00,3.299999999999999822e+00,3.299999999999999822e+00,3.300000960000000205e+00
1.506667250000000013e+00,3.299999999999999822e+00,3.299999999999999822e+00,3.300000960000000205e+00
1.516667250000000022e+00,3.299999999999999822e+00,3.299999999999999822e+00,3.300000960000000205e+00
1.526667250000000031e+00,3.299999999999999822e+00,3.299999999999999822e+00,3.300000960000000205e+00
1.536667249999999818e+00,3.299999999999999822e+00,3.299999999999999822e+00,3.300000960000000205e+00
1.546667249999999827e+00,3.299999999999999822e+00,3.299999999999999822e+00,3.300000960000000205e+00
1.556667249999999836e+00,3.299999999999999822e+00,3.299999999999999822e+00,3.300000960000000205e+00
1.566667250000000067e+00,3.299999999999999822e+00,3.299999999999999822e+00,3.300000960000000205e+00
1.576667250000000076e+00,3.299999999999999822e+00,3.299999999999999822e+00,3.300000960000000205e+00
1.586667250000000084e+00,3.299999999999999822e+00,3.299999999999999822e+00,3.300000960000000205e+00
1.596667250000000093e+00,3.299999999999999822e+00,3.299999999999999822e+00,3.300000960000000205e+00
1.606667250000000102e+00,3.299999999999999822e+00,3.299999999999999822e+00,3.300000960000000205e+00
1.616667250000000111e+00,3.299999999999999822e+00,3.299999999999999822e+00,3.300000960000000205e+00
1.626667249999999898e+00,3.299999999999999822e+00,3.299999999999999822e+00,3.300000960000000205e+00
1.636667249999999907e+00,3.299999999999999822e+00,3.299999999999999822e+00,3.300000960000000205e+00
1.646667249999999916e+00,3.299999999999999822e+00,3.299999999999999822e+00,3.300000960000000205e+00
1.656667249999999925e+00,3.299999999999999822e+00,3.299999999999999822e+00,3.300000960000000205e+00
1.666667249999999934e+00,3.299999999999999822e+00,3.299999999999999822e+00,3.300000960000000205e+00
1.676667249999999942e+00,3.299999999999999822e+00,3.299999999999999822e+00,3.300000960000000205e+00
1.686667250000000173e+00,3.299999999999999822e+00,3.299999999999999822e+00,3.300000960000000205e+00
1.696667250000000182e+00,3.299999999999999822e+00,3.299999999999999822e+00,3.300000949999999822e+00
1.706667249999999969e+00,3.299999999999999822e+00,3.299999999999999822e+00,3.300000949999999822e+00
1.716667249999999978e+00,3.299999999999999822e+00,3.299999999999999822e+00,3.300000949999999822e+00
1.726667249999999987e+00,3.299999999999999822e+00,3.299999999999999822e+00,3.300000949999999822e+00
1.736667249999999996e+00,3.299999999999999822e+00,3.299999999999999822e+00,3.300000949999999822e+00
1.746667250000000005e+00,3.299999999999999822e+00,3.299999999999999822e+00,3.300000949999999822e+00
1.756667250000000013e+00,3.299999999999999822e+00,3.299999999999999822e+00,3.300000949999999822e+00
1.766667250000000022e+00,3.299999999999999822e+00,3.299999999999999822e+00,3.300000949999999822e+00
1.776667250000000031e+00,3.299999999999999822e+00,3.299999999999999822e+00,3.300000949999999822e+00
1.786667249999999818e+00,3.299999999999999822e+00,3.299999999999999822e+00,3.300000949999999822e+00
1.796667249999999827e+00,3.299999999999999822e+00,3.299999999999999822e+00,3.300000949999999822e+00
1.806667250000000058e+00,3.299999999999999822e+00,3.299999999999999822e+00,3.300000949999999822e+00
1.816667250000000067e+00,3.299999999999999822e+00,3.299999999999999822e+00,3.300000949999999822e+00
1.826667250000000076e+00,3.299999999999999822e+00,3.299999999999999822e+00,3.300000949999999822e+00
1.836667250000000084e+00,3.299999999999999822e+00,3.299999999999999822e+00,3.300000949999999822e+00
1.846667250000000093e+00,3.299999999999999822e+00,3.299999999999999822e+00,3.300000949999999822e+00
1.856667250000000102e+00,3.299999999999999822e+00,3.299999999999999822e+00,3.300000949999999822e+00
1.866667250000000111e+00,3.299999999999999822e+00,3.299999999999999822e+00,3.300000949999999822e+00
1.876667249999999898e+00,3.299999999999999822e+00,3.299999999999999822e+00,3.300000949999999822e+00
1.886667249999999907e+00,3.299999999999999822e+00,3.299999999999999822e+00,3.300000949999999822e+00
1.896667249999999916e+00,3.299999999999999822e+00,3.299999999999999822e+00,3.300000949999999822e+00
1.906667249999999925e+00,3.299999999999999822e+00,3.299999999999999822e+00,3.300000949999999822e+00
1.916667249999999934e+00,3.299999999999999822e+00,3.299999999999999822e+00,3.300000949999999822e+00
1.926667249999999942e+00,3.299999999999999822e+00,3.299999999999999822e+00,3.300000949999999822e+00
1.936667250000000173e+00,3.299999999999999822e+00,3.299999999999999822e+00,3.300000949999999822e+00
1.946667250000000182e+00,3.299999999999999822e+00,3.299999999999999822e+00,3.300000949999999822e+00
1.956667249999999969e+00,3.299999999999999822e+00,3.299999999999999822e+00,3.300000949999999822e+00
1.966667249999999978e+00,3.299999999999999822e+00,3.299999999999999822e+00,3.300000949999999822e+00
1.976667249999999987e+00,3.299999999999999822e+00,3.299999999999999822e+00,3.300000949999999822e+00
1.986667249999999996e+00,3.299999999999999822e+00,3.299999999999999822e+00,3.300000949999999822e+00
1.996667250000000005e+00,3.299999999999999822e+00,3.299999999999999822e+00,3.300000949999999822e+00
2.000500000000000167e+00,3.298350000000000115e+00,3.299999999999999822e+00,3.299999999999999822e+00
2.003500000000000281e+00,3.288450000000000095e+00,3.299999999999999822e+00,3.299999999999999822e+00
2.012500000000000178e+00,3.258750000000000036e+00,3.299999999999999822e+00,3.299999999999999822e+00
2.022499999999999964e+00,3.225750000000000117e+00,3.299999999999999822e+00,3.299999999999999822e+00
2.032500000000000195e+00,3.192750000000000199e+00,3.299999999999999822e+00,3.299999999999999822e+00
2.042499999999999982e+00,3.159749999999999837e+00,3.299999999999999822e+00,3.299999999999999822e+00
2.052500000000000213e+00,3.126749999999999918e+00,3.299999999999999822e+00,3.299999999999999822e+00
2.062500000000000000e+00,3.093750000000000000e+00,3.299999999999999822e+00,3.299999999999999822e+00
2.072500000000000231e+00,3.060750000000000082e+00,3.299999999999999822e+00,3.299999999999999822e+00
2.082500000000000018e+00,3.027750000000000163e+00,3.299999999999999822e+00,3.299999999999999822e+00
2.092500000000000249e+00,2.994749999999999801e+00,3.299999999999999822e+00,3.299999999999999822e+00
2.102500000000000036e+00,2.961749999999999883e+00,3.299999999999999822e+00,3.299999999999999822e+00
2.112499999999999822e+00,2.928749999999999964e+00,3.299999999999999822e+00,3.299999999999999822e+00
2.122499999999999609e+00,2.895750000000000046e+00,3.299999999999999822e+00,3.299999999999999822e+00
2.132499999999999840e+00,2.862750000000000128e+00,3.299999999999999822e+00,3.299999999999999822e+00
2.142500000000000071e+00,2.829750000000000210e+00,3.299999999999999822e+00,3.299999999999999822e+00
2.152499999999999858e+00,2.796749999999999847e+00,3.299999999999999822e+00,3.299999999999999822e+00
2.162500000000000089e+00,2.763749999999999929e+00,3.299999999999999822e+00,3.299999999999999822e+00
2.172499999999999876e+00,2.730750000000000011e+00,3.299999999999999822e+00,3.299999999999999822e+00
2.182500000000000107e+00,2.697750000000000092e+00,3.299999999999999822e+00,3.299999999999999822e+00
2.192499999999999893e+00,2.664750000000000174e+00,3.299999999999999822e+00,3.299999999999999822e+00
2.202500000000000124e+00,2.631749999999999812e+00,3.299999999999999822e+00,3.299999999999999822e+00
2.212499999999999911e+00,2.598749999999999893e+00,3.299999999999999822e+00,3.299999999999999822e+00
2.222500000000000142e+00,2.565749999999999975e+00,3.299999999999999822e+00,3.299999999999999822e+00
2.232499999999999929e+00,2.532750000000000057e+00,3.299999999999999822e+00,3.299999999999999822e+00
2.242500000000000160e+00,2.499750000000000139e+00,3.299999999999999822e+00,3.299999999999999822e+00
2.252499999999999947e+00,2.466750000000000220e+00,3.299999999999999822e+00,3.299999999999999822e+00
2.262500000000000178e+00,2.433749999999999858e+00,3.299999999999999822e+00,3.299999999999999822e+00
2.272500000000000409e+00,2.400749999999999940e+00,3.299999999999999822e+00,3.299999999999999822e+00
2.282499999999999751e+00,2.367750000000000021e+00,3.299999999999999822e+00,3.299999999999999822e+00
2.292499999999999982e+00,2.334750000000000103e+00,3.299999999999999822e+00,3.299999999999999822e+00
2.302499999999999769e+00,2.301750000000000185e+00,3.299999999999999822e+00,3.299999999999999822e+00
2.312500000000000000e+00,2.268749999999999822e+00,3.299999999999999822e+00,3.299999999999999822e+00
2.322499999999999787e+00,2.235749999999999904e+00,3.300000010000000206e+00,3.299999999999999822e+00
2.332500000000000018e+00,2.202749999999999986e+00,3.300000010000000206e+00,3.299999999999999822e+00
2.342499999999999805e+00,2.169750000000000068e+00,3.300000010000000206e+00,3.299999999999999822e+00
2.352500000000000036e+00,2.136750000000000149e+00,3.300000010000000206e+00,3.299999999999999822e+00
2.362499999999999822e+00,2.103749999999999787e+00,3.300000010000000206e+00,3.299999999999999822e+00
2.372500000000000053e+00,2.070749999999999869e+00,3.300000010000000206e+00,3.299999999999999822e+00
2.382500000000000284e+00,2.037749999999999950e+00,3.300000010000000206e+00,3.299999999999999822e+00
2.392500000000000071e+00,2.004750000000000032e+00,3.300000010000000206e+00,3.299999999999999822e+00
2.402500000000000302e+00,1.971749999999999892e+00,3.300000010000000206e+00,3.299999999999999822e+00
2.412500000000000089e+00,1.938749999999999973e+00,3.300000010000000206e+00,3.299999999999999822e+00
2.422500000000000320e+00,1.905750000000000055e+00,3.300000010000000206e+00,3.299999999999999822e+00
2.432500000000000107e+00,1.872749999999999915e+00,3.299999999999999822e+00,3.299999999999999822e+00
2.442499999999999893e+00,1.839749999999999996e+00,3.299999979999999944e+00,3.299999999999999822e+00
2.452499999999999680e+00,1.806750000000000078e+00,3.299999909999999925e+00,3.299999999999999822e+00
2.462499999999999911e+00,1.773749999999999938e+00,3.299999679999999991e+00,3.299999999999999822e+00
2.472499999999999698e+00,1.740750000000000020e+00,3.299998580000000015e+00,3.299999999999999822e+00
2.482499999999999929e+00,1.707750000000000101e+00,3.299989580000000089e+00,3.299999999999999822e+00
2.492499999999999716e+00,1.674749999999999961e+00,3.299791359999999951e+00,3.299999999999999822e+00
2.502499999999999947e+00,1.641750000000000043e+00,3.290368790000000043e+00,3.299999999999999822e+00
2.512500000000000178e+00,1.608749999999999902e+00,3.075753339999999891e+00,3.299999999999999822e+00
2.521391359999999970e+00,1.579408530000000033e+00,6.374686459999999444e-02,3.299999999999999822e+00
2.529870530000000173e+00,1.551427239999999985e+00,5.950298700000000371e-03,3.299999999999999822e+00
2.539870529999999960e+00,1.518427240000000067e+00,3.563103980000000177e-04,3.299999999999999822e+00
2.549870530000000191e+00,1.485427239999999927e+00,1.762019589999999855e-05,3.299999999999999822e+00
2.559870529999999977e+00,1.452427240000000008e+00,-7.868147570000000505e-06,3.299999999999999822e+00
2.569870530000000208e+00,1.419427240000000090e+00,-1.216770419999999955e-05,3.299999999999999822e+00
2.579870529999999995e+00,1.386427239999999950e+00,-1.246880770000000035e-05,3.299999999999999822e+00
2.589870529999999782e+00,1.353427240000000031e+00,-1.256050839999999940e-05,3.299999999999999822e+00
2.599870530000000013e+00,1.320427239999999891e+00,-1.255472140000000081e-05,3.299999999999999822e+00
2.609870529999999800e+00,1.287427239999999973e+00,-1.251866899999999945e-05,3.299999999999999822e+00
2.619870530000000031e+00,1.254427240000000054e+00,-1.247470910000000058e-05,3.299999999999999822e+00
2.629870529999999818e+00,1.221427239999999914e+00,-1.243053420000000022e-05,3.299999999999999822e+00
2.639870530000000048e+00,1.188427239999999996e+00,-1.238876930000000074e-05,3.299999999999999822e+00
2.649870529999999835e+00,1.155427240000000078e+00,-1.235019750000000060e-05,3.299999999999999822e+00
2.659870530000000066e+00,1.122427239999999937e+00,-1.231491870000000010e-05,3.299999999999999822e+00
2.669870529999999853e+00,1.089427240000000019e+00,-1.228278830000000071e-05,3.299999999999999822e+00
2.679870530000000084e+00,1.056427240000000101e+00,-1.225358839999999930e-05,3.299999999999999822e+00
2.689870529999999871e+00,1.023427239999999960e+00,-1.220322369999999947e-05,3.299999999999999822e+00
2.699870530000000102e+00,9.904272379999999876e-01,-1.218162709999999917e-05,3.299999999999999822e+00
2.709870530000000333e+00,9.574272379999999583e-01,-1.216216709999999987e-05,3.299999999999999822e+00
2.719870530000000119e+00,9.244272380000000400e-01,-1.214472320000000025e-05,3.299999999999999822e+00
2.729870530000000350e+00,8.914272380000000107e-01,-1.212918900000000060e-05,3.299999999999999822e+00
2.739870530000000137e+00,8.584272379999999814e-01,-1.211547030000000056e-05,3.300000010000000206e+00
2.745495530000000350e+00,8.398647380000000551e-01,3.508178519999999794e-09,3.300000030000000084e+00
2.747058029999999818e+00,8.347084879999999707e-01,3.190657009999999938e-09,3.300001819999999864e+00
2.747839279999999995e+00,8.321303629999999840e-01,3.163602099999999960e-09,3.299999909999999925e+00
2.748776780000000031e+00,8.290366129999999778e-01,3.133822080000000001e-09,3.299999650000000173e+00
2.749783600000000217e+00,8.257141329999999613e-01,3.102735269999999795e-09,-2.035983029999999933e-04
2.750662850000000326e+00,8.228125880000000114e-01,3.070882450000000003e-09,-2.036773660000000096e-04
2.753598900000000071e+00,8.131236320000000406e-01,2.999109180000000066e-09,-2.036306649999999993e-04
2.762513629999999942e+00,7.837050239999999723e-01,2.761109789999999883e-09,-2.033995979999999909e-04
2.772513630000000173e+00,7.507050240000000541e-01,2.483204630000000015e-09,-2.033882040000000097e-04
2.782513629999999960e+00,7.177050240000000247e-01,2.222761249999999865e-09,-2.033768780000000007e-04
2.792513630000000191e+00,6.847050239999999954e-01,1.979741889999999972e-09,-2.033656179999999991e-04
2.802513629999999978e+00,6.517050239999999661e-01,1.756144020000000017e-09,-2.033544220000000128e-04
2.812513630000000209e+00,6.187050240000000478e-01,1.557213380000000004e-09,-2.033432889999999915e-04
2.822513629999999996e+00,5.857050240000000185e-01,1.393099609999999997e-09,-2.033322169999999976e-04
2.832513630000000227e+00,5.527050239999999892e-01,1.276301469999999959e-09,-2.033212040000000119e-04
2.842513630000000013e+00,5.197050239999999599e-01,1.209244540000000014e-09,-2.033102479999999881e-04
2.852513630000000244e+00,4.867050239999999861e-01,1.177851250000000007e-09,-2.032993459999999925e-04
2.862513630000000031e+00,4.537050240000000123e-01,1.164862590000000006e-09,-2.032884569999999992e-04
2.871916710000000261e+00,4.226748659999999824e-01,1.160011089999999902e-09,-2.032766940000000017e-04
2.880075870000000204e+00,3.957496369999999875e-01,1.158201820000000034e-09,-2.032630199999999965e-04
2.888278970000000001e+00,3.686794059999999873e-01,1.157346709999999964e-09,-2.032495549999999965e-04
2.898278969999999788e+00,3.356794060000000135e-01,1.156909300000000076e-09,-2.032387829999999964e-04
2.908278970000000019e+00,3.026794059999999842e-01,1.156739060000000030e-09,-2.032280659999999935e-04
2.918278969999999806e+00,2.696794060000000104e-01,1.156584720000000089e-09,-2.032173889999999933e-04
2.928278970000000037e+00,2.366794060000000088e-01,1.156533569999999914e-09,-2.033968989999999878e-04
2.938278969999999823e+00,2.036794060000000073e-01,1.156522719999999971e-09,-2.033848789999999872e-04
2.948278970000000054e+00,1.706794060000000057e-01,1.156516750000000053e-09,-2.033729389999999922e-04
2.958278969999999841e+00,1.376794060000000042e-01,1.156513239999999927e-09,-2.033610780000000067e-04
2.968278970000000072e+00,1.046794060000000026e-01,1.156510309999999903e-09,-2.033492960000000038e-04
2.978278969999999859e+00,7.167940559999999572e-02,1.156507619999999914e-09,-2.033375880000000034e-04
2.988278970000000090e+00,3.867940560000000111e-02,1.156505109999999900e-09,-2.033259530000000093e-04
2.998278969999999877e+00,5.679405650000000222e-03,1.156502699999999917e-09,-2.033143890000000027e-04
