t,ecg_signal_offset
0.000000000000000000e+00,6.131818181818182723e-01
9.775171065493646130e-04,6.154545454545454763e-01
1.955034213098729226e-03,6.151948051948052942e-01
2.932551319648093839e-03,6.198701298701299045e-01
3.910068426197458452e-03,6.250000000000001110e-01
4.887585532746823065e-03,6.286363636363637708e-01
5.865102639296187678e-03,6.324025974025975216e-01
6.842619745845552291e-03,6.337012987012987653e-01
7.820136852394916904e-03,6.301948051948051965e-01
8.797653958944280650e-03,6.266233766233767488e-01
9.775171065493646130e-03,6.255194805194806973e-01
1.075268817204301161e-02,6.269480519480520320e-01
1.173020527859237536e-02,6.332467532467533911e-01
1.270772238514173910e-02,6.388961038961039618e-01
1.368523949169110458e-02,6.416233766233766511e-01
1.466275659824047006e-02,6.376623376623378192e-01
1.564027370478983381e-02,6.320779220779222385e-01
1.661779081133919755e-02,6.273376623376624162e-01
1.759530791788856130e-02,6.285714285714286698e-01
1.857282502443792851e-02,6.312987012987013591e-01
1.955034213098729226e-02,6.368181818181818388e-01
2.052785923753665601e-02,6.411688311688313879e-01
2.150537634408602322e-02,6.393506493506494470e-01
2.248289345063538697e-02,6.394155844155844370e-01
2.346041055718475071e-02,6.395454545454546391e-01
2.443792766373411446e-02,6.431168831168830868e-01
2.541544477028347820e-02,6.461688311688312814e-01
2.639296187683284542e-02,6.450649350649352298e-01
2.737047898338220916e-02,6.381818181818181834e-01
2.834799608993157291e-02,6.353246753246754031e-01
2.932551319648094013e-02,6.351298701298702110e-01
3.030303030303030387e-02,6.414285714285714590e-01
3.128054740957966762e-02,6.483766233766234954e-01
3.225806451612903136e-02,6.533766233766234999e-01
3.323558162267839511e-02,6.574675324675326449e-01
3.421309872922775885e-02,6.546103896103896425e-01
3.519061583577712260e-02,6.503246753246755274e-01
3.616813294232649328e-02,6.453246753246755230e-01
3.714565004887585703e-02,6.431168831168831979e-01
3.812316715542522078e-02,6.428571428571429047e-01
3.910068426197458452e-02,6.481168831168832023e-01
4.007820136852394827e-02,6.512337662337662758e-01
4.105571847507331201e-02,6.510389610389610837e-01
4.203323558162267576e-02,6.524675324675325294e-01
4.301075268817204644e-02,6.551948051948052187e-01
4.398826979472141019e-02,6.602597402597403242e-01
4.496578690127077393e-02,6.621428571428572551e-01
4.594330400782013768e-02,6.614935064935064668e-01
4.692082111436950143e-02,6.562337662337663913e-01
4.789833822091886517e-02,6.509740259740260937e-01
4.887585532746822892e-02,6.488961038961040817e-01
4.985337243401759266e-02,6.529220779220781257e-01
5.083088954056695641e-02,6.598701298701299400e-01
5.180840664711632709e-02,6.681818181818183211e-01
5.278592375366569084e-02,6.706493506493507173e-01
5.376344086021505458e-02,6.642207792207792671e-01
5.474095796676441833e-02,6.615584415584416789e-01
5.571847507331378208e-02,6.613636363636364868e-01
5.669599217986314582e-02,6.597402597402599600e-01
5.767350928641250957e-02,6.635064935064937108e-01
5.865102639296188025e-02,6.686363636363638063e-01
5.962854349951124400e-02,6.704545454545455252e-01
6.060606060606060774e-02,6.692207792207792716e-01
6.158357771260997149e-02,6.679870129870130180e-01
6.256109481915933523e-02,6.689610389610389785e-01
6.353861192570869898e-02,6.702597402597403331e-01
6.451612903225806273e-02,6.721428571428571530e-01
6.549364613880742647e-02,6.753896103896105396e-01
6.647116324535679022e-02,6.725974025974027493e-01
6.744868035190615396e-02,6.690259740259740795e-01
6.842619745845551771e-02,6.621428571428573662e-01
6.940371456500488145e-02,6.649350649350651565e-01
7.038123167155424520e-02,6.766233766233767932e-01
7.135874877810362282e-02,6.834415584415585165e-01
7.233626588465298657e-02,6.834415584415585165e-01
7.331378299120235031e-02,6.770779220779221674e-01
7.429130009775171406e-02,6.725974025974027493e-01
7.526881720430107781e-02,6.659740259740262180e-01
7.624633431085044155e-02,6.668181818181818654e-01
7.722385141739980530e-02,6.719480519480519609e-01
7.820136852394916904e-02,6.723376623376625671e-01
7.917888563049853279e-02,6.684415584415586142e-01
8.015640273704789653e-02,6.608441558441560115e-01
8.113391984359726028e-02,6.562337662337663913e-01
8.211143695014662403e-02,6.546753246753247435e-01
8.308895405669598777e-02,6.548051948051949456e-01
8.406647116324535152e-02,6.535064935064935909e-01
8.504398826979471526e-02,6.531818181818184188e-01
8.602150537634409289e-02,6.479220779220780102e-01
8.699902248289345663e-02,6.406493506493508017e-01
8.797653958944282038e-02,6.369480519480520408e-01
8.895405669599218412e-02,6.457142857142857961e-01
8.993157380254154787e-02,6.553246753246755318e-01
9.090909090909091161e-02,6.585714285714286964e-01
9.188660801564027536e-02,6.538961038961039751e-01
9.286412512218963911e-02,6.490259740259742838e-01
9.384164222873900285e-02,6.445454545454546436e-01
9.481915933528836660e-02,6.437012987012988852e-01
9.579667644183773034e-02,6.469480519480520497e-01
9.677419354838709409e-02,6.498051948051949411e-01
9.775171065493645783e-02,6.588961038961038685e-01
9.872922776148582158e-02,6.674675324675326538e-01
9.970674486803518533e-02,6.685714285714287053e-01
1.006842619745845491e-01,6.701948051948054541e-01
1.016617790811339128e-01,6.738311688311691139e-01
1.026392961876832904e-01,6.779220779220781479e-01
1.036168132942326542e-01,6.796753246753247657e-01
1.045943304007820179e-01,6.761688311688313080e-01
1.055718475073313817e-01,6.674025974025976637e-01
1.065493646138807454e-01,6.610389610389612036e-01
1.075268817204301092e-01,6.605844155844157184e-01
1.085043988269794729e-01,6.708441558441559094e-01
1.094819159335288367e-01,6.846103896103897801e-01
1.104594330400782004e-01,6.905844155844157450e-01
1.114369501466275642e-01,6.890909090909091983e-01
1.124144672531769279e-01,6.779870129870132489e-01
1.133919843597262916e-01,6.690909090909091805e-01
1.143695014662756554e-01,6.633766233766235088e-01
1.153470185728250191e-01,6.635064935064937108e-01
1.163245356793743829e-01,6.660389610389613191e-01
1.173020527859237605e-01,6.706493506493507173e-01
1.182795698924731242e-01,6.725974025974027493e-01
1.192570869990224880e-01,6.671428571428573706e-01
1.202346041055718517e-01,6.620129870129872751e-01
1.212121212121212155e-01,6.591558441558442727e-01
1.221896383186705792e-01,6.599350649350650411e-01
1.231671554252199430e-01,6.599350649350650411e-01
1.241446725317693067e-01,6.620779220779223762e-01
1.251221896383186705e-01,6.603246753246754253e-01
1.260997067448680342e-01,6.507792207792207906e-01
1.270772238514173980e-01,6.389610389610390628e-01
1.280547409579667617e-01,6.419480519480520453e-01
1.290322580645161255e-01,6.577272727272728270e-01
1.300097751710654892e-01,6.698051948051949589e-01
1.309872922776148529e-01,6.716233766233766778e-01
1.319648093841642167e-01,6.650649350649351366e-01
1.329423264907135804e-01,6.542857142857144703e-01
1.339198435972629442e-01,6.452597402597404219e-01
1.348973607038123079e-01,6.398701298701300333e-01
1.358748778103616717e-01,6.380519480519482034e-01
1.368523949169110354e-01,6.383766233766235976e-01
1.378299120234603992e-01,6.365584415584416567e-01
1.388074291300097629e-01,6.294805194805197512e-01
1.397849462365591267e-01,6.254545454545455963e-01
1.407624633431084904e-01,6.262337662337662536e-01
1.417399804496578819e-01,6.330519480519481990e-01
1.427174975562072456e-01,6.392857142857143460e-01
1.436950146627566094e-01,6.411038961038963979e-01
1.446725317693059731e-01,6.368181818181818388e-01
1.456500488758553369e-01,6.301298701298702065e-01
1.466275659824047006e-01,6.250649350649351010e-01
1.476050830889540644e-01,6.300000000000001155e-01
1.485826001955034281e-01,6.396753246753248412e-01
1.495601173020527919e-01,6.449350649350651388e-01
1.505376344086021556e-01,6.447402597402598357e-01
1.515151515151515194e-01,6.392207792207793560e-01
1.524926686217008831e-01,6.357142857142858983e-01
1.534701857282502468e-01,6.372727272727273240e-01
1.544477028347996106e-01,6.411038961038962869e-01
1.554252199413489743e-01,6.474675324675326360e-01
1.564027370478983381e-01,6.529870129870131157e-01
1.573802541544477018e-01,6.524675324675325294e-01
1.583577712609970656e-01,6.540909090909092782e-01
1.593352883675464293e-01,6.562987012987013813e-01
1.603128054740957931e-01,6.583116883116885143e-01
1.612903225806451568e-01,6.637012987012986809e-01
1.622678396871945206e-01,6.662337662337664002e-01
1.632453567937438843e-01,6.642207792207792671e-01
1.642228739002932481e-01,6.564285714285714723e-01
1.652003910068426118e-01,6.478571428571430202e-01
1.661779081133919755e-01,6.408441558441561048e-01
1.671554252199413393e-01,6.410389610389611859e-01
1.681329423264907030e-01,6.464285714285716855e-01
1.691104594330400668e-01,6.546103896103896425e-01
1.700879765395894305e-01,6.577272727272728270e-01
1.710654936461387943e-01,6.545454545454545414e-01
1.720430107526881858e-01,6.520129870129870442e-01
1.730205278592375495e-01,6.449350649350651388e-01
1.739980449657869133e-01,6.375324675324676171e-01
1.749755620723362770e-01,6.340909090909091494e-01
1.759530791788856408e-01,6.346103896103897357e-01
1.769305962854350045e-01,6.372077922077923340e-01
1.779081133919843682e-01,6.401298701298702154e-01
1.788856304985337320e-01,6.430519480519480968e-01
1.798631476050830957e-01,6.484415584415584854e-01
1.808406647116324595e-01,6.583766233766235043e-01
1.818181818181818232e-01,6.638311688311688830e-01
1.827956989247311870e-01,6.616233766233766689e-01
1.837732160312805507e-01,6.568181818181819676e-01
1.847507331378299145e-01,6.485064935064935865e-01
1.857282502443792782e-01,6.402597402597403065e-01
1.867057673509286420e-01,6.444805194805195425e-01
1.876832844574780057e-01,6.564285714285714723e-01
1.886608015640273694e-01,6.648051948051950655e-01
1.896383186705767332e-01,6.652597402597403287e-01
1.906158357771260969e-01,6.633766233766236198e-01
1.915933528836754607e-01,6.612337662337662847e-01
1.925708699902248244e-01,6.540909090909092782e-01
1.935483870967741882e-01,6.491558441558442638e-01
1.945259042033235519e-01,6.498051948051948301e-01
1.955034213098729157e-01,6.570779220779222607e-01
1.964809384164222794e-01,6.612337662337662847e-01
1.974584555229716432e-01,6.594155844155845658e-01
1.984359726295210069e-01,6.569480519480520586e-01
1.994134897360703707e-01,6.535064935064935909e-01
2.003910068426197344e-01,6.487012987012988896e-01
2.013685239491690981e-01,6.454545454545455030e-01
2.023460410557184619e-01,6.402597402597403065e-01
2.033235581622678256e-01,6.346103896103897357e-01
2.043010752688172171e-01,6.315584415584416522e-01
2.052785923753665809e-01,6.336363636363636642e-01
2.062561094819159446e-01,6.420129870129870353e-01
2.072336265884653084e-01,6.501948051948054363e-01
2.082111436950146721e-01,6.512337662337662758e-01
2.091886608015640359e-01,6.442857142857143504e-01
2.101661779081133996e-01,6.385714285714286786e-01
2.111436950146627634e-01,6.370779220779222429e-01
2.121212121212121271e-01,6.377922077922077992e-01
2.130987292277614908e-01,6.414935064935065601e-01
2.140762463343108546e-01,6.433116883116883900e-01
2.150537634408602183e-01,6.458441558441558872e-01
2.160312805474095821e-01,6.481168831168832023e-01
2.170087976539589458e-01,6.447402597402598357e-01
2.179863147605083096e-01,6.405194805194804886e-01
2.189638318670576733e-01,6.411038961038962869e-01
2.199413489736070371e-01,6.488961038961040817e-01
2.209188660801564008e-01,6.546103896103896425e-01
2.218963831867057646e-01,6.516233766233767710e-01
2.228739002932551283e-01,6.425324675324677326e-01
2.238514173998044920e-01,6.304545454545456007e-01
2.248289345063538558e-01,6.209090909090909660e-01
2.258064516129032195e-01,6.251948051948054141e-01
2.267839687194525833e-01,6.382467532467535065e-01
2.277614858260019470e-01,6.475974025974028381e-01
2.287390029325513108e-01,6.542207792207793693e-01
2.297165200391006745e-01,6.540909090909092782e-01
2.306940371456500383e-01,6.516883116883118721e-01
2.316715542521994020e-01,6.463636363636364734e-01
2.326490713587487658e-01,6.408441558441559938e-01
2.336265884652981295e-01,6.382467532467535065e-01
2.346041055718475210e-01,6.392857142857143460e-01
2.355816226783968848e-01,6.412337662337663780e-01
2.365591397849462485e-01,6.388311688311689718e-01
2.375366568914956122e-01,6.388961038961039618e-01
2.385141739980449760e-01,6.426623376623378237e-01
2.394916911045943397e-01,6.491558441558444859e-01
2.404692082111437035e-01,6.534415584415584899e-01
2.414467253176930672e-01,6.551298701298701177e-01
2.424242424242424310e-01,6.524025974025975394e-01
2.434017595307917947e-01,6.488961038961040817e-01
2.443792766373411585e-01,6.446103896103896336e-01
2.453567937438905222e-01,6.506493506493506995e-01
2.463343108504398860e-01,6.609740259740261026e-01
2.473118279569892497e-01,6.612337662337662847e-01
2.482893450635386134e-01,6.538311688311687631e-01
2.492668621700879772e-01,6.444805194805194315e-01
2.502443792766373409e-01,6.401948051948053164e-01
2.512218963831867047e-01,6.359090909090910904e-01
2.521994134897360684e-01,6.387662337662338707e-01
2.531769305962854322e-01,6.442207792207792494e-01
2.541544477028347959e-01,6.511688311688311748e-01
2.551319648093841597e-01,6.561688311688312902e-01
2.561094819159335234e-01,6.541558441558443793e-01
2.570869990224828872e-01,6.491558441558442638e-01
2.580645161290322509e-01,6.433116883116883900e-01
2.590420332355816146e-01,6.366233766233767577e-01
2.600195503421309784e-01,6.351298701298702110e-01
2.609970674486803421e-01,6.391558441558442549e-01
2.619745845552297059e-01,6.374025974025975261e-01
2.629521016617790696e-01,6.349350649350651299e-01
2.639296187683284334e-01,6.308441558441559849e-01
2.649071358748777971e-01,6.354545454545454941e-01
2.658846529814271609e-01,6.422077922077924494e-01
2.668621700879765246e-01,6.411688311688313879e-01
2.678396871945258884e-01,6.370129870129871419e-01
2.688172043010752521e-01,6.333766233766234821e-01
2.697947214076246158e-01,6.328571428571428958e-01
2.707722385141739796e-01,6.360389610389611814e-01
2.717497556207233433e-01,6.404545454545454986e-01
2.727272727272727071e-01,6.401298701298702154e-01
2.737047898338220708e-01,6.409090909090910948e-01
2.746823069403714346e-01,6.418181818181819542e-01
2.756598240469207983e-01,6.397402597402599422e-01
2.766373411534701621e-01,6.377272727272728092e-01
2.776148582600195258e-01,6.370129870129871419e-01
2.785923753665688896e-01,6.380519480519480924e-01
2.795698924731182533e-01,6.370129870129871419e-01
2.805474095796676171e-01,6.393506493506494470e-01
2.815249266862169808e-01,6.405194805194805996e-01
2.825024437927664001e-01,6.347402597402599378e-01
2.834799608993157638e-01,6.287662337662338619e-01
2.844574780058651275e-01,6.306493506493507928e-01
2.854349951124144913e-01,6.375974025974027182e-01
2.864125122189638550e-01,6.444805194805195425e-01
2.873900293255132188e-01,6.496753246753247391e-01
2.883675464320625825e-01,6.468181818181819587e-01
2.893450635386119463e-01,6.398051948051950433e-01
2.903225806451613100e-01,6.300000000000001155e-01
2.913000977517106738e-01,6.272727272727274261e-01
2.922776148582600375e-01,6.292857142857144481e-01
2.932551319648094013e-01,6.338311688311689673e-01
2.942326490713587650e-01,6.394805194805195381e-01
2.952101661779081287e-01,6.390259740259741639e-01
2.961876832844574925e-01,6.375974025974027182e-01
2.971652003910068562e-01,6.389610389610390628e-01
2.981427174975562200e-01,6.420779220779221363e-01
2.991202346041055837e-01,6.431818181818181879e-01
3.000977517106549475e-01,6.435714285714286831e-01
3.010752688172043112e-01,6.386363636363637797e-01
3.020527859237536750e-01,6.342207792207792405e-01
3.030303030303030387e-01,6.331818181818182900e-01
3.040078201368524025e-01,6.382467532467533955e-01
3.049853372434017662e-01,6.433116883116883900e-01
3.059628543499511300e-01,6.441558441558442594e-01
3.069403714565004937e-01,6.466883116883117566e-01
3.079178885630498574e-01,6.446103896103896336e-01
3.088954056695992212e-01,6.400649350649352254e-01
3.098729227761485849e-01,6.381818181818181834e-01
3.108504398826979487e-01,6.432467532467532889e-01
3.118279569892473124e-01,6.475324675324676260e-01
3.128054740957966762e-01,6.490909090909092738e-01
3.137829912023460399e-01,6.486363636363637886e-01
3.147605083088954037e-01,6.438961038961039662e-01
3.157380254154447674e-01,6.444155844155845525e-01
3.167155425219941312e-01,6.498051948051949411e-01
3.176930596285434949e-01,6.590259740259740706e-01
3.186705767350928586e-01,6.677922077922078259e-01
3.196480938416422224e-01,6.690909090909091805e-01
3.206256109481915861e-01,6.628571428571429225e-01
3.216031280547409499e-01,6.572727272727273418e-01
3.225806451612903136e-01,6.562987012987013813e-01
3.235581622678396774e-01,6.637012987012987919e-01
3.245356793743890411e-01,6.751298701298703575e-01
3.255131964809384049e-01,6.824675324675325561e-01
3.264907135874877686e-01,6.833766233766234155e-01
3.274682306940371324e-01,6.776623376623378547e-01
3.284457478005864961e-01,6.750649350649352565e-01
3.294232649071358598e-01,6.755194805194806307e-01
3.304007820136852236e-01,6.768181818181818743e-01
3.313782991202345873e-01,6.770129870129871774e-01
3.323558162267839511e-01,6.784415584415585121e-01
3.333333333333333148e-01,6.761688311688311970e-01
3.343108504398826786e-01,6.707792207792209194e-01
3.352883675464320423e-01,6.671428571428573706e-01
3.362658846529814061e-01,6.662337662337664002e-01
3.372434017595307698e-01,6.698051948051949589e-01
3.382209188660801336e-01,6.714935064935066977e-01
3.391984359726294973e-01,6.700000000000002620e-01
3.401759530791788610e-01,6.629870129870131246e-01
3.411534701857282248e-01,6.545454545454546524e-01
3.421309872922775885e-01,6.496753246753247391e-01
3.431085043988269523e-01,6.568181818181820786e-01
3.440860215053763715e-01,6.659090909090911170e-01
3.450635386119257353e-01,6.683116883116884122e-01
3.460410557184750990e-01,6.661688311688312991e-01
3.470185728250244628e-01,6.590259740259740706e-01
3.479960899315738265e-01,6.535714285714286920e-01
3.489736070381231903e-01,6.510389610389610837e-01
3.499511241446725540e-01,6.492207792207793648e-01
3.509286412512219178e-01,6.500000000000002442e-01
3.519061583577712815e-01,6.547402597402598445e-01
3.528836754643206453e-01,6.561688311688311792e-01
3.538611925708700090e-01,6.529870129870131157e-01
3.548387096774193727e-01,6.478571428571430202e-01
3.558162267839687365e-01,6.452597402597405329e-01
3.567937438905181002e-01,6.460389610389610793e-01
3.577712609970674640e-01,6.461038961038962913e-01
3.587487781036168277e-01,6.406493506493506906e-01
3.597262952101661915e-01,6.306493506493509038e-01
3.607038123167155552e-01,6.137012987012988585e-01
3.616813294232649190e-01,6.023376623376622829e-01
3.626588465298142827e-01,6.039610389610390317e-01
3.636363636363636465e-01,6.110389610389612702e-01
3.646138807429130102e-01,6.156493506493506684e-01
3.655913978494623739e-01,6.177272727272727915e-01
3.665689149560117377e-01,6.161038961038962647e-01
3.675464320625611014e-01,6.104545454545454719e-01
3.685239491691104652e-01,6.057792207792209727e-01
3.695014662756598289e-01,6.059090909090910637e-01
3.704789833822091927e-01,6.085064935064936620e-01
3.714565004887585564e-01,6.143506493506494248e-01
3.724340175953079202e-01,6.209740259740259560e-01
3.734115347018572839e-01,6.212987012987014612e-01
3.743890518084066477e-01,6.254545454545455963e-01
3.753665689149560114e-01,6.312337662337663691e-01
3.763440860215053752e-01,6.364935064935065556e-01
3.773216031280547389e-01,6.368181818181818388e-01
3.782991202346041026e-01,6.360389610389611814e-01
3.792766373411534664e-01,6.332467532467535021e-01
3.802541544477028301e-01,6.295454545454547413e-01
3.812316715542521939e-01,6.265584415584416478e-01
3.822091886608015576e-01,6.312987012987014701e-01
3.831867057673509214e-01,6.415584415584416611e-01
3.841642228739002851e-01,6.494155844155845569e-01
3.851417399804496489e-01,6.516233766233767710e-01
3.861192570869990126e-01,6.477922077922080302e-01
3.870967741935483764e-01,6.409090909090910948e-01
3.880742913000977401e-01,6.357792207792209993e-01
3.890518084066471038e-01,6.349350649350650189e-01
3.900293255131964676e-01,6.374675324675326271e-01
3.910068426197458313e-01,6.405194805194805996e-01
3.919843597262951951e-01,6.388961038961039618e-01
3.929618768328445588e-01,6.318831168831171574e-01
3.939393939393939226e-01,6.281168831168832956e-01
3.949169110459432863e-01,6.268181818181819409e-01
3.958944281524926501e-01,6.290259740259741550e-01
3.968719452590420138e-01,6.312337662337663691e-01
3.978494623655913776e-01,6.317532467532469553e-01
3.988269794721407413e-01,6.272077922077923251e-01
3.998044965786901050e-01,6.189610389610391561e-01
4.007820136852394688e-01,6.133116883116883633e-01
4.017595307917888325e-01,6.203246753246756118e-01
4.027370478983381963e-01,6.318181818181820564e-01
4.037145650048875600e-01,6.385714285714286786e-01
4.046920821114369238e-01,6.359740259740261914e-01
4.056695992179862875e-01,6.268831168831170420e-01
4.066471163245356513e-01,6.200649350649352076e-01
4.076246334310850705e-01,6.149350649350650011e-01
4.086021505376344343e-01,6.126623376623376860e-01
4.095796676441837980e-01,6.137662337662338485e-01
4.105571847507331618e-01,6.185064935064935598e-01
4.115347018572825255e-01,6.224025974025974017e-01
4.125122189638318893e-01,6.196103896103897224e-01
4.134897360703812530e-01,6.191558441558443482e-01
4.144672531769306167e-01,6.193506493506495403e-01
4.154447702834799805e-01,6.242207792207793426e-01
4.164222873900293442e-01,6.290259740259740440e-01
4.173998044965787080e-01,6.298701298701300244e-01
4.183773216031280717e-01,6.251948051948054141e-01
4.193548387096774355e-01,6.158441558441559716e-01
4.203323558162267992e-01,6.087662337662338441e-01
4.213098729227761630e-01,6.122077922077924228e-01
4.222873900293255267e-01,6.235714285714286653e-01
4.232649071358748905e-01,6.267532467532469509e-01
4.242424242424242542e-01,6.277272727272728003e-01
4.252199413489736179e-01,6.225974025974028159e-01
4.261974584555229817e-01,6.164935064935066489e-01
4.271749755620723454e-01,6.118831168831169176e-01
4.281524926686217092e-01,6.097402597402599156e-01
4.291300097751710729e-01,6.085714285714288740e-01
4.301075268817204367e-01,6.109090909090910682e-01
4.310850439882698004e-01,6.131818181818182723e-01
4.320625610948191642e-01,6.109090909090910682e-01
4.330400782013685279e-01,6.076623376623377926e-01
4.340175953079178917e-01,6.054545454545455785e-01
4.349951124144672554e-01,6.088311688311689451e-01
4.359726295210166191e-01,6.108441558441560781e-01
4.369501466275659829e-01,6.131818181818182723e-01
4.379276637341153466e-01,6.142857142857143238e-01
4.389051808406647104e-01,6.099999999999999867e-01
4.398826979472140741e-01,6.037012987012987386e-01
4.408602150537634379e-01,6.068181818181820342e-01
4.418377321603128016e-01,6.156493506493506684e-01
4.428152492668621654e-01,6.203246753246753897e-01
4.437927663734115291e-01,6.203896103896104908e-01
4.447702834799608929e-01,6.166883116883117300e-01
4.457478005865102566e-01,6.097402597402599156e-01
4.467253176930596203e-01,6.063636363636364379e-01
4.477028347996089841e-01,6.087012987012987431e-01
4.486803519061583478e-01,6.162987012987013458e-01
4.496578690127077116e-01,6.216233766233767444e-01
4.506353861192570753e-01,6.246103896103897268e-01
4.516129032258064391e-01,6.257142857142857784e-01
4.525904203323558028e-01,6.245454545454546258e-01
4.535679374389051666e-01,6.257142857142857784e-01
4.545454545454545303e-01,6.311688311688312680e-01
4.555229716520038941e-01,6.364935064935065556e-01
4.565004887585532578e-01,6.398051948051949323e-01
4.574780058651026216e-01,6.387012987012988807e-01
4.584555229716519853e-01,6.314285714285714501e-01
4.594330400782013490e-01,6.244155844155845347e-01
4.604105571847507128e-01,6.296753246753247213e-01
4.613880742913000765e-01,6.378571428571429003e-01
4.623655913978494403e-01,6.420779220779221363e-01
4.633431085043988040e-01,6.438311688311689762e-01
4.643206256109481678e-01,6.398701298701300333e-01
4.652981427174975315e-01,6.382467532467533955e-01
4.662756598240468953e-01,6.372727272727273240e-01
4.672531769305962590e-01,6.375974025974027182e-01
4.682306940371456228e-01,6.408441558441559938e-01
4.692082111436950420e-01,6.399350649350650233e-01
4.701857282502444058e-01,6.347402597402598268e-01
4.711632453567937695e-01,6.278571428571430024e-01
4.721407624633431332e-01,6.242207792207793426e-01
4.731182795698924970e-01,6.244155844155845347e-01
4.740957966764418607e-01,6.268831168831170420e-01
4.750733137829912245e-01,6.309740259740260759e-01
4.760508308895405882e-01,6.319480519480521474e-01
4.770283479960899520e-01,6.265584415584416478e-01
4.780058651026393157e-01,6.188311688311689540e-01
4.789833822091886795e-01,6.103246753246753808e-01
4.799608993157380432e-01,6.133766233766235754e-01
4.809384164222874070e-01,6.246103896103896158e-01
4.819159335288367707e-01,6.293506493506494381e-01
4.828934506353861345e-01,6.235064935064935643e-01
4.838709677419354982e-01,6.144805194805195159e-01
4.848484848484848619e-01,6.078571428571428736e-01
4.858260019550342257e-01,6.029870129870131823e-01
4.868035190615835894e-01,6.053246753246753764e-01
4.877810361681329532e-01,6.096753246753248145e-01
4.887585532746823169e-01,6.150649350649352032e-01
4.897360703812316807e-01,6.152597402597403953e-01
4.907135874877810444e-01,6.100000000000000977e-01
4.916911045943304082e-01,6.000000000000000888e-01
4.926686217008797719e-01,5.918181818181817988e-01
4.936461388074291357e-01,5.923376623376623851e-01
4.946236559139784994e-01,5.959740259740260448e-01
4.956011730205278631e-01,5.980519480519481679e-01
4.965786901270772269e-01,5.983116883116883500e-01
4.975562072336265906e-01,5.994155844155846236e-01
4.985337243401759544e-01,6.021428571428573129e-01
4.995112414467253181e-01,6.148701298701300111e-01
5.004887585532746819e-01,6.344155844155845436e-01
5.014662756598240456e-01,6.489610389610391827e-01
5.024437927663734094e-01,6.627922077922078214e-01
5.034213098729227731e-01,6.752597402597404486e-01
5.043988269794721369e-01,6.931818181818183433e-01
5.053763440860215006e-01,7.150649350649351810e-01
5.063538611925708643e-01,7.432467532467534888e-01
5.073313782991202281e-01,7.774025974025974284e-01
5.083088954056695918e-01,8.151948051948052498e-01
5.092864125122189556e-01,8.545454545454546080e-01
5.102639296187683193e-01,8.937662337662337642e-01
5.112414467253176831e-01,9.362987012987014079e-01
5.122189638318670468e-01,9.786363636363637486e-01
5.131964809384164106e-01,1.023766233766233880e+00
5.141739980449657743e-01,1.072142857142857064e+00
5.151515151515151381e-01,1.119545454545454621e+00
5.161290322580645018e-01,1.161038961038961315e+00
5.171065493646138655e-01,1.200000000000000178e+00
5.180840664711632293e-01,1.195194805194805365e+00
5.190615835777125930e-01,1.190389610389610553e+00
5.200391006842619568e-01,1.185519480519480640e+00
5.210166177908113205e-01,1.180714285714286049e+00
5.219941348973606843e-01,1.176168831168831197e+00
5.229716520039100480e-01,1.172337662337662456e+00
5.239491691104594118e-01,1.166493506493506693e+00
5.249266862170087755e-01,1.161363636363636598e+00
5.259042033235581393e-01,1.156818181818181968e+00
5.268817204301075030e-01,1.151883116883116953e+00
5.278592375366568668e-01,1.147077922077922363e+00
5.288367546432062305e-01,1.142532467532467511e+00
5.298142717497555942e-01,1.137662337662337819e+00
5.307917888563049580e-01,1.132987012987013209e+00
5.317693059628543217e-01,1.127727272727272911e+00
5.327468230694036855e-01,1.113896103896103940e+00
5.337243401759530492e-01,1.057987012987013031e+00
5.347018572825024130e-01,9.849350649350651077e-01
5.356793743890517767e-01,8.900649350649352254e-01
5.366568914956011405e-01,7.862987012987014968e-01
5.376344086021505042e-01,6.842207792207793959e-01
5.386119257086998680e-01,5.878571428571429669e-01
5.395894428152492317e-01,4.963636363636364512e-01
5.405669599217985954e-01,4.173376623376623407e-01
5.415444770283479592e-01,3.521428571428571463e-01
5.425219941348973229e-01,2.975324675324675372e-01
5.434995112414466867e-01,2.570129870129870264e-01
5.444770283479960504e-01,2.312987012987013924e-01
5.454545454545454142e-01,2.128571428571428004e-01
5.464320625610947779e-01,2.000000000000000666e-01
5.474095796676441417e-01,2.007142857142857340e-01
5.483870967741935054e-01,2.101948051948051566e-01
5.493646138807428692e-01,2.257792207792207462e-01
5.503421309872922329e-01,2.491558441558441861e-01
5.513196480938415966e-01,2.767532467532468066e-01
5.522971652003909604e-01,3.060389610389610549e-01
5.532746823069403241e-01,3.376623376623377193e-01
5.542521994134896879e-01,3.627272727272727870e-01
5.552297165200390516e-01,3.775974025974025983e-01
5.562072336265884154e-01,3.874025974025974151e-01
5.571847507331377791e-01,3.967532467532467466e-01
5.581622678396871429e-01,4.147402597402598534e-01
5.591397849462365066e-01,4.350000000000000533e-01
5.601173020527858704e-01,4.490909090909090962e-01
5.610948191593352341e-01,4.559740259740260315e-01
5.620723362658845979e-01,4.543506493506493937e-01
5.630498533724339616e-01,4.509090909090909260e-01
5.640273704789834364e-01,4.464285714285714524e-01
5.650048875855328001e-01,4.498051948051948745e-01
5.659824046920821639e-01,4.538961038961039085e-01
5.669599217986315276e-01,4.596103896103896913e-01
5.679374389051808913e-01,4.642207792207793116e-01
5.689149560117302551e-01,4.657142857142857473e-01
5.698924731182796188e-01,4.675974025974026782e-01
5.708699902248289826e-01,4.745454545454546036e-01
5.718475073313783463e-01,4.862987012987013413e-01
5.728250244379277101e-01,4.941558441558441817e-01
5.738025415444770738e-01,4.987012987012988674e-01
5.747800586510264376e-01,4.992857142857142771e-01
5.757575757575758013e-01,4.982467532467534932e-01
5.767350928641251651e-01,5.001948051948053031e-01
5.777126099706745288e-01,5.094805194805195336e-01
5.786901270772238925e-01,5.194805194805196535e-01
5.796676441837732563e-01,5.225324675324676260e-01
5.806451612903226200e-01,5.203896103896106240e-01
5.816226783968719838e-01,5.155194805194805996e-01
5.826001955034213475e-01,5.059740259740260759e-01
5.835777126099707113e-01,4.981818181818183922e-01
5.845552297165200750e-01,4.929220779220779280e-01
5.855327468230694388e-01,4.937012987012986409e-01
5.865102639296188025e-01,5.009090909090910815e-01
5.874877810361681663e-01,5.036363636363638818e-01
5.884652981427175300e-01,5.007142857142858894e-01
5.894428152492668938e-01,5.016233766233766378e-01
5.904203323558162575e-01,5.045454545454545192e-01
5.913978494623656212e-01,5.119480519480520408e-01
5.923753665689149850e-01,5.175974025974027226e-01
5.933528836754643487e-01,5.188311688311688652e-01
5.943304007820137125e-01,5.142857142857144570e-01
5.953079178885630762e-01,5.077922077922080168e-01
5.962854349951124400e-01,5.072727272727273196e-01
5.972629521016618037e-01,5.150000000000000133e-01
5.982404692082111675e-01,5.247402597402598401e-01
5.992179863147605312e-01,5.297402597402599556e-01
6.001955034213098950e-01,5.333116883116884033e-01
6.011730205278592587e-01,5.316233766233766644e-01
6.021505376344086224e-01,5.306493506493507040e-01
6.031280547409579862e-01,5.304545454545456229e-01
6.041055718475073499e-01,5.335064935064937064e-01
6.050830889540567137e-01,5.412337662337662891e-01
6.060606060606060774e-01,5.470779220779222740e-01
6.070381231671554412e-01,5.518831168831170864e-01
6.080156402737048049e-01,5.504545454545455296e-01
6.089931573802541687e-01,5.488311688311690029e-01
6.099706744868035324e-01,5.504545454545455296e-01
6.109481915933528962e-01,5.567532467532467777e-01
6.119257086999022599e-01,5.679220779220781612e-01
6.129032258064516236e-01,5.705844155844157495e-01
6.138807429130009874e-01,5.664285714285716145e-01
6.148582600195503511e-01,5.596103896103896691e-01
6.158357771260997149e-01,5.561688311688313124e-01
6.168132942326490786e-01,5.624675324675326715e-01
6.177908113391984424e-01,5.737012987012988230e-01
6.187683284457478061e-01,5.805844155844156473e-01
6.197458455522971699e-01,5.862987012987015412e-01
6.207233626588465336e-01,5.855844155844156518e-01
6.217008797653958974e-01,5.835714285714287408e-01
6.226783968719452611e-01,5.787662337662338174e-01
6.236559139784946248e-01,5.773376623376624828e-01
6.246334310850439886e-01,5.764935064935066134e-01
6.256109481915933523e-01,5.774675324675325738e-01
6.265884652981427161e-01,5.763636363636364113e-01
6.275659824046920798e-01,5.749350649350649656e-01
6.285434995112414436e-01,5.707792207792208306e-01
6.295210166177908073e-01,5.725974025974026604e-01
6.304985337243401711e-01,5.835714285714287408e-01
6.314760508308895348e-01,5.903896103896104641e-01
6.324535679374388986e-01,5.933116883116883455e-01
6.334310850439882623e-01,5.896753246753247968e-01
6.344086021505376261e-01,5.835064935064937508e-01
6.353861192570869898e-01,5.778571428571428470e-01
6.363636363636363535e-01,5.837012987012989429e-01
6.373411534701857173e-01,5.942207792207794270e-01
6.383186705767350810e-01,6.034415584415585565e-01
6.392961876832844448e-01,6.062337662337662358e-01
6.402737047898338085e-01,6.057142857142858716e-01
6.412512218963831723e-01,6.022727272727272929e-01
6.422287390029325360e-01,5.993506493506496335e-01
6.432062561094818998e-01,6.010389610389610393e-01
6.441837732160312635e-01,6.049350649350651032e-01
6.451612903225806273e-01,6.089610389610390362e-01
6.461388074291299910e-01,6.094805194805197335e-01
6.471163245356793547e-01,6.055194805194806795e-01
6.480938416422287185e-01,6.059090909090911747e-01
6.490713587487780822e-01,6.108441558441560781e-01
6.500488758553274460e-01,6.162987012987015678e-01
6.510263929618768097e-01,6.169480519480520231e-01
6.520039100684261735e-01,6.120129870129871197e-01
6.529814271749755372e-01,6.076623376623377926e-01
6.539589442815249010e-01,6.075974025974025805e-01
6.549364613880742647e-01,6.083766233766235709e-01
6.559139784946236285e-01,6.113636363636364424e-01
6.568914956011729922e-01,6.180519480519480746e-01
6.578690127077223559e-01,6.222077922077922096e-01
6.588465298142717197e-01,6.187012987012987519e-01
6.598240469208210834e-01,6.153896103896104863e-01
6.608015640273704472e-01,6.163636363636365578e-01
6.617790811339198109e-01,6.151948051948052942e-01
6.627565982404691747e-01,6.135064935064936664e-01
6.637341153470185384e-01,6.140909090909091317e-01
6.647116324535679022e-01,6.187012987012988630e-01
6.656891495601172659e-01,6.200649350649352076e-01
6.666666666666666297e-01,6.212987012987014612e-01
6.676441837732159934e-01,6.242207792207793426e-01
6.686217008797653572e-01,6.271428571428572241e-01
6.695992179863147209e-01,6.307142857142857828e-01
6.705767350928640846e-01,6.357142857142858983e-01
6.715542521994134484e-01,6.387012987012987697e-01
6.725317693059628121e-01,6.317532467532468443e-01
6.735092864125121759e-01,6.231168831168832911e-01
6.744868035190615396e-01,6.180519480519481856e-01
6.754643206256109034e-01,6.270129870129871330e-01
6.764418377321602671e-01,6.395454545454547501e-01
6.774193548387096309e-01,6.446753246753246236e-01
6.783968719452589946e-01,6.411038961038962869e-01
6.793743890518083584e-01,6.324675324675325117e-01
6.803519061583577221e-01,6.205194805194805818e-01
6.813294232649070858e-01,6.123376623376625139e-01
6.823069403714564496e-01,6.123376623376625139e-01
6.832844574780058133e-01,6.162337662337663557e-01
6.842619745845551771e-01,6.161688311688313657e-01
6.852394916911045408e-01,6.125324675324677060e-01
6.862170087976539046e-01,6.050649350649350833e-01
6.871945259042032683e-01,6.001298701298701799e-01
6.881720430107527431e-01,6.020779220779223229e-01
6.891495601173021068e-01,6.094155844155846324e-01
6.901270772238514706e-01,6.167532467532468310e-01
6.911045943304008343e-01,6.207142857142857739e-01
6.920821114369501981e-01,6.176623376623378014e-01
6.930596285434995618e-01,6.088961038961039351e-01
6.940371456500489256e-01,6.041558441558442238e-01
6.950146627565982893e-01,6.116233766233766245e-01
6.959921798631476531e-01,6.225324675324677148e-01
6.969696969696970168e-01,6.307142857142858938e-01
6.979472140762463805e-01,6.374675324675326271e-01
6.989247311827957443e-01,6.365584415584416567e-01
6.999022482893451080e-01,6.365584415584416567e-01
7.008797653958944718e-01,6.341558441558441395e-01
7.018572825024438355e-01,6.366883116883118587e-01
7.028347996089931993e-01,6.415584415584416611e-01
7.038123167155425630e-01,6.466233766233768776e-01
7.047898338220919268e-01,6.480519480519479902e-01
7.057673509286412905e-01,6.446103896103896336e-01
7.067448680351906543e-01,6.450649350649352298e-01
7.077223851417400180e-01,6.496753246753247391e-01
7.086999022482893817e-01,6.548701298701299356e-01
7.096774193548387455e-01,6.582467532467534133e-01
7.106549364613881092e-01,6.601298701298701221e-01
7.116324535679374730e-01,6.548701298701299356e-01
7.126099706744868367e-01,6.496103896103896380e-01
7.135874877810362005e-01,6.457142857142857961e-01
7.145650048875855642e-01,6.490909090909092738e-01
7.155425219941349280e-01,6.568181818181819676e-01
7.165200391006842917e-01,6.579220779220781301e-01
7.174975562072336555e-01,6.537662337662337730e-01
7.184750733137830192e-01,6.481818181818181923e-01
7.194525904203323829e-01,6.439610389610390673e-01
7.204301075268817467e-01,6.412337662337664890e-01
7.214076246334311104e-01,6.422077922077924494e-01
7.223851417399804742e-01,6.472727272727272219e-01
7.233626588465298379e-01,6.594805194805196669e-01
7.243401759530792017e-01,6.693506493506494737e-01
7.253176930596285654e-01,6.680519480519481190e-01
7.262952101661779292e-01,6.686363636363638063e-01
7.272727272727272929e-01,6.702597402597403331e-01
7.282502443792766567e-01,6.705194805194805152e-01
7.292277614858260204e-01,6.701298701298703531e-01
7.302052785923753842e-01,6.676623376623378459e-01
7.311827956989247479e-01,6.598051948051948390e-01
7.321603128054741116e-01,6.527272727272729336e-01
7.331378299120234754e-01,6.522077922077922363e-01
7.341153470185728391e-01,6.601298701298701221e-01
7.350928641251222029e-01,6.712987012987015056e-01
7.360703812316715666e-01,6.773376623376624606e-01
7.370478983382209304e-01,6.781818181818183300e-01
7.380254154447702941e-01,6.743506493506493671e-01
7.390029325513196579e-01,6.716883116883116678e-01
7.399804496578690216e-01,6.724675324675326582e-01
7.409579667644183854e-01,6.721428571428572640e-01
7.419354838709677491e-01,6.703246753246753231e-01
7.429130009775171128e-01,6.714285714285717077e-01
7.438905180840664766e-01,6.698051948051950699e-01
7.448680351906158403e-01,6.639610389610390850e-01
7.458455522971652041e-01,6.625974025974026294e-01
7.468230694037145678e-01,6.638311688311688830e-01
7.478005865102639316e-01,6.692857142857143726e-01
7.487781036168132953e-01,6.740909090909094070e-01
7.497556207233626591e-01,6.731168831168832245e-01
7.507331378299120228e-01,6.683116883116883011e-01
7.517106549364613866e-01,6.624025974025974373e-01
7.526881720430107503e-01,6.625974025974027404e-01
7.536656891495601140e-01,6.742857142857143771e-01
7.546432062561094778e-01,6.849350649350649523e-01
7.556207233626588415e-01,6.926623376623377570e-01
7.565982404692082053e-01,6.958441558441561536e-01
7.575757575757575690e-01,6.943506493506494959e-01
7.585532746823069328e-01,6.960389610389612347e-01
7.595307917888562965e-01,7.028571428571430690e-01
7.605083088954056603e-01,7.114935064935066222e-01
7.614858260019550240e-01,7.174025974025974861e-01
7.624633431085043878e-01,7.272727272727275150e-01
7.634408602150537515e-01,7.313636363636365489e-01
7.644183773216031152e-01,7.292207792207793249e-01
7.653958944281524790e-01,7.279870129870130713e-01
7.663734115347018427e-01,7.273376623376625050e-01
7.673509286412512065e-01,7.307792207792208616e-01
7.683284457478005702e-01,7.337012987012987431e-01
7.693059628543499340e-01,7.372077922077923118e-01
7.702834799608992977e-01,7.375974025974026960e-01
7.712609970674486615e-01,7.361038961038961492e-01
7.722385141739980252e-01,7.358441558441558561e-01
7.732160312805473890e-01,7.420779220779222252e-01
7.741935483870967527e-01,7.469480519480521385e-01
7.751710654936461165e-01,7.489610389610390495e-01
7.761485826001954802e-01,7.484415584415586853e-01
7.771260997067448439e-01,7.459090909090910770e-01
7.781036168132942077e-01,7.431168831168832867e-01
7.790811339198435714e-01,7.435064935064936709e-01
7.800586510263929352e-01,7.470129870129871286e-01
7.810361681329422989e-01,7.535714285714287808e-01
7.820136852394916627e-01,7.612337662337662625e-01
7.829912023460410264e-01,7.656493506493508017e-01
7.839687194525903902e-01,7.672077922077923384e-01
7.849462365591397539e-01,7.714285714285715745e-01
7.859237536656891177e-01,7.748701298701299311e-01
7.869012707722384814e-01,7.812337662337663913e-01
7.878787878787878451e-01,7.894155844155844592e-01
7.888563049853372089e-01,7.942857142857142616e-01
7.898338220918865726e-01,7.966883116883117788e-01
7.908113391984359364e-01,7.984415584415585077e-01
7.917888563049853001e-01,7.996103896103896602e-01
7.927663734115346639e-01,8.077272727272728492e-01
7.937438905180840276e-01,8.192207792207792938e-01
7.947214076246333914e-01,8.260389610389610171e-01
7.956989247311827551e-01,8.299350649350649700e-01
7.966764418377321189e-01,8.314285714285715168e-01
7.976539589442814826e-01,8.338961038961039129e-01
7.986314760508308463e-01,8.320129870129870930e-01
7.996089931573802101e-01,8.294155844155844948e-01
8.005865102639295738e-01,8.274025974025974728e-01
8.015640273704789376e-01,8.241558441558443082e-01
8.025415444770283013e-01,8.189610389610391117e-01
8.035190615835776651e-01,8.161038961038962203e-01
8.044965786901270288e-01,8.203246753246754563e-01
8.054740957966763926e-01,8.246753246753247835e-01
8.064516129032257563e-01,8.284415584415585343e-01
8.074291300097751201e-01,8.312337662337663247e-01
8.084066471163244838e-01,8.305194805194806573e-01
8.093841642228738475e-01,8.243506493506493893e-01
8.103616813294232113e-01,8.175974025974026560e-01
8.113391984359725750e-01,8.116233766233768021e-01
8.123167155425219388e-01,8.129220779220780457e-01
8.132942326490713025e-01,8.198051948051948701e-01
8.142717497556207773e-01,8.241558441558441972e-01
8.152492668621701410e-01,8.206493506493507395e-01
8.162267839687195048e-01,8.100649350649351543e-01
8.172043010752688685e-01,8.040259740259740884e-01
8.181818181818182323e-01,8.002597402597403375e-01
8.191593352883675960e-01,7.971428571428572640e-01
8.201368523949169598e-01,8.020129870129871774e-01
8.211143695014663235e-01,8.083766233766234155e-01
8.220918866080156873e-01,8.154545454545455430e-01
8.230694037145650510e-01,8.142207792207794004e-01
8.240469208211144148e-01,8.051948051948053520e-01
8.250244379276637785e-01,7.959090909090910104e-01
8.260019550342131422e-01,7.944155844155844637e-01
8.269794721407625060e-01,7.952597402597403331e-01
8.279569892473118697e-01,7.924025974025974417e-01
8.289345063538612335e-01,7.839610389610390806e-01
8.299120234604105972e-01,7.727922077922078081e-01
8.308895405669599610e-01,7.627922077922079103e-01
8.318670576735093247e-01,7.632467532467533955e-01
8.328445747800586885e-01,7.674025974025974195e-01
8.338220918866080522e-01,7.695454545454545325e-01
8.347996089931574160e-01,7.621428571428572329e-01
8.357771260997067797e-01,7.490259740259741505e-01
8.367546432062561435e-01,7.416883116883118410e-01
8.377321603128055072e-01,7.357142857142857650e-01
8.387096774193548709e-01,7.311038961038961448e-01
8.396871945259042347e-01,7.250649350649353009e-01
8.406647116324535984e-01,7.224675324675327026e-01
8.416422287390029622e-01,7.134415584415584322e-01
8.426197458455523259e-01,6.966883116883118010e-01
8.435972629521016897e-01,6.828571428571430513e-01
8.445747800586510534e-01,6.772727272727273595e-01
8.455522971652004172e-01,6.725974025974027493e-01
8.465298142717497809e-01,6.685714285714287053e-01
8.475073313782991447e-01,6.592207792207794848e-01
8.484848484848485084e-01,6.421428571428573484e-01
8.494623655913978721e-01,6.246103896103897268e-01
8.504398826979472359e-01,6.104545454545454719e-01
8.514173998044965996e-01,6.059740259740261648e-01
8.523949169110459634e-01,6.036363636363636376e-01
8.533724340175953271e-01,5.983766233766234510e-01
8.543499511241446909e-01,5.913636363636365356e-01
8.553274682306940546e-01,5.798051948051949900e-01
8.563049853372434184e-01,5.675324675324677770e-01
8.572825024437927821e-01,5.492857142857144881e-01
8.582600195503421459e-01,5.362987012987014968e-01
8.592375366568915096e-01,5.267532467532468621e-01
8.602150537634408733e-01,5.209740259740262003e-01
8.611925708699902371e-01,5.096103896103896247e-01
8.621700879765396008e-01,4.970129870129871286e-01
8.631476050830889646e-01,4.887012987012987475e-01
8.641251221896383283e-01,4.842857142857143193e-01
8.651026392961876921e-01,4.864935064935065334e-01
8.660801564027370558e-01,4.848051948051947946e-01
8.670576735092864196e-01,4.761688311688312414e-01
8.680351906158357833e-01,4.640259740259740640e-01
8.690127077223851471e-01,4.538961038961039085e-01
8.699902248289345108e-01,4.455194805194805929e-01
8.709677419354838745e-01,4.444805194805194759e-01
8.719452590420332383e-01,4.462987012987013058e-01
8.729227761485826020e-01,4.421428571428571708e-01
8.739002932551319658e-01,4.346753246753247701e-01
8.748778103616813295e-01,4.270779220779221674e-01
8.758553274682306933e-01,4.194805194805195092e-01
8.768328445747800570e-01,4.080519480519479991e-01
8.778103616813294208e-01,3.990909090909091073e-01
8.787878787878787845e-01,3.981168831168831468e-01
8.797653958944281483e-01,3.989610389610389607e-01
8.807429130009775120e-01,3.957142857142856851e-01
8.817204301075268758e-01,3.900000000000000133e-01
8.826979472140762395e-01,3.837662337662337553e-01
8.836754643206256032e-01,3.815584415584415967e-01
8.846529814271749670e-01,3.838311688311688008e-01
8.856304985337243307e-01,3.861038961038960604e-01
8.866080156402736945e-01,3.846753246753246702e-01
8.875855327468230582e-01,3.797402597402598223e-01
8.885630498533724220e-01,3.715584415584415878e-01
8.895405669599217857e-01,3.625974025974025849e-01
8.905180840664711495e-01,3.615584415584415789e-01
8.914956011730205132e-01,3.675974025974026449e-01
8.924731182795698770e-01,3.672077922077922052e-01
8.934506353861192407e-01,3.656493506493506129e-01
8.944281524926686044e-01,3.643506493506493693e-01
8.954056695992179682e-01,3.625324675324675394e-01
8.963831867057673319e-01,3.617532467532467710e-01
8.973607038123166957e-01,3.661038961038959871e-01
8.983382209188660594e-01,3.713636363636363957e-01
8.993157380254154232e-01,3.801298701298700955e-01
9.002932551319647869e-01,3.874025974025974151e-01
9.012707722385141507e-01,3.881168831168831379e-01
9.022482893450635144e-01,3.890909090909091539e-01
9.032258064516128782e-01,3.889610389610389518e-01
9.042033235581622419e-01,3.896753246753248412e-01
9.051808406647116056e-01,3.925324675324676216e-01
9.061583577712609694e-01,3.897402597402597202e-01
9.071358748778103331e-01,3.881818181818180724e-01
9.081133919843596969e-01,3.848051948051948168e-01
9.090909090909090606e-01,3.775974025974025428e-01
9.100684261974584244e-01,3.844805194805194226e-01
9.110459433040077881e-01,3.990909090909089962e-01
9.120234604105571519e-01,4.057142857142856940e-01
9.130009775171065156e-01,4.084415584415584388e-01
9.139784946236558794e-01,4.018831168831168976e-01
9.149560117302052431e-01,3.957792207792207861e-01
9.159335288367546068e-01,3.910389610389610748e-01
9.169110459433039706e-01,3.906493506493506906e-01
9.178885630498533343e-01,3.949350649350649167e-01
9.188660801564026981e-01,4.061688311688311792e-01
9.198435972629520618e-01,4.143506493506493582e-01
9.208211143695014256e-01,4.139610389610389740e-01
9.217986314760507893e-01,4.130519480519480591e-01
9.227761485826001531e-01,4.117532467532467599e-01
9.237536656891495168e-01,4.148051948051947879e-01
9.247311827956988806e-01,4.207792207792207528e-01
9.257086999022482443e-01,4.257792207792207573e-01
9.266862170087976081e-01,4.288311688311687853e-01
9.276637341153469718e-01,4.283766233766234111e-01
9.286412512218963355e-01,4.272077922077922030e-01
9.296187683284456993e-01,4.380519480519480258e-01
9.305962854349950630e-01,4.512337662337663202e-01
9.315738025415444268e-01,4.572727272727273307e-01
9.325513196480937905e-01,4.559090909090908195e-01
9.335288367546431543e-01,4.529870129870129936e-01
9.345063538611925180e-01,4.503896103896103953e-01
9.354838709677418818e-01,4.522727272727272707e-01
9.364613880742912455e-01,4.593506493506492872e-01
9.374389051808406093e-01,4.667532467532467533e-01
9.384164222873900840e-01,4.731818181818182589e-01
9.393939393939394478e-01,4.770779220779221008e-01
9.403714565004888115e-01,4.775324675324675860e-01
9.413489736070381753e-01,4.802597402597402199e-01
9.423264907135875390e-01,4.792857142857143149e-01
9.433040078201369028e-01,4.790909090909091228e-01
9.442815249266862665e-01,4.805844155844156140e-01
9.452590420332356302e-01,4.822077922077921963e-01
9.462365591397849940e-01,4.812987012987013369e-01
9.472140762463343577e-01,4.809740259740260537e-01
9.481915933528837215e-01,4.792857142857142594e-01
9.491691104594330852e-01,4.849350649350649411e-01
9.501466275659824490e-01,4.926623376623376904e-01
9.511241446725318127e-01,4.965584415584415323e-01
9.521016617790811765e-01,4.975324675324674928e-01
9.530791788856305402e-01,4.986363636363637664e-01
9.540566959921799040e-01,5.031818181818182856e-01
9.550342130987292677e-01,5.074675324675327337e-01
9.560117302052786314e-01,5.131818181818181834e-01
9.569892473118279952e-01,5.154545454545456096e-01
9.579667644183773589e-01,5.187012987012986631e-01
9.589442815249267227e-01,5.221428571428573528e-01
9.599217986314760864e-01,5.218181818181819587e-01
9.608993157380254502e-01,5.240259740259740617e-01
9.618768328445748139e-01,5.288311688311688741e-01
9.628543499511241777e-01,5.348701298701301621e-01
9.638318670576735414e-01,5.425324675324675328e-01
9.648093841642229052e-01,5.462987012987012836e-01
9.657869012707722689e-01,5.466883116883118898e-01
9.667644183773216326e-01,5.418831168831170775e-01
9.677419354838709964e-01,5.384415584415583877e-01
9.687194525904203601e-01,5.455194805194806262e-01
9.696969696969697239e-01,5.554545454545455341e-01
9.706744868035190876e-01,5.598051948051949722e-01
9.716520039100684514e-01,5.602597402597402354e-01
9.726295210166178151e-01,5.586363636363638197e-01
9.736070381231671789e-01,5.605194805194806396e-01
9.745845552297165426e-01,5.605844155844156296e-01
9.755620723362659064e-01,5.612987012987015190e-01
9.765395894428152701e-01,5.616233766233765801e-01
9.775171065493646338e-01,5.622727272727272574e-01
9.784946236559139976e-01,5.629870129870130357e-01
9.794721407624633613e-01,5.622727272727272574e-01
9.804496578690127251e-01,5.629220779220779347e-01
9.814271749755620888e-01,5.680519480519481412e-01
9.824046920821114526e-01,5.764935064935065023e-01
9.833822091886608163e-01,5.812337662337662136e-01
9.843597262952101801e-01,5.801948051948051521e-01
9.853372434017595438e-01,5.748051948051948745e-01
9.863147605083089076e-01,5.661688311688312103e-01
9.872922776148582713e-01,5.603246753246753364e-01
9.882697947214076351e-01,5.651948051948053608e-01
9.892473118279569988e-01,5.747402597402597735e-01
9.902248289345063625e-01,5.814935064935065068e-01
9.912023460410557263e-01,5.798051948051949900e-01
9.921798631476050900e-01,5.783116883116884432e-01
9.931573802541544538e-01,5.790909090909091006e-01
9.941348973607038175e-01,5.814935064935065068e-01
9.951124144672531813e-01,5.848051948051949944e-01
9.960899315738025450e-01,5.887662337662338263e-01
9.970674486803519088e-01,5.952597402597403775e-01
9.980449657869012725e-01,5.985064935064935421e-01
9.990224828934506363e-01,5.959740259740260448e-01
1.000000000000000000e+00,5.916233766233767177e-01
