t,derivative
0.000000000000000000e+00,2.327272727272656994e+00
9.775171065493646130e-04,1.030649350649355256e+00
1.955034213098729226e-03,2.260779220779227217e+00
2.932551319648093839e-03,5.020259740259746195e+00
3.910068426197458452e-03,4.488311688311739545e+00
4.887585532746823065e-03,3.790129870129874234e+00
5.865102639296187678e-03,2.593246753246717162e+00
6.842619745845552291e-03,-1.130389610389670452e+00
7.820136852394916904e-03,-3.623896103896072418e+00
8.797653958944280650e-03,-2.393766233766143614e+00
9.775171065493646130e-03,1.662337662337449729e-01
1.075268817204301161e-02,3.956363636363619207e+00
1.173020527859237536e-02,6.117402597402588071e+00
1.270772238514173910e-02,4.288831168831109153e+00
1.368523949169110458e-02,-6.316883116882650029e-01
1.466275659824047006e-02,-4.887272727272659267e+00
1.564027370478983381e-02,-5.286233766233806364e+00
1.661779081133919755e-02,-1.795324675324707187e+00
1.759530791788856130e-02,2.028051948051938780e+00
1.857282502443792851e-02,4.222337662337622533e+00
1.955034213098729226e-02,5.053506493506574770e+00
2.052785923753665601e-02,1.296623376623415425e+00
2.150537634408602322e-02,-8.976623376624388584e-01
2.248289345063538697e-02,9.974025974025835239e-02
2.346041055718475071e-02,1.895064935064908695e+00
2.443792766373411446e-02,3.391168831168840825e+00
2.541544477028347820e-02,9.974025974026972108e-01
2.639296187683284542e-02,-4.089350649350706135e+00
2.737047898338220916e-02,-4.987012987013031307e+00
2.834799608993157291e-02,-1.562597402597361906e+00
2.932551319648094013e-02,3.125194805194780656e+00
3.030303030303030387e-02,6.782337662337681650e+00
3.128054740957966762e-02,6.117402597402644915e+00
3.225806451612903136e-02,4.654545454545484517e+00
3.323558162267839511e-02,6.316883116882650029e-01
3.421309872922775885e-02,-3.657142857142844150e+00
3.519061583577712260e-02,-4.754285714285629183e+00
3.616813294232649328e-02,-3.690389610389672725e+00
3.714565004887585703e-02,-1.263376623376700536e+00
3.812316715542522078e-02,2.560000000000002274e+00
3.910068426197458452e-02,4.288831168831165996e+00
4.007820136852394827e-02,1.496103896103875286e+00
4.105571847507331201e-02,6.316883116883218463e-01
4.203323558162267576e-02,2.127792207792197132e+00
4.301075268817204644e-02,3.989610389610390939e+00
4.398826979472141019e-02,3.557402597402642641e+00
4.496578690127077393e-02,6.316883116882650029e-01
4.594330400782013768e-02,-3.025454545454522304e+00
4.692082111436950143e-02,-5.385974025973951029e+00
4.789833822091886517e-02,-3.756883116883102502e+00
4.887585532746822892e-02,9.974025974026403674e-01
4.985337243401759266e-02,5.618701298701239466e+00
5.083088954056695641e-02,7.812987012986980062e+00
5.180840664711632709e-02,5.518961038961037957e+00
5.278592375366569084e-02,-2.028051948051995623e+00
5.376344086021505458e-02,-4.654545454545427674e+00
5.474095796676441833e-02,-1.462857142857103554e+00
5.571847507331378208e-02,-9.309090909090400601e-01
5.669599217986314582e-02,1.097142857142898720e+00
5.767350928641250957e-02,4.554805194805169322e+00
5.865102639296188025e-02,3.557402597402528954e+00
5.962854349951124400e-02,2.992207792207182138e-01
6.060606060606060774e-02,-1.263376623376643693e+00
6.158357771260997149e-02,-1.329870129870300843e-01
6.256109481915933523e-02,1.163636363636385340e+00
6.353861192570869898e-02,1.629090909090905370e+00
6.451612903225806273e-02,2.626493506493545738e+00
6.549364613880742647e-02,2.327272727273452801e-01
6.647116324535679022e-02,-3.258181818181867584e+00
6.744868035190615396e-02,-5.352727272727236141e+00
6.842619745845551771e-02,-2.094545454545368557e+00
6.940371456500488145e-02,7.414025974025946653e+00
7.038123167155424520e-02,9.475324675324600321e+00
7.135874877810362282e-02,3.490909090909042334e+00
7.233626588465298657e-02,-3.258181818181810740e+00
7.331378299120235031e-02,-5.552207792207752846e+00
7.429130009775171406e-02,-5.685194805194726086e+00
7.526881720430107781e-02,-2.958961038961092527e+00
7.624633431085044155e-02,3.058701298701180349e+00
7.722385141739980530e-02,2.825974025974119286e+00
7.820136852394916904e-02,-1.795324675324593500e+00
7.917888563049853279e-02,-5.884675324675356478e+00
8.015640273704789653e-02,-6.250389610389618156e+00
8.113391984359726028e-02,-3.158441558441609232e+00
8.211143695014662403e-02,-7.314285714285801987e-01
8.308895405669598777e-02,-5.984415584415501144e-01
8.406647116324535152e-02,-8.311688311687817077e-01
8.504398826979471526e-02,-2.859220779220777331e+00
8.602150537634409289e-02,-6.416623376623419972e+00
8.699902248289345663e-02,-5.618701298701296309e+00
8.797653958944282038e-02,2.593246753246717162e+00
8.895405669599218412e-02,9.408831168831227387e+00
8.993157380254154787e-02,6.582857142857164945e+00
9.090909090909091161e-02,-7.314285714286370421e-01
9.188660801564027536e-02,-4.887272727272659267e+00
9.286412512218963911e-02,-4.787532467532457758e+00
9.384164222873900285e-02,-2.726233766233804090e+00
9.481915933528836660e-02,1.230129870129871961e+00
9.579667644183773034e-02,3.125194805194780656e+00
9.677419354838709409e-02,6.117402597402531228e+00
9.775171065493645783e-02,9.043116883116908866e+00
9.872922776148582158e-02,4.953766233766316418e+00
9.970674486803518533e-02,1.396363636363673777e+00
1.006842619745845491e-01,2.692987012987089201e+00
1.016617790811339128e-01,3.956363636363619207e+00
1.026392961876832904e-01,2.992207792207693728e+00
1.036168132942326542e-01,-8.976623376623820150e-01
1.045943304007820179e-01,-6.283636363636276201e+00
1.055718475073313817e-01,-7.746493506493493442e+00
1.065493646138807454e-01,-3.490909090909156021e+00
1.075268817204301092e-01,5.020259740259689352e+00
1.085043988269794729e-01,1.230129870129871961e+01
1.094819159335288367e-01,1.010701298701303585e+01
1.104594330400782004e-01,2.294025974025942105e+00
1.114369501466275642e-01,-6.449870129870078017e+00
1.124144672531769279e-01,-1.024000000000000909e+01
1.133919843597262916e-01,-7.480519480519546960e+00
1.143695014662756554e-01,-2.859220779220720488e+00
1.153470185728250191e-01,1.363116883116958888e+00
1.163245356793743829e-01,3.657142857142787307e+00
1.173020527859237605e-01,3.357922077922012249e+00
1.182795698924731242e-01,-1.795324675324593500e+00
1.192570869990224880e-01,-5.419220779220722761e+00
1.202346041055718517e-01,-4.089350649350706135e+00
1.212121212121212155e-01,-1.063896103896183831e+00
1.221896383186705792e-01,3.989610389610334096e-01
1.231671554252199430e-01,1.097142857142955563e+00
1.241446725317693067e-01,1.994805194805167048e-01
1.251221896383186705e-01,-5.784935064935211813e+00
1.260997067448680342e-01,-1.093818181818181756e+01
1.270772238514173980e-01,-4.521558441558397590e+00
1.280547409579667617e-01,9.608311688311687249e+00
1.290322580645161255e-01,1.426285714285717177e+01
1.300097751710654892e-01,7.114805194805171595e+00
1.309872922776148529e-01,-2.427012987013029033e+00
1.319648093841642167e-01,-8.876883116883050207e+00
1.329423264907135804e-01,-1.014025974025969390e+01
1.339198435972629442e-01,-7.380779220779231764e+00
1.348973607038123079e-01,-3.690389610389615882e+00
1.358748778103616717e-01,-7.646753246752950872e-01
1.368523949169110354e-01,-7.646753246753519306e-01
1.378299120234603992e-01,-4.554805194805169322e+00
1.388074291300097629e-01,-5.685194805194782930e+00
1.397849462365591267e-01,-1.662337662337790789e+00
1.407624633431084904e-01,3.889870129870132587e+00
1.417399804496578819e-01,6.682597402597423297e+00
1.427174975562072456e-01,4.122597402597477867e+00
1.436950146627566094e-01,-1.263376623376643693e+00
1.446725317693059731e-01,-5.618701298701409996e+00
1.456500488758553369e-01,-6.017662337662329719e+00
1.466275659824047006e-01,-6.649350649348662046e-02
1.476050830889540644e-01,7.480519480519546960e+00
1.485826001955034281e-01,7.646753246753291933e+00
1.495601173020527919e-01,2.593246753246717162e+00
1.505376344086021556e-01,-2.925714285714320795e+00
1.515151515151515194e-01,-4.621298701298655942e+00
1.524926686217008831e-01,-9.974025974026403674e-01
1.534701857282502468e-01,2.759480519480518979e+00
1.544477028347996106e-01,5.219740259740319743e+00
1.554252199413489743e-01,6.084155844155816339e+00
1.564027370478983381e-01,2.559999999999945430e+00
1.573802541544477018e-01,5.651948051948352258e-01
1.583577712609970656e-01,1.961558441558452159e+00
1.593352883675464293e-01,2.161038961038968864e+00
1.603128054740957931e-01,3.790129870129817391e+00
1.612903225806451568e-01,4.056103896103877560e+00
1.622678396871945206e-01,2.659740259740601687e-01
1.632453567937438843e-01,-5.020259740259803038e+00
1.642228739002932481e-01,-8.378181818181758445e+00
1.652003910068426118e-01,-7.979220779220668192e+00
1.661779081133919755e-01,-3.490909090909099177e+00
1.671554252199413393e-01,2.859220779220777331e+00
1.681329423264907030e-01,6.948571428571369779e+00
1.691104594330400668e-01,5.784935064934984439e+00
1.700879765395894305e-01,-3.324675324677173194e-02
1.710654936461387943e-01,-2.925714285714320795e+00
1.720430107526881858e-01,-4.920519480519374156e+00
1.730205278592375495e-01,-7.414025974025946653e+00
1.739980449657869133e-01,-5.552207792207866532e+00
1.749755620723362770e-01,-1.496103896103875286e+00
1.759530791788856408e-01,1.595844155844190482e+00
1.769305962854350045e-01,2.825974025974005599e+00
1.779081133919843682e-01,2.992207792207750572e+00
1.788856304985337320e-01,4.255584415584394264e+00
1.798631476050830957e-01,7.846233766233808637e+00
1.808406647116324595e-01,7.879480519480523526e+00
1.818181818181818232e-01,1.662337662337620259e+00
1.827956989247311870e-01,-3.590649350649300686e+00
1.837732160312805507e-01,-6.715844155844138186e+00
1.847507331378299145e-01,-8.477922077922130484e+00
1.857282502443792782e-01,-2.061298701298710512e+00
1.867057673509286420e-01,8.278441558441556936e+00
1.876832844574780057e-01,1.040623376623386775e+01
1.886608015640273694e-01,4.521558441558454433e+00
1.896383186705767332e-01,-7.314285714285801987e-01
1.906158357771260969e-01,-2.061298701298710512e+00
1.915933528836754607e-01,-4.754285714285742870e+00
1.925708699902248244e-01,-6.183896103896074692e+00
1.935483870967741882e-01,-2.194285714285797440e+00
1.945259042033235519e-01,4.056103896103934403e+00
1.955034213098729157e-01,5.851428571428584746e+00
1.964809384164222794e-01,1.196883116883100229e+00
1.974584555229716432e-01,-2.194285714285683753e+00
1.984359726295210069e-01,-3.025454545454579147e+00
1.994134897360703707e-01,-4.222337662337622533e+00
2.003910068426197344e-01,-4.122597402597421024e+00
2.013685239491690981e-01,-4.322077922077994572e+00
2.023460410557184619e-01,-5.552207792207752846e+00
2.033235581622678256e-01,-4.455064935064910969e+00
2.043010752688172171e-01,-4.987012987013486054e-01
2.052785923753665809e-01,5.352727272727236141e+00
2.062561094819159446e-01,8.477922077922187327e+00
2.072336265884653084e-01,4.721038961038971138e+00
2.082111436950146721e-01,-3.025454545454635991e+00
2.091886608015640359e-01,-6.483116883116849749e+00
2.101661779081133996e-01,-3.690389610389559039e+00
2.111436950146627634e-01,-3.989610389610902530e-01
2.121212121212121271e-01,2.260779220779170373e+00
2.130987292277614908e-01,2.825974025974062442e+00
2.140762463343108546e-01,2.227532467532455485e+00
2.150537634408602183e-01,2.460259740259743921e+00
2.160312805474095821e-01,-5.651948051947783824e-01
2.170087976539589458e-01,-3.889870129870189430e+00
2.179863147605083096e-01,-1.861818181818136964e+00
2.189638318670576733e-01,4.288831168831279683e+00
2.199413489736070371e-01,6.915324675324598047e+00
2.209188660801564008e-01,1.396363636363616934e+00
2.218963831867057646e-01,-6.183896103896017848e+00
2.228739002932551283e-01,-1.083844155844155921e+01
2.238514173998044920e-01,-1.107116883116890449e+01
2.248289345063538558e-01,-2.692987012986975515e+00
2.258064516129032195e-01,8.876883116883220737e+00
2.267839687194525833e-01,1.147012987012988106e+01
2.277614858260019470e-01,8.178701298701241740e+00
2.287390029325513108e-01,3.324675324675297361e+00
2.297165200391006745e-01,-1.296623376623358581e+00
2.306940371456500383e-01,-3.956363636363676051e+00
2.316715542521994020e-01,-5.552207792207809689e+00
2.326490713587487658e-01,-4.155844155844079069e+00
2.336265884652981295e-01,-7.979220779221236626e-01
2.346041055718475210e-01,1.529350649350590174e+00
2.355816226783968848e-01,-2.327272727272315933e-01
2.365591397849462485e-01,-1.196883116883157072e+00
2.375366568914956122e-01,1.961558441558452159e+00
2.385141739980449760e-01,5.252987012987148319e+00
2.394916911045943397e-01,5.518961038960981114e+00
2.404692082111437035e-01,3.058701298701123505e+00
2.414467253176930672e-01,-5.319480519480066505e-01
2.424242424242424310e-01,-3.191688311688210433e+00
2.434017595307917947e-01,-3.989610389610447783e+00
2.443792766373411585e-01,8.976623376622683281e-01
2.453567937438905222e-01,8.378181818181872131e+00
2.463343108504398860e-01,5.419220779220779605e+00
2.473118279569892497e-01,-3.657142857142957837e+00
2.482893450635386134e-01,-8.577662337662388836e+00
2.492668621700879772e-01,-6.981818181818084668e+00
2.502443792766373409e-01,-4.388571428571310662e+00
2.512218963831867047e-01,-7.314285714285801987e-01
2.521994134897360684e-01,4.255584415584337421e+00
2.531769305962854322e-01,6.350129870129819665e+00
2.541544477028347959e-01,6.117402597402644915e+00
2.551319648093841597e-01,1.529350649350760705e+00
2.561094819159335234e-01,-3.590649350649357530e+00
2.570869990224828872e-01,-5.552207792207866532e+00
2.580645161290322509e-01,-6.416623376623363129e+00
2.590420332355816146e-01,-4.189090909090907644e+00
2.600195503421309784e-01,1.296623376623358581e+00
2.609970674486803421e-01,1.163636363636385340e+00
2.619745845552297059e-01,-2.161038961038912021e+00
2.629521016617790696e-01,-3.357922077922069093e+00
2.639296187683284334e-01,2.659740259739464818e-01
2.649071358748777971e-01,5.818181818181869858e+00
2.658846529814271609e-01,2.925714285714377638e+00
2.668621700879765246e-01,-2.659740259740317470e+00
2.678396871945258884e-01,-3.989610389610447783e+00
2.688172043010752521e-01,-2.127792207792253976e+00
2.697947214076246158e-01,1.363116883116902045e+00
2.707722385141739796e-01,3.889870129870132587e+00
2.717497556207233433e-01,2.094545454545425400e+00
2.727272727272727071e-01,2.327272727273452801e-01
2.737047898338220708e-01,8.644155844156102830e-01
2.746823069403714346e-01,-5.984415584415501144e-01
2.756598240469207983e-01,-2.094545454545482244e+00
2.766373411534701621e-01,-1.396363636363673777e+00
2.776148582600195258e-01,1.662337662337449729e-01
2.785923753665688896e-01,0.000000000000000000e+00
2.795698924731182533e-01,6.649350649350935782e-01
2.805474095796676171e-01,1.795324675324650343e+00
2.815249266862169808e-01,-2.360519480519428726e+00
2.825024437927664001e-01,-6.017662337662329719e+00
2.834799608993157638e-01,-2.094545454545482244e+00
2.844574780058651275e-01,4.521558441558454433e+00
2.854349951124144913e-01,7.081558441558399863e+00
2.864125122189638550e-01,6.183896103896074692e+00
2.873900293255132188e-01,1.196883116883157072e+00
2.883675464320625825e-01,-5.053506493506404240e+00
2.893450635386119463e-01,-8.610909090909103725e+00
2.903225806451613100e-01,-6.416623376623419972e+00
2.913000977517106738e-01,-3.657142857142616776e-01
2.922776148582600375e-01,3.357922077922069093e+00
2.932551319648094013e-01,5.219740259740206056e+00
2.942326490713587650e-01,2.659740259740260626e+00
2.952101661779081287e-01,-9.641558441558117920e-01
2.961876832844574925e-01,-3.324675324677173194e-02
2.971652003910068562e-01,2.294025974025942105e+00
2.981427174975562200e-01,2.161038961038912021e+00
2.991202346041055837e-01,7.646753246753519306e-01
3.000977517106549475e-01,-2.327272727272656994e+00
3.010752688172043112e-01,-4.787532467532514602e+00
3.020527859237536750e-01,-2.792727272727290710e+00
3.030303030303030387e-01,2.061298701298767355e+00
3.040078201368524025e-01,5.186493506493491168e+00
3.049853372434017662e-01,3.025454545454522304e+00
3.059628543499511300e-01,1.728831168831163723e+00
3.069403714565004937e-01,2.327272727272315933e-01
3.079178885630498574e-01,-3.391168831168783981e+00
3.088954056695992212e-01,-3.291428571428582472e+00
3.098729227761485849e-01,1.629090909090848527e+00
3.108504398826979487e-01,4.787532467532514602e+00
3.118279569892473124e-01,2.992207792207864259e+00
3.128054740957966762e-01,5.651948051948352258e-01
3.137829912023460399e-01,-2.659740259740317470e+00
3.147605083088954037e-01,-2.161038961038968864e+00
3.157380254154447674e-01,3.025454545454579147e+00
3.167155425219941312e-01,7.480519480519433273e+00
3.176930596285434949e-01,9.209350649350596996e+00
3.186705767350928586e-01,5.153246753246776279e+00
3.196480938416422224e-01,-2.526753246753230542e+00
3.206256109481915861e-01,-6.050909090909101451e+00
3.216031280547409499e-01,-3.357922077922069093e+00
3.225806451612903136e-01,3.291428571428582472e+00
3.235581622678396774e-01,9.641558441558515824e+00
3.245356793743890411e-01,9.608311688311687249e+00
3.255131964809384049e-01,4.222337662337565689e+00
3.264907135874877686e-01,-2.460259740259687078e+00
3.274682306940371324e-01,-4.255584415584337421e+00
3.284457478005864961e-01,-1.097142857142898720e+00
3.294232649071358598e-01,8.976623376622683281e-01
3.304007820136852236e-01,7.646753246753519306e-01
3.313782991202345873e-01,8.311688311688385511e-01
3.323558162267839511e-01,-4.322077922078619849e-01
3.333333333333333148e-01,-3.923116883116847475e+00
3.343108504398826786e-01,-4.621298701298599099e+00
3.352883675464320423e-01,-2.327272727272713837e+00
3.362658846529814061e-01,1.363116883116845202e+00
3.372434017595307698e-01,2.692987012987032358e+00
3.382209188660801336e-01,9.974025974031519581e-02
3.391984359726294973e-01,-4.355324675324709460e+00
3.401759530791788610e-01,-7.912727272727352101e+00
3.411534701857282248e-01,-6.815584415584453382e+00
3.421309872922775885e-01,1.163636363636442184e+00
3.431085043988269523e-01,8.311688311688385511e+00
3.440860215053763715e-01,5.884675324675242791e+00
3.450635386119257353e-01,1.329870129869732409e-01
3.460410557184750990e-01,-4.754285714285742870e+00
3.470185728250244628e-01,-6.449870129870134861e+00
3.479960899315738265e-01,-4.089350649350649292e+00
3.489736070381231903e-01,-2.227532467532455485e+00
3.499511241446725540e-01,-5.319480519479498071e-01
3.509286412512219178e-01,2.825974025974005599e+00
3.519061583577712815e-01,3.158441558441438701e+00
3.528836754643206453e-01,-8.976623376623251716e-01
3.538611925708700090e-01,-4.255584415584337421e+00
3.548387096774193727e-01,-3.956363636363562364e+00
3.558162267839687365e-01,-9.309090909091537469e-01
3.567937438905181002e-01,4.322077922077482981e-01
3.577712609970674640e-01,-2.759480519480518979e+00
3.587487781036168277e-01,-7.912727272727238415e+00
3.597262952101661915e-01,-1.379740259740253805e+01
3.607038123167155552e-01,-1.449558441558457389e+01
3.616813294232649190e-01,-4.987012987013031307e+00
3.626588465298142827e-01,4.455064935065081499e+00
3.636363636363636465e-01,5.984415584415557987e+00
3.646138807429130102e-01,3.424415584415498870e+00
3.655913978494623739e-01,2.327272727273452801e-01
3.665689149560117377e-01,-3.723636363636387614e+00
3.675464320625611014e-01,-5.286233766233749520e+00
3.685239491691104652e-01,-2.327272727272656994e+00
3.695014662756598289e-01,1.396363636363616934e+00
3.704789833822091927e-01,4.322077922077880885e+00
3.714565004887585564e-01,6.383376623376534553e+00
3.724340175953079202e-01,3.557402597402642641e+00
3.734115347018572839e-01,2.294025974026055792e+00
3.743890518084066477e-01,5.086753246753232816e+00
3.753665689149560114e-01,5.651948051948011198e+00
3.763440860215053752e-01,2.859220779220720488e+00
3.773216031280547389e-01,-2.327272727272315933e-01
3.782991202346041026e-01,-1.828571428571308388e+00
3.792766373411534664e-01,-3.324675324675297361e+00
3.802541544477028301e-01,-3.424415584415669400e+00
3.812316715542521939e-01,8.976623376623251716e-01
3.822091886608015576e-01,7.680000000000006821e+00
3.831867057673509214e-01,9.275844155844140460e+00
3.841642228739002851e-01,5.153246753246776279e+00
3.851417399804496489e-01,-8.311688311687817077e-01
3.861192570869990126e-01,-5.485714285714266225e+00
3.870967741935483764e-01,-6.150649350649359803e+00
3.880742913000977401e-01,-3.058701298701350879e+00
3.890518084066471038e-01,8.644155844155534396e-01
3.900293255131964676e-01,2.859220779220777331e+00
3.910068426197458313e-01,7.314285714285233553e-01
3.919843597262951951e-01,-4.421818181818082394e+00
3.929618768328445588e-01,-5.518961038960981114e+00
3.939393939393939226e-01,-2.593246753246830849e+00
3.949169110459432863e-01,4.654545454545200300e-01
3.958944281524926501e-01,2.260779220779227217e+00
3.968719452590420138e-01,1.396363636363673777e+00
3.978494623655913776e-01,-2.061298701298710512e+00
3.988269794721407413e-01,-6.549610389610393213e+00
3.998044965786901050e-01,-7.114805194805228439e+00
4.007820136852394688e-01,6.981818181818653102e-01
4.017595307917888325e-01,9.475324675324770851e+00
4.027370478983381963e-01,9.342337662337570237e+00
4.037145650048875600e-01,2.127792207792197132e+00
4.046920821114369238e-01,-5.984415584415557987e+00
4.056695992179862875e-01,-8.145454545454583695e+00
4.066471163245356513e-01,-6.117402597402644915e+00
4.076246334310850705e-01,-3.790129870129931078e+00
4.086021505376344343e-01,-5.984415584415501144e-01
4.095796676441837980e-01,2.992207792207807415e+00
4.105571847507331618e-01,4.421818181818139237e+00
4.115347018572825255e-01,5.651948051948352258e-01
4.125122189638318893e-01,-1.662337662337563415e+00
4.134897360703812530e-01,-1.329870129869732409e-01
4.144672531769306167e-01,2.593246753246717162e+00
4.154447702834799805e-01,4.953766233766145888e+00
4.164222873900293442e-01,2.892467532467549063e+00
4.173998044965787080e-01,-1.961558441558338473e+00
4.183773216031280717e-01,-7.181298701298715059e+00
4.193548387096774355e-01,-8.411428571428643863e+00
4.203323558162267992e-01,-1.861818181818136964e+00
4.213098729227761630e-01,7.580259740259748469e+00
4.222873900293255267e-01,7.447272727272718384e+00
4.232649071358748905e-01,2.127792207792197132e+00
4.242424242424242542e-01,-2.127792207792197132e+00
4.252199413489736179e-01,-5.751688311688269550e+00
4.261974584555229817e-01,-5.485714285714379912e+00
4.271749755620723454e-01,-3.457662337662327445e+00
4.281524926686217092e-01,-1.695584415584278304e+00
4.291300097751710729e-01,5.984415584415501144e-01
4.301075268817204367e-01,2.360519480519371882e+00
4.310850439882698004e-01,0.000000000000000000e+00
4.320625610948191642e-01,-2.825974025974005599e+00
4.330400782013685279e-01,-2.792727272727290710e+00
4.340175953079178917e-01,5.984415584415501144e-01
4.349951124144672554e-01,2.759480519480575822e+00
4.359726295210166191e-01,2.227532467532455485e+00
4.369501466275659829e-01,1.762077922077821768e+00
4.379276637341153466e-01,-1.629090909090962214e+00
4.389051808406647104e-01,-5.419220779220779605e+00
4.398826979472140741e-01,-1.629090909090791683e+00
4.408602150537634379e-01,6.117402597402588071e+00
4.418377321603128016e-01,6.915324675324598047e+00
4.428152492668621654e-01,2.427012987013029033e+00
4.437927663734115291e-01,-1.861818181818193807e+00
4.447702834799608929e-01,-5.452467532467494493e+00
4.457478005865102566e-01,-5.286233766233749520e+00
4.467253176930596203e-01,-5.319480519481203373e-01
4.477028347996089841e-01,5.086753246753232816e+00
4.486803519061583478e-01,6.616103896103936677e+00
4.496578690127077116e-01,4.255584415584451108e+00
4.506353861192570753e-01,2.094545454545425400e+00
4.516129032258064391e-01,-3.324675324677173194e-02
4.525904203323558028e-01,0.000000000000000000e+00
4.535679374389051666e-01,3.391168831168840825e+00
4.545454545454545303e-01,5.518961038961037957e+00
4.555229716520038941e-01,4.421818181818196081e+00
4.565004887585532578e-01,1.130389610389670452e+00
4.574780058651026216e-01,-4.288831168831222840e+00
4.584555229716519853e-01,-7.314285714285745144e+00
4.594330400782013490e-01,-8.976623376623251716e-01
4.604105571847507128e-01,6.882077922077883159e+00
4.613880742913000765e-01,6.350129870129876508e+00
4.623655913978494403e-01,3.058701298701350879e+00
4.633431085043988040e-01,-1.130389610389556765e+00
4.643206256109481678e-01,-2.859220779220777331e+00
4.652981427174975315e-01,-1.329870129870187156e+00
4.662756598240468953e-01,-3.324675324675467891e-01
4.672531769305962590e-01,1.828571428571478918e+00
4.682306940371456228e-01,1.196883116883100229e+00
4.692082111436950420e-01,-3.125194805194837500e+00
4.701857282502444058e-01,-6.183896103896074692e+00
4.711632453567937695e-01,-5.385974025974007873e+00
4.721407624633431332e-01,-1.762077922077935455e+00
4.731182795698924970e-01,1.363116883116902045e+00
4.740957966764418607e-01,3.357922077922069093e+00
4.750733137829912245e-01,2.593246753246774006e+00
4.760508308895405882e-01,-2.260779220779227217e+00
4.770283479960899520e-01,-6.715844155844195029e+00
4.780058651026393157e-01,-8.311688311688328668e+00
4.789833822091886795e-01,-2.792727272727233867e+00
4.799608993157380432e-01,7.314285714285688300e+00
4.809384164222874070e-01,8.178701298701241740e+00
4.819159335288367707e-01,-5.651948051947783824e-01
4.828934506353861345e-01,-7.613506493506520201e+00
4.838709677419354982e-01,-8.012467532467553610e+00
4.848484848484848619e-01,-5.884675324675242791e+00
4.858260019550342257e-01,-1.296623376623358581e+00
4.868035190615835894e-01,3.424415584415555713e+00
4.877810361681329532e-01,4.987012987013031307e+00
4.887585532746823169e-01,2.859220779220777331e+00
4.897360703812316807e-01,-2.593246753246774006e+00
4.907135874877810444e-01,-7.812987012987036906e+00
4.916911045943304082e-01,-9.309090909090969035e+00
4.926686217008797719e-01,-3.923116883116904319e+00
4.936461388074291357e-01,2.127792207792253976e+00
4.946236559139784994e-01,2.925714285714320795e+00
4.956011730205278631e-01,1.196883116883100229e+00
4.965786901270772269e-01,6.981818181818653102e-01
4.975562072336265906e-01,1.961558441558509003e+00
4.985337243401759544e-01,7.912727272727238415e+00
4.995112414467253181e-01,1.652363636363634214e+01
5.004887585532746819e-01,1.745454545454549589e+01
5.014662756598240456e-01,1.452883116883111825e+01
5.024437927663734094e-01,1.346493506493504810e+01
5.034213098729227731e-01,1.555948051948058719e+01
5.043988269794721369e-01,2.038025974025970299e+01
5.053763440860215006e-01,2.563324675324679447e+01
5.063538611925708643e-01,3.191688311688307067e+01
5.073313782991202281e-01,3.683740259740250167e+01
5.083088954056695918e-01,3.949714285714287598e+01
5.092864125122189556e-01,4.022857142857139934e+01
5.102639296187683193e-01,4.185766233766236155e+01
5.112414467253176831e-01,4.345350649350655203e+01
5.122189638318670468e-01,4.478337662337662550e+01
5.131964809384164106e-01,4.787532467532457758e+01
5.141739980449657743e-01,4.903896103896101977e+01
5.151515151515151381e-01,4.551480519480537623e+01
5.161290322580645018e-01,4.119272727272732482e+01
5.171065493646138655e-01,1.748779220779215393e+01
5.180840664711632293e-01,-4.920519480519487843e+00
5.190615835777125930e-01,-4.953766233766259575e+00
5.200391006842619568e-01,-4.953766233766145888e+00
5.210166177908113205e-01,-4.787532467532514602e+00
5.219941348973606843e-01,-4.288831168831279683e+00
5.229716520039100480e-01,-4.953766233766145888e+00
5.239491691104594118e-01,-5.618701298701239466e+00
5.249266862170087755e-01,-4.953766233766259575e+00
5.259042033235581393e-01,-4.854025974026058066e+00
5.268817204301075030e-01,-4.987012987012917620e+00
5.278592375366568668e-01,-4.787532467532514602e+00
5.288367546432062305e-01,-4.820779220779286334e+00
5.298142717497555942e-01,-4.887272727272602424e+00
5.307917888563049580e-01,-5.086753246753232816e+00
5.317693059628543217e-01,-9.774545454545545908e+00
5.327468230694036855e-01,-3.570701298701305859e+01
5.337243401759530492e-01,-6.602805194805188194e+01
5.347018572825024130e-01,-8.597610389610383663e+01
5.356793743890517767e-01,-1.017018181818181688e+02
5.366568914956011405e-01,-1.053922077922077847e+02
5.376344086021505042e-01,-1.016020779220779673e+02
5.386119257086998680e-01,-9.618285714285718768e+01
5.395894428152492317e-01,-8.730597402597408063e+01
5.405669599217985954e-01,-7.384103896103900411e+01
5.415444770283479592e-01,-6.134025974025973937e+01
5.425219941348973229e-01,-4.870649350649350140e+01
5.434995112414466867e-01,-3.391168831168826614e+01
5.444770283479960504e-01,-2.260779220779224374e+01
5.454545454545454142e-01,-1.602493506493507880e+01
5.464320625610947779e-01,-6.217142857142818002e+00
5.474095796676441417e-01,5.219740259740206056e+00
5.483870967741935054e-01,1.283324675324672626e+01
5.493646138807428692e-01,1.994805194805198312e+01
5.503421309872922329e-01,2.609870129870134292e+01
5.513196480938415966e-01,2.912415584415583680e+01
5.522971652003909604e-01,3.118545454545454731e+01
5.532746823069403241e-01,2.902441558441560687e+01
5.542521994134896879e-01,2.044675324675321804e+01
5.552297165200390516e-01,1.263376623376620955e+01
5.562072336265884154e-01,9.807792207792203953e+00
5.571847507331377791e-01,1.399688311688316844e+01
5.581622678396871429e-01,1.958233766233769302e+01
5.591397849462365066e-01,1.758753246753241228e+01
5.601173020527858704e-01,1.073870129870130086e+01
5.610948191593352341e-01,2.692987012987032358e+00
5.620723362658845979e-01,-2.593246753246774006e+00
5.630498533724339616e-01,-4.056103896103905981e+00
5.640273704789834364e-01,-5.651948051947783824e-01
5.650048875855328001e-01,3.823376623376617545e+00
5.659824046920821639e-01,5.020259740259746195e+00
5.669599217986315276e-01,5.286233766233806364e+00
5.679374389051808913e-01,3.125194805194780656e+00
5.689149560117302551e-01,1.728831168831163723e+00
5.698924731182796188e-01,4.521558441558454433e+00
5.708699902248289826e-01,9.575064935064915517e+00
5.718475073313783463e-01,1.004051948051946397e+01
5.728250244379277101e-01,6.350129870129933352e+00
5.738025415444770738e-01,2.626493506493488894e+00
5.747800586510264376e-01,-2.327272727272315933e-01
5.757575757575758013e-01,4.654545454546052952e-01
5.767350928641251651e-01,5.751688311688212707e+00
5.777126099706745288e-01,9.874285714285747417e+00
5.786901270772238925e-01,6.682597402597423297e+00
5.796676441837732563e-01,4.654545454545768735e-01
5.806451612903226200e-01,-3.590649350649357530e+00
5.816226783968719838e-01,-7.380779220779288607e+00
5.826001955034213475e-01,-8.876883116883050207e+00
5.835777126099707113e-01,-6.682597402597451719e+00
5.845552297165200750e-01,-2.294025974026112635e+00
5.855327468230694388e-01,4.089350649350734557e+00
5.865102639296188025e-01,5.086753246753403346e+00
5.874877810361681663e-01,-9.974025974025835239e-02
5.884652981427175300e-01,-1.030649350649468943e+00
5.894428152492668938e-01,1.961558441558338473e+00
5.904203323558162575e-01,5.286233766233806364e+00
5.913978494623656212e-01,6.682597402597480141e+00
5.923753665689149850e-01,3.524155844155814066e+00
5.933528836754643487e-01,-1.695584415584391991e+00
5.943304007820137125e-01,-5.651948051947954355e+00
5.953079178885630762e-01,-3.590649350649414373e+00
5.962854349951124400e-01,3.690389610389502195e+00
5.972629521016618037e-01,8.943376623376650514e+00
5.982404692082111675e-01,7.547012987013090424e+00
5.992179863147605312e-01,4.388571428571424349e+00
6.001955034213098950e-01,9.641558441557549486e-01
6.011730205278592587e-01,-1.363116883116902045e+00
6.021505376344086224e-01,-5.984415584414932709e-01
6.031280547409579862e-01,1.462857142857217241e+00
6.041055718475073499e-01,5.518961038960981114e+00
6.050830889540567137e-01,6.948571428571426623e+00
6.060606060606060774e-01,5.452467532467608180e+00
6.070381231671554412e-01,1.728831168831106879e+00
6.080156402737048049e-01,-1.562597402597418750e+00
6.089931573802541687e-01,0.000000000000000000e+00
6.099706744868035324e-01,4.056103896103820716e+00
6.109481915933528962e-01,8.943376623376707357e+00
6.119257086999022599e-01,7.081558441558513550e+00
6.129032258064516236e-01,-7.646753246753519306e-01
6.138807429130009874e-01,-5.618701298701353153e+00
6.148582600195503511e-01,-5.252987012987034632e+00
6.158357771260997149e-01,1.462857142857217241e+00
6.168132942326490786e-01,8.976623376623365402e+00
6.177908113391984424e-01,9.275844155844083616e+00
6.187683284457478061e-01,6.449870129870191704e+00
6.197458455522971699e-01,2.560000000000002274e+00
6.207233626588465336e-01,-1.396363636363673777e+00
6.217008797653958974e-01,-3.490909090909099177e+00
6.226783968719452611e-01,-3.191688311688324120e+00
6.236559139784946248e-01,-1.163636363636328497e+00
6.246334310850439886e-01,6.649350649348662046e-02
6.256109481915933523e-01,-6.649350649354346388e-02
6.265884652981427161e-01,-1.296623376623415425e+00
6.275659824046920798e-01,-2.859220779220777331e+00
6.285434995112414436e-01,-1.196883116883100229e+00
6.295210166177908073e-01,6.549610389610450056e+00
6.304985337243401711e-01,9.109610389610395487e+00
6.314760508308895348e-01,4.987012987012917620e+00
6.324535679374388986e-01,-3.657142857142616776e-01
6.334310850439882623e-01,-5.020259740259632508e+00
6.344086021505376261e-01,-6.050909090909158294e+00
6.353861192570869898e-01,9.974025974025835239e-02
6.363636363636363535e-01,8.378181818181928975e+00
6.373411534701857173e-01,1.010701298701292217e+01
6.383186705767350810e-01,6.150649350649246117e+00
6.392961876832844448e-01,1.163636363636385340e+00
6.402737047898338085e-01,-2.028051948051938780e+00
6.412512218963831723e-01,-3.258181818181753897e+00
6.422287390029325360e-01,-6.316883116883218463e-01
6.432062561094818998e-01,2.859220779220720488e+00
6.441837732160312635e-01,4.056103896103934403e+00
6.451612903225806273e-01,2.327272727272770680e+00
6.461388074291299910e-01,-1.762077922077878611e+00
6.471163245356793547e-01,-1.828571428571422075e+00
6.480938416422287185e-01,2.726233766233804090e+00
6.490713587487780822e-01,5.319480519480521252e+00
6.500488758553274460e-01,3.125194805194723813e+00
6.510263929618768097e-01,-2.194285714285797440e+00
6.520039100684261735e-01,-4.754285714285686026e+00
6.529814271749755372e-01,-2.260779220779284060e+00
6.539589442815249010e-01,3.657142857143185211e-01
6.549364613880742647e-01,1.928311688311737271e+00
6.559139784946236285e-01,4.953766233766145888e+00
6.568914956011729922e-01,5.552207792207752846e+00
6.578690127077223559e-01,3.324675324675467891e-01
6.588465298142717197e-01,-3.490909090909042334e+00
6.598240469208210834e-01,-1.196883116883043385e+00
6.608015640273704472e-01,-9.974025974025835239e-02
6.617790811339198109e-01,-1.462857142857160397e+00
6.627565982404691747e-01,-5.651948051948352258e-01
6.637341153470185384e-01,2.659740259740260626e+00
6.647116324535679022e-01,3.058701298701350879e+00
6.656891495601172659e-01,1.329870129870130313e+00
6.666666666666666297e-01,2.127792207792197132e+00
6.676441837732159934e-01,2.992207792207750572e+00
6.686217008797653572e-01,3.324675324675297361e+00
6.695992179863147209e-01,4.388571428571481192e+00
6.705767350928640846e-01,4.089350649350649292e+00
6.715542521994134484e-01,-2.028051948051995623e+00
6.725317693059628121e-01,-7.979220779220725035e+00
6.735092864125121759e-01,-7.015064935064913243e+00
6.744868035190615396e-01,1.994805194805167048e+00
6.754643206256109034e-01,1.100467532467536103e+01
6.764418377321602671e-01,9.043116883116795179e+00
6.774193548387096309e-01,7.979220779220668192e-01
6.783968719452589946e-01,-6.250389610389561312e+00
6.793743890518083584e-01,-1.053922077922084100e+01
6.803519061583577221e-01,-1.030649350649343887e+01
6.813294232649070858e-01,-4.189090909090850801e+00
6.823069403714564496e-01,1.994805194805167048e+00
6.832844574780058133e-01,1.961558441558452159e+00
6.842619745845551771e-01,-1.895064935064908695e+00
6.852394916911045408e-01,-5.685194805194896617e+00
6.862170087976539046e-01,-6.350129870129933352e+00
6.871945259042032683e-01,-1.529350649350533331e+00
6.881720430107527431e-01,4.754285714285799713e+00
6.891495601173021068e-01,7.513766233766148162e+00
6.901270772238514706e-01,5.784935064934984439e+00
6.911045943304008343e-01,4.654545454545768735e-01
6.920821114369501981e-01,-6.050909090909101451e+00
6.930596285434995618e-01,-6.915324675324711734e+00
6.940371456500489256e-01,1.396363636363616934e+00
6.950146627565982893e-01,9.408831168831227387e+00
6.959921798631476531e-01,9.774545454545545908e+00
6.969696969696970168e-01,7.646753246753235089e+00
6.979472140762463805e-01,2.992207792207750572e+00
6.989247311827957443e-01,-4.654545454545768735e-01
6.999022482893451080e-01,-1.230129870129928804e+00
7.008797653958944718e-01,6.649350649354346388e-02
7.018572825024438355e-01,3.790129870129931078e+00
7.028347996089931993e-01,5.086753246753289659e+00
7.038123167155425630e-01,3.324675324675240518e+00
7.047898338220919268e-01,-1.030649350649468943e+00
7.057673509286412905e-01,-1.529350649350533331e+00
7.067448680351906543e-01,2.593246753246774006e+00
7.077223851417400180e-01,5.020259740259689352e+00
7.086999022482893817e-01,4.388571428571481192e+00
7.096774193548387455e-01,2.692987012986975515e+00
7.106549364613881092e-01,-1.728831168831220566e+00
7.116324535679374730e-01,-5.385974025974007873e+00
7.126099706744868367e-01,-4.687792207792199406e+00
7.135874877810362005e-01,-2.659740259739464818e-01
7.145650048875855642e-01,5.685194805194839773e+00
7.155425219941349280e-01,4.521558441558454433e+00
7.165200391006842917e-01,-1.562597402597475593e+00
7.174975562072336555e-01,-4.987012987013088150e+00
7.184750733137830192e-01,-5.020259740259689352e+00
7.194525904203323829e-01,-3.557402597402472111e+00
7.204301075268817467e-01,-8.976623376622683281e-01
7.214076246334311104e-01,3.091948051947895237e+00
7.223851417399804742e-01,8.843636363636335318e+00
7.233626588465298379e-01,1.130389610389619293e+01
7.243401759530792017e-01,4.388571428571367505e+00
7.253176930596285654e-01,-3.657142857142616776e-01
7.262952101661779292e-01,1.130389610389613608e+00
7.272727272727272929e-01,9.641558441557549486e-01
7.282502443792766567e-01,-6.649350649342977704e-02
7.292277614858260204e-01,-1.462857142857046711e+00
7.302052785923753842e-01,-5.286233766233863207e+00
7.311827956989247479e-01,-7.646753246753235089e+00
7.321603128054741116e-01,-3.889870129870132587e+00
7.331378299120234754e-01,3.790129870129760548e+00
7.341153470185728391e-01,9.774545454545545908e+00
7.350928641251222029e-01,8.810389610389677273e+00
7.360703812316715666e-01,3.524155844155814066e+00
7.370478983382209304e-01,-1.529350649350703861e+00
7.380254154447702941e-01,-3.324675324675411048e+00
7.390029325513196579e-01,-9.641558441557549486e-01
7.399804496578690216e-01,2.327272727273452801e-01
7.409579667644183854e-01,-1.097142857142955563e+00
7.419354838709677491e-01,-3.657142857142048342e-01
7.429130009775171128e-01,-2.659740259738896384e-01
7.438905180840664766e-01,-3.823376623376702810e+00
7.448680351906158403e-01,-3.690389610389729569e+00
7.458455522971652041e-01,-6.649350649354346388e-02
7.468230694037145678e-01,3.424415584415612557e+00
7.478005865102639316e-01,5.252987012987148319e+00
7.487781036168132953e-01,1.961558441558452159e+00
7.497556207233626591e-01,-2.958961038961206214e+00
7.507331378299120228e-01,-5.485714285714323069e+00
7.517106549364613866e-01,-2.925714285714207108e+00
7.526881720430107503e-01,6.084155844155873183e+00
7.536656891495601140e-01,1.143688311688305248e+01
7.546432062561094778e-01,9.408831168831170544e+00
7.556207233626588415e-01,5.585454545454695108e+00
7.565982404692082053e-01,8.644155844156102830e-01
7.575757575757575690e-01,9.974025974020150898e-02
7.585532746823069328e-01,4.355324675324709460e+00
7.595307917888562965e-01,7.912727272727238415e+00
7.605083088954056603e-01,7.447272727272661541e+00
7.614858260019550240e-01,8.078961038961097074e+00
7.624633431085043878e-01,7.148051948052000171e+00
7.634408602150537515e-01,9.974025974025266805e-01
7.644183773216031152e-01,-1.728831168831220566e+00
7.653958944281524790e-01,-9.641558441558117920e-01
7.663734115347018427e-01,1.429610389610388665e+00
7.673509286412512065e-01,3.258181818181753897e+00
7.683284457478005702e-01,3.291428571428582472e+00
7.693059628543499340e-01,1.994805194805223891e+00
7.702834799608992977e-01,-5.651948051948352258e-01
7.712609970674486615e-01,-8.976623376623820150e-01
7.722385141739980252e-01,3.058701298701350879e+00
7.732160312805473890e-01,5.685194805194896617e+00
7.741935483870967527e-01,3.524155844155814066e+00
7.751710654936461165e-01,7.646753246753519306e-01
7.761485826001954802e-01,-1.562597402597361906e+00
7.771260997067448439e-01,-2.726233766233804090e+00
7.781036168132942077e-01,-1.230129870129871961e+00
7.790811339198435714e-01,1.994805194805167048e+00
7.800586510263929352e-01,5.153246753246776279e+00
7.810361681329422989e-01,7.281038961038916568e+00
7.820136852394916627e-01,6.183896103896074692e+00
7.829912023460410264e-01,3.058701298701350879e+00
7.839687194525903902e-01,2.958961038961035683e+00
7.849462365591397539e-01,3.923116883116847475e+00
7.859237536656891177e-01,5.020259740259746195e+00
7.869012707722384814e-01,7.447272727272718384e+00
7.878787878787878451e-01,6.682597402597309610e+00
7.888563049853372089e-01,3.723636363636387614e+00
7.898338220918865726e-01,2.127792207792253976e+00
7.908113391984359364e-01,1.496103896103875286e+00
7.917888563049853001e-01,4.754285714285742870e+00
7.927663734115346639e-01,1.004051948051949239e+01
7.937438905180840276e-01,9.375584415584341968e+00
7.947214076246333914e-01,5.485714285714266225e+00
7.956989247311827551e-01,2.759480519480575822e+00
7.966764418377321189e-01,2.028051948051938780e+00
7.976539589442814826e-01,2.992207792207750572e-01
7.986314760508308463e-01,-2.294025974025942105e+00
7.996089931573802101e-01,-2.360519480519485569e+00
8.005865102639295738e-01,-2.692987012986975515e+00
8.015640273704789376e-01,-4.322077922077880885e+00
8.025415444770283013e-01,-4.122597402597421024e+00
8.035190615835776651e-01,6.981818181818084668e-01
8.044965786901270288e-01,4.388571428571424349e+00
8.054740957966763926e-01,4.155844155844135912e+00
8.064516129032257563e-01,3.357922077922069093e+00
8.074291300097751201e-01,1.063896103896126988e+00
8.084066471163244838e-01,-3.524155844155870909e+00
8.093841642228738475e-01,-6.616103896103936677e+00
8.103616813294232113e-01,-6.516363636363564638e+00
8.113391984359725750e-01,-2.393766233766200457e+00
8.123167155425219388e-01,4.189090909090850801e+00
8.132942326490713025e-01,5.751688311688269550e+00
8.142717497556207773e-01,4.322077922078051415e-01
8.152492668621701410e-01,-7.214545454545429948e+00
8.162267839687195048e-01,-8.511168831168845372e+00
8.172043010752688685e-01,-5.020259740259746195e+00
8.181818181818182323e-01,-3.524155844155814066e+00
8.191593352883675960e-01,8.976623376623820150e-01
8.201368523949169598e-01,5.751688311688269550e+00
8.211143695014663235e-01,6.882077922077883159e+00
8.220918866080156873e-01,2.992207792207864259e+00
8.230694037145650510e-01,-5.252987012986977788e+00
8.240469208211144148e-01,-9.375584415584455655e+00
8.250244379276637785e-01,-5.518961038961094800e+00
8.260019550342131422e-01,-3.324675324675467891e-01
8.269794721407625060e-01,-1.030649350649355256e+00
8.279569892473118697e-01,-5.784935064935041282e+00
8.289345063538612335e-01,-1.004051948051949239e+01
8.299120234604105972e-01,-1.083844155844155921e+01
8.308895405669599610e-01,-4.887272727272659267e+00
8.318670576735093247e-01,2.360519480519428726e+00
8.328445747800586885e-01,3.224935064934982165e+00
8.338220918866080522e-01,-2.692987012986975515e+00
8.347996089931574160e-01,-1.050597402597395558e+01
8.357771260997067797e-01,-1.047272727272724069e+01
8.367546432062561435e-01,-6.815584415584453382e+00
8.377321603128055072e-01,-5.419220779220836448e+00
8.387096774193548709e-01,-5.452467532467437650e+00
8.396871945259042347e-01,-4.421818181818082394e+00
8.406647116324535984e-01,-5.951168831168956785e+00
8.416422287390029622e-01,-1.319896103896110162e+01
8.426197458455523259e-01,-1.565922077922067501e+01
8.435972629521016897e-01,-9.940779220779234038e+00
8.445747800586510534e-01,-5.252987012987034632e+00
8.455522971652004172e-01,-4.455064935064910969e+00
8.465298142717497809e-01,-6.848831168831111427e+00
8.475073313782991447e-01,-1.353142857142853472e+01
8.484848484848485084e-01,-1.772051948051955605e+01
8.494623655913978721e-01,-1.622441558441568077e+01
8.504398826979472359e-01,-9.541818181818143785e+00
8.514173998044965996e-01,-3.490909090909099177e+00
8.523949169110459634e-01,-3.889870129870189430e+00
8.533724340175953271e-01,-6.283636363636276201e+00
8.543499511241446909e-01,-9.508571428571372053e+00
8.553274682306940546e-01,-1.220155844155840441e+01
8.563049853372434184e-01,-1.562597402597401697e+01
8.572825024437927821e-01,-1.599168831168833549e+01
8.582600195503421459e-01,-1.153662337662342452e+01
8.592375366568915096e-01,-7.846233766233751794e+00
8.602150537634408733e-01,-8.777142857142905541e+00
8.611925708699902371e-01,-1.226805194805200472e+01
8.621700879765396008e-01,-1.070545454545452912e+01
8.631476050830889646e-01,-6.516363636363678324e+00
8.641251221896383283e-01,-1.130389610389613608e+00
8.651026392961876921e-01,2.659740259740033252e-01
8.660801564027370558e-01,-5.286233766233749520e+00
8.670576735092864196e-01,-1.063896103896101408e+01
8.680351906158357833e-01,-1.140363636363639444e+01
8.690127077223851471e-01,-9.475324675324657164e+00
8.699902248289345108e-01,-4.820779220779229490e+00
8.709677419354838745e-01,3.989610389610049879e-01
8.719452590420332383e-01,-1.196883116883100229e+00
8.729227761485826020e-01,-5.951168831168786255e+00
8.739002932551319658e-01,-7.713246753246721710e+00
8.748778103616813295e-01,-7.779740259740293595e+00
8.758553274682306933e-01,-9.741298701298774176e+00
8.768328445747800570e-01,-1.043948051948052580e+01
8.778103616813294208e-01,-5.086753246753204394e+00
8.787878787878787845e-01,-6.649350649351504217e-02
8.797653958944281483e-01,-1.230129870129900382e+00
8.807429130009775120e-01,-4.588051948051941054e+00
8.817204301075268758e-01,-6.117402597402588071e+00
8.826979472140762395e-01,-4.322077922077909307e+00
8.836754643206256032e-01,3.324675324674331023e-02
8.846529814271749670e-01,2.327272727272685415e+00
8.856304985337243307e-01,4.322077922078051415e-01
8.866080156402736945e-01,-3.258181818181753897e+00
8.875855327468230582e-01,-6.715844155844138186e+00
8.885630498533724220e-01,-8.777142857142905541e+00
8.895405669599217857e-01,-5.120000000000004547e+00
8.905180840664711495e-01,2.560000000000030695e+00
8.914956011730205132e-01,2.892467532467520641e+00
8.924731182795698770e-01,-9.974025974026403674e-01
8.934506353861192407e-01,-1.462857142857131976e+00
8.944281524926686044e-01,-1.595844155844133638e+00
8.954056695992179682e-01,-1.329870129870130313e+00
8.963831867057673319e-01,1.828571428571365232e+00
8.973607038123166957e-01,4.920519480519487843e+00
8.983382209188660594e-01,7.181298701298743481e+00
8.993157380254154232e-01,8.211948051948041893e+00
9.002932551319647869e-01,4.089350649350677713e+00
9.012707722385141507e-01,8.644155844156102830e-01
9.022482893450635144e-01,4.322077922077767198e-01
9.032258064516128782e-01,2.992207792208319006e-01
9.042033235581622419e-01,1.828571428571478918e+00
9.051808406647116056e-01,3.324675324665804510e-02
9.061583577712609694e-01,-2.227532467532569171e+00
9.071358748778103331e-01,-2.526753246753230542e+00
9.081133919843596969e-01,-5.419220779220751183e+00
9.090909090909090606e-01,-1.662337662338018163e-01
9.100684261974584244e-01,1.100467532467530418e+01
9.110459433040077881e-01,1.087168831168833094e+01
9.120234604105571519e-01,4.787532467532514602e+00
9.130009775171065156e-01,-1.961558441558423738e+00
9.139784946236558794e-01,-6.483116883116878171e+00
9.149560117302052431e-01,-5.552207792207781267e+00
9.159335288367546068e-01,-2.626493506493488894e+00
9.169110459433039706e-01,1.994805194805167048e+00
9.178885630498533343e-01,7.945974025974010146e+00
9.188660801564026981e-01,9.940779220779234038e+00
9.198435972629520618e-01,3.989610389610390939e+00
9.208211143695014256e-01,-6.649350649350651565e-01
9.217986314760507893e-01,-1.130389610389613608e+00
9.227761485826001531e-01,8.976623376623251716e-01
9.237536656891495168e-01,4.621298701298684364e+00
9.247311827956988806e-01,5.618701298701296309e+00
9.257086999022482443e-01,4.122597402597392602e+00
9.266862170087976081e-01,1.329870129870158735e+00
9.276637341153469718e-01,-8.311688311688101294e-01
9.286412512218963355e-01,4.953766233766202731e+00
9.296187683284456993e-01,1.230129870129874803e+01
9.305962854349950630e-01,9.841038961039004107e+00
9.315738025415444268e-01,2.393766233766143614e+00
9.325513196480937905e-01,-2.194285714285740596e+00
9.335288367546431543e-01,-2.825974025973977177e+00
9.345063538611925180e-01,-3.657142857142900993e-01
9.354838709677418818e-01,4.588051948051912632e+00
9.364613880742912455e-01,7.414025974025975074e+00
9.374389051808406093e-01,7.081558441558513550e+00
9.384164222873900840e-01,5.286233766233777942e+00
9.393939393939394478e-01,2.227532467532455485e+00
9.403714565004888115e-01,1.629090909090876949e+00
9.413489736070381753e-01,8.976623376623251716e-01
9.423264907135875390e-01,-5.984415584415216927e-01
9.433040078201369028e-01,6.649350649350651565e-01
9.442815249266862665e-01,1.595844155844133638e+00
9.452590420332356302e-01,3.657142857142900993e-01
9.462365591397849940e-01,-6.316883116882650029e-01
9.472140762463343577e-01,-1.030649350649383678e+00
9.481915933528837215e-01,2.028051948051910358e+00
9.491691104594330852e-01,6.848831168831196692e+00
9.501466275659824490e-01,5.951168831168814677e+00
9.511241446725318127e-01,2.493506493506458810e+00
9.521016617790811765e-01,1.063896103896183831e+00
9.530791788856305402e-01,2.892467532467605906e+00
9.540566959921799040e-01,4.521558441558511277e+00
9.550342130987292677e-01,5.119999999999947704e+00
9.560117302052786314e-01,4.089350649350592448e+00
9.569892473118279952e-01,2.825974025974005599e+00
9.579667644183773589e-01,3.424415584415612557e+00
9.589442815249267227e-01,1.595844155844247325e+00
9.599217986314760864e-01,9.641558441557549486e-01
9.608993157380254502e-01,3.590649350649300686e+00
9.618768328445748139e-01,5.552207792207923376e+00
9.628543499511241777e-01,7.015064935064913243e+00
9.638318670576735414e-01,5.851428571428414216e+00
9.648093841642229052e-01,2.127792207792310819e+00
9.657869012707722689e-01,-2.260779220779113530e+00
9.667644183773216326e-01,-4.222337662337793063e+00
9.677419354838709964e-01,1.861818181818136964e+00
9.687194525904203601e-01,8.710649350649418921e+00
9.696969696969697239e-01,7.314285714285745144e+00
9.706744868035190876e-01,2.460259740259687078e+00
9.716520039100684514e-01,-5.984415584415501144e-01
9.726295210166178151e-01,1.329870129870869278e-01
9.736070381231671789e-01,9.974025974025266805e-01
9.745845552297165426e-01,3.989610389610902530e-01
9.755620723362659064e-01,5.319480519480066505e-01
9.765395894428152701e-01,4.987012987011780751e-01
9.775171065493646338e-01,6.981818181818653102e-01
9.784946236559139976e-01,0.000000000000000000e+00
9.794721407624633613e-01,-3.324675324677173194e-02
9.804496578690127251e-01,2.958961038961092527e+00
9.814271749755620888e-01,6.948571428571426623e+00
9.824046920821114526e-01,6.749090909090853074e+00
9.833822091886608163e-01,1.895064935064908695e+00
9.843597262952101801e-01,-3.291428571428525629e+00
9.853372434017595438e-01,-7.181298701298658216e+00
9.863147605083089076e-01,-7.414025974026003496e+00
9.872922776148582713e-01,-4.987012987012349186e-01
9.882697947214076351e-01,7.380779220779231764e+00
9.892473118279569988e-01,8.344935064934986713e+00
9.902248289345063625e-01,2.593246753246830849e+00
9.912023460410557263e-01,-1.629090909090848527e+00
9.921798631476050900e-01,-3.657142857143753645e-01
9.931573802541544538e-01,1.629090909090848527e+00
9.941348973607038175e-01,2.925714285714377638e+00
9.951124144672531813e-01,3.723636363636387614e+00
9.960899315738025450e-01,5.352727272727236141e+00
9.970674486803519088e-01,4.987012987012974463e+00
9.980449657869012725e-01,3.657142857142616776e-01
9.990224828934506363e-01,-3.524155844155814066e+00
1.000000000000000000e+00,-4.455064935064910969e+00
