frequency,Aol_dB_20dB,Aol_dB_34dB,Aol_dB_40dB,Aol_arg_20dB,Aol_arg_34dB,Aol_arg_40dB
1.000000000000000021e-02,-9.762410629999999756e+00,4.220191159999999719e+00,1.024117659999999930e+01,8.807600370000000112e+01,8.806499440000000334e+01,8.805123299999999631e+01
1.046651210000000033e-02,-9.366811540000000491e+00,4.615785080000000207e+00,1.063676399999999944e+01,8.798631299999999555e+01,8.797479130000000680e+01,8.796038930000000278e+01
1.095478759999999989e-02,-8.971254460000000819e+00,5.011336499999999639e+00,1.103230830000000040e+01,8.789244770000000528e+01,8.788038989999999728e+01,8.786531770000000563e+01
1.146584169999999986e-02,-8.575743380000000471e+00,5.406841380000000363e+00,1.142780529999999928e+01,8.779421460000000366e+01,8.778159580000000517e+01,8.776582249999999874e+01
1.200073710000000050e-02,-8.180282690000000301e+00,5.802295270000000116e+00,1.182325069999999911e+01,8.769141150000000096e+01,8.767820580000000064e+01,8.766169879999999637e+01
1.256058600000000032e-02,-7.784877189999999558e+00,6.197693339999999829e+00,1.221863940000000071e+01,8.758382709999999349e+01,8.757000730000000033e+01,8.755273289999999520e+01
1.314655250000000032e-02,-7.389532120000000148e+00,6.593030249999999981e+00,1.261396599999999957e+01,8.747124039999999923e+01,8.745677820000000224e+01,8.743870090000000062e+01
1.375985509999999926e-02,-6.994253249999999866e+00,6.988300210000000234e+00,1.300922470000000075e+01,8.735342060000000686e+01,8.733828640000000121e+01,8.731936899999999468e+01
1.440176900000000003e-02,-6.599046849999999687e+00,7.383496840000000283e+00,1.340440899999999935e+01,8.723012629999999490e+01,8.721428899999999373e+01,8.719449299999999425e+01
1.507362899999999985e-02,-6.203919820000000307e+00,7.778613169999999855e+00,1.379951190000000061e+01,8.710110520000000633e+01,8.708453260000000284e+01,8.706381749999999897e+01
1.577683200000000105e-02,-5.808879710000000252e+00,8.173641569999999135e+00,1.419452549999999924e+01,8.696609399999999823e+01,8.694875229999999533e+01,8.692707579999999723e+01
1.651284039999999925e-02,-5.413934760000000068e+00,8.568573689999999132e+00,1.458944149999999951e+01,8.682481730000000653e+01,8.680667119999999670e+01,8.678398930000000178e+01
1.728318439999999845e-02,-5.019094009999999884e+00,8.963400399999999379e+00,1.498425049999999992e+01,8.667698780000000625e+01,8.665800029999999765e+01,8.663426699999999414e+01
1.808946579999999929e-02,-4.624367349999999988e+00,9.358111680000000376e+00,1.537894239999999968e+01,8.652230520000000524e+01,8.650243790000000388e+01,8.647760499999999695e+01
1.893336129999999978e-02,-4.229765590000000408e+00,9.752696609999999211e+00,1.577350610000000053e+01,8.636045609999999328e+01,8.633966890000000660e+01,8.631368620000000647e+01
1.981662550000000064e-02,-3.835300569999999798e+00,1.014714320000000036e+01,1.616792949999999962e+01,8.619111350000000016e+01,8.616936440000000630e+01,8.614217960000000573e+01
2.074109509999999892e-02,-3.440985239999999834e+00,1.054143840000000054e+01,1.656219919999999846e+01,8.601393609999999512e+01,8.599118140000000210e+01,8.596273990000000254e+01
2.170869229999999872e-02,-3.046833749999999785e+00,1.093556779999999939e+01,1.695630080000000106e+01,8.582856780000000185e+01,8.580476199999999665e+01,8.577500670000000582e+01
2.272142909999999918e-02,-2.652861600000000042e+00,1.132951579999999936e+01,1.735021830000000165e+01,8.563463749999999663e+01,8.560973289999999736e+01,8.557860460000000558e+01
2.378141129999999936e-02,-2.259085719999999853e+00,1.172326520000000016e+01,1.774393440000000055e+01,8.543175820000000442e+01,8.540570540000000221e+01,8.537314209999999548e+01
2.489084290000000144e-02,-1.865524629999999906e+00,1.211679739999999939e+01,1.813743009999999956e+01,8.521952659999999469e+01,8.519227390000000355e+01,8.515821130000000494e+01
2.605203089999999846e-02,-1.472198560000000045e+00,1.251009179999999965e+01,1.853068460000000073e+01,8.499752279999999871e+01,8.496901660000000334e+01,8.493338740000000087e+01
2.726738969999999845e-02,-1.079129629999999951e+00,1.290312600000000032e+01,1.892367529999999931e+01,8.476530950000000075e+01,8.473549380000000042e+01,8.469822840000000497e+01
2.853944640000000144e-02,-6.863420190000000254e-01,1.329587579999999924e+01,1.931637720000000158e+01,8.452243190000000084e+01,8.449124860000000581e+01,8.445227429999999913e+01
2.987084610000000084e-02,-2.938621129999999804e-01,1.368831420000000065e+01,1.970876349999999988e+01,8.426841679999999712e+01,8.423580549999999789e+01,8.419504689999999414e+01
3.126435729999999663e-02,9.828125699999999687e-02,1.408041230000000077e+01,2.010080440000000124e+01,8.400277260000000012e+01,8.396867050000000177e+01,8.392604930000000252e+01
3.272287740000000278e-02,4.900566199999999983e-01,1.447213810000000045e+01,2.049246769999999884e+01,8.372498880000000554e+01,8.368933079999999336e+01,8.364476569999999356e+01
3.424943920000000225e-02,8.814296299999999640e-01,1.486345689999999919e+01,2.088362790000000047e+01,8.343453549999999552e+01,8.339725409999999783e+01,8.335072789999999543e+01
3.584721710000000200e-02,1.272362819999999894e+00,1.525433089999999936e+01,2.127442740000000043e+01,8.313086339999999552e+01,8.309188860000000432e+01,8.304324990000000639e+01
3.751953310000000208e-02,1.662815319999999986e+00,1.564471870000000031e+01,2.166473369999999932e+01,8.281340350000000683e+01,8.277266290000000026e+01,8.272182150000000433e+01
3.926986479999999835e-02,2.052742600000000195e+00,1.603457530000000020e+01,2.205450139999999948e+01,8.248156699999999830e+01,8.243898570000000348e+01,8.238584840000000042e+01
4.110185150000000148e-02,2.442096119999999981e+00,1.642385159999999900e+01,2.244368049999999926e+01,8.213474530000000584e+01,8.209024599999999339e+01,8.203471659999999588e+01
4.301930269999999779e-02,2.830823029999999907e+00,1.681249419999999972e+01,2.283221710000000115e+01,8.177231020000000683e+01,8.172581329999999866e+01,8.166779250000000445e+01
4.502620520000000237e-02,3.218865819999999989e+00,1.720044490000000081e+01,2.322005199999999903e+01,8.139361420000000180e+01,8.134503759999999772e+01,8.128442330000000027e+01
4.712673220000000024e-02,3.606161919999999910e+00,1.758755109999999888e+01,2.360712140000000048e+01,8.099799070000000256e+01,8.094734090000000037e+01,8.088393750000000182e+01
4.932525129999999758e-02,3.992643319999999996e+00,1.797392320000000154e+01,2.399335539999999867e+01,8.058475509999999531e+01,8.053185879999999486e+01,8.046564549999999372e+01
5.162633400000000289e-02,4.378236160000000154e+00,1.835939670000000135e+01,2.437867849999999947e+01,8.015320509999999388e+01,8.009797399999999357e+01,8.002884059999999522e+01
5.403476499999999849e-02,4.762860270000000007e+00,1.874389090000000024e+01,2.476300859999999915e+01,7.970262239999999565e+01,7.964496629999999300e+01,7.957280029999999726e+01
5.655555229999999906e-02,5.146428720000000290e+00,1.912731769999999898e+01,2.514625679999999974e+01,7.923227359999999919e+01,7.917210059999999316e+01,7.909678750000000491e+01
5.919393719999999776e-02,5.528847340000000443e+00,1.950958220000000054e+01,2.552823850000000050e+01,7.874141210000000513e+01,7.867862909999999488e+01,7.860016589999999326e+01
6.195540609999999893e-02,5.910014229999999813e+00,1.989058130000000091e+01,2.590902630000000073e+01,7.822928039999999328e+01,7.816379279999999596e+01,7.808195379999999375e+01
6.484570080000000292e-02,6.289819220000000044e+00,2.027020369999999971e+01,2.628841889999999992e+01,7.769511219999999696e+01,7.762682499999999663e+01,7.754149200000000519e+01
6.787083130000000353e-02,6.668143390000000004e+00,2.064832960000000028e+01,2.666629490000000047e+01,7.713813559999999825e+01,7.706695329999999444e+01,7.697800770000000625e+01
7.103708770000000117e-02,7.044858549999999831e+00,2.102482930000000039e+01,2.704252329999999915e+01,7.655757610000000568e+01,7.648340340000000026e+01,7.639072729999999467e+01
7.435105390000000536e-02,7.419826660000000018e+00,2.139956360000000046e+01,2.741687680000000071e+01,7.595266130000000260e+01,7.587540359999999851e+01,7.577901889999999696e+01
7.781962060000000014e-02,7.792899410000000415e+00,2.177238279999999904e+01,2.778937730000000172e+01,7.532262450000000342e+01,7.524218860000000575e+01,7.514184640000000570e+01
8.145000010000000290e-02,8.163917670000000015e+00,2.214304080000000141e+01,2.815977559999999968e+01,7.466671060000000182e+01,7.458315519999999310e+01,7.447859289999999532e+01
8.524974120000000655e-02,8.532711049999999631e+00,2.251153749999999931e+01,2.852789810000000159e+01,7.398418139999999710e+01,7.389727399999999591e+01,7.378852689999999370e+01
8.922674490000000180e-02,8.899097499999999883e+00,2.287760310000000175e+01,2.889347499999999869e+01,7.327432199999999796e+01,7.318397830000000681e+01,7.307110529999999926e+01
9.338928050000000480e-02,9.262882960000000665e+00,2.324104210000000137e+01,2.925647790000000015e+01,7.253644869999999401e+01,7.244258879999999579e+01,7.232533499999999549e+01
9.774600360000000598e-02,9.623861079999999291e+00,2.360164659999999870e+01,2.961661219999999872e+01,7.176991590000000087e+01,7.167246579999999767e+01,7.155074079999999981e+01
1.023059729999999945e-01,9.981813029999999642e+00,2.395919599999999861e+01,2.997357309999999941e+01,7.097412570000000187e+01,7.087301829999999825e+01,7.074692269999999894e+01
1.070786700000000008e-01,1.033642569999999949e+01,2.431337609999999927e+01,3.032729099999999889e+01,7.014872370000000501e+01,7.004390089999999702e+01,6.991299990000000264e+01
1.120740199999999964e-01,1.068761980000000023e+01,2.466410529999999923e+01,3.067735509999999977e+01,6.929286729999999750e+01,6.918427900000000363e+01,6.904889070000000117e+01
1.173024089999999964e-01,1.103505670000000016e+01,2.501104390000000066e+01,3.102366809999999830e+01,6.840633939999999313e+01,6.829394720000000518e+01,6.815383769999999686e+01
1.227747079999999963e-01,1.137846870000000088e+01,2.535392269999999826e+01,3.136579899999999910e+01,6.748883089999999640e+01,6.737260890000000302e+01,6.722795820000000333e+01
1.285022969999999876e-01,1.171757709999999975e+01,2.569238370000000060e+01,3.170362430000000131e+01,6.654013249999999857e+01,6.642028399999999522e+01,6.627066270000000259e+01
1.344970849999999885e-01,1.205209280000000049e+01,2.602629340000000013e+01,3.203669610000000034e+01,6.556014679999999828e+01,6.543646689999999921e+01,6.528231429999999591e+01
1.407715370000000021e-01,1.238171759999999999e+01,2.635527379999999908e+01,3.236479279999999648e+01,6.454889989999999500e+01,6.442140890000000297e+01,6.426276790000000005e+01
1.473386989999999896e-01,1.270614579999999982e+01,2.667894390000000016e+01,3.268760699999999986e+01,6.350655299999999670e+01,6.337552529999999962e+01,6.321222629999999754e+01
1.542122280000000067e-01,1.302506559999999958e+01,2.699714140000000029e+01,3.300482590000000016e+01,6.243341379999999674e+01,6.229867899999999992e+01,6.213104119999999853e+01
1.614064149999999975e-01,1.333816140000000061e+01,2.730940289999999848e+01,3.331613320000000300e+01,6.132994620000000197e+01,6.119183269999999908e+01,6.101972399999999652e+01
1.689362199999999981e-01,1.364511569999999985e+01,2.761555579999999921e+01,3.362121189999999871e+01,6.019678050000000269e+01,6.005514740000000273e+01,5.987895369999999673e+01
1.768172990000000111e-01,1.394561209999999996e+01,2.791514240000000058e+01,3.391974660000000341e+01,5.903471989999999892e+01,5.888995260000000087e+01,5.870958490000000296e+01
1.850660399999999872e-01,1.423927059999999933e+01,2.820792259999999985e+01,3.421135960000000154e+01,5.784501350000000031e+01,5.769700519999999955e+01,5.751291979999999882e+01
1.936995950000000022e-01,1.452592180000000077e+01,2.849359180000000080e+01,3.449588330000000269e+01,5.662829959999999829e+01,5.647749350000000135e+01,5.628964679999999987e+01
2.027359159999999882e-01,1.480520090000000089e+01,2.877191990000000033e+01,3.477289400000000086e+01,5.538618799999999709e+01,5.523251210000000100e+01,5.504170710000000355e+01
2.121937919999999922e-01,1.507682600000000050e+01,2.904249760000000080e+01,3.504224270000000274e+01,5.412020960000000258e+01,5.396416399999999669e+01,5.377013120000000157e+01
2.220928889999999878e-01,1.534053169999999966e+01,2.930512789999999868e+01,3.530354520000000207e+01,5.283207199999999659e+01,5.267390549999999649e+01,5.247723500000000030e+01
2.324537909999999930e-01,1.559607339999999986e+01,2.955956910000000093e+01,3.555656929999999960e+01,5.152365079999999864e+01,5.136363200000000262e+01,5.116495069999999856e+01
2.432980419999999921e-01,1.584317369999999947e+01,2.980560369999999892e+01,3.580121919999999847e+01,5.019727120000000298e+01,5.003539310000000029e+01,4.983477260000000086e+01
2.546481899999999965e-01,1.608175359999999898e+01,3.004298730000000006e+01,3.603724969999999672e+01,4.885452229999999929e+01,4.869167300000000154e+01,4.848919479999999993e+01
2.665278369999999897e-01,1.631159040000000005e+01,3.027167019999999908e+01,3.626445410000000180e+01,4.749798909999999807e+01,4.733418999999999954e+01,4.713083939999999927e+01
2.789616830000000158e-01,1.653250200000000092e+01,3.049141859999999937e+01,3.648276609999999920e+01,4.613036730000000318e+01,4.596594269999999938e+01,4.576182940000000343e+01
2.919755829999999830e-01,1.674449359999999842e+01,3.070224169999999830e+01,3.669205089999999814e+01,4.475353139999999996e+01,4.458881269999999830e+01,4.438495100000000093e+01
3.055965979999999971e-01,1.694745109999999855e+01,3.090398469999999875e+01,3.689235479999999967e+01,4.337030330000000333e+01,4.320592560000000049e+01,4.300213310000000178e+01
3.198530490000000004e-01,1.714130570000000020e+01,3.109667729999999963e+01,3.708357010000000287e+01,4.198353079999999693e+01,4.181952689999999961e+01,4.161651969999999778e+01
3.347745810000000155e-01,1.732616000000000156e+01,3.128033669999999944e+01,3.726572600000000079e+01,4.059515369999999734e+01,4.043215320000000190e+01,4.023063979999999873e+01
3.503922210000000037e-01,1.750197700000000012e+01,3.145497680000000074e+01,3.743896670000000171e+01,3.920828010000000319e+01,3.904660220000000237e+01,3.884638259999999832e+01
3.667384419999999978e-01,1.766892400000000052e+01,3.162076860000000167e+01,3.760326870000000099e+01,3.782475910000000141e+01,3.766471169999999802e+01,3.746705939999999657e+01
3.838472339999999816e-01,1.782704259999999863e+01,3.177775839999999974e+01,3.775884349999999756e+01,3.644754480000000285e+01,3.628941950000000105e+01,3.609439569999999975e+01
4.017541729999999922e-01,1.797655890000000056e+01,3.192610790000000165e+01,3.790585130000000191e+01,3.507829509999999829e+01,3.492294650000000189e+01,3.473059750000000179e+01
4.204964909999999723e-01,1.811758499999999827e+01,3.206607189999999719e+01,3.804444999999999766e+01,3.371970799999999713e+01,3.356680279999999783e+01,3.337801720000000216e+01
4.401131620000000022e-01,1.825036610000000081e+01,3.219779679999999900e+01,3.817486060000000236e+01,3.237344980000000305e+01,3.222350130000000235e+01,3.203855200000000281e+01
4.606449739999999848e-01,1.837513540000000134e+01,3.232155180000000172e+01,3.829735480000000081e+01,3.104131170000000139e+01,3.089451910000000012e+01,3.071364910000000137e+01
4.821346189999999865e-01,1.849214660000000165e+01,3.243756599999999679e+01,3.841216409999999826e+01,2.972490319999999997e+01,2.958171199999999956e+01,2.940513169999999832e+01
5.046267829999999677e-01,1.860167059999999850e+01,3.254614140000000333e+01,3.851956719999999734e+01,2.842564279999999854e+01,2.828619050000000001e+01,2.811434429999999907e+01
5.281682340000000142e-01,1.870399169999999955e+01,3.264756309999999928e+01,3.861985489999999999e+01,2.714475240000000156e+01,2.700914979999999943e+01,2.684243289999999860e+01
5.528079209999999799e-01,1.879940429999999907e+01,3.274212589999999778e+01,3.871332699999999960e+01,2.588325389999999970e+01,2.575158619999999843e+01,2.559034360000000063e+01
5.785970799999999858e-01,1.888820959999999971e+01,3.283006999999999920e+01,3.880028829999999829e+01,2.464197030000000055e+01,2.451504159999999999e+01,2.435882399999999848e+01
6.055893340000000347e-01,1.897069300000000069e+01,3.291178740000000147e+01,3.888102729999999951e+01,2.342177039999999977e+01,2.329909410000000136e+01,2.314866729999999961e+01
6.338408100000000323e-01,1.904719929999999906e+01,3.298754290000000111e+01,3.895587199999999939e+01,2.222259670000000042e+01,2.210464430000000036e+01,2.195998390000000100e+01
6.634102509999999508e-01,1.911799419999999827e+01,3.305765790000000237e+01,3.902512550000000147e+01,2.104517849999999868e+01,2.093167310000000114e+01,2.079295649999999895e+01
6.943591430000000120e-01,1.918339500000000086e+01,3.312239840000000157e+01,3.908907039999999711e+01,1.988934709999999839e+01,1.978067839999999933e+01,1.964781650000000113e+01
7.267518379999999834e-01,1.924369270000000043e+01,3.318208849999999899e+01,3.914801380000000108e+01,1.875501119999999844e+01,1.865108109999999897e+01,1.852417960000000008e+01
7.606556909999999672e-01,1.929917000000000016e+01,3.323698230000000109e+01,3.920221060000000080e+01,1.764192419999999828e+01,1.754303489999999854e+01,1.742215799999999959e+01
7.961411999999999933e-01,1.935008669999999853e+01,3.328737950000000012e+01,3.925194789999999756e+01,1.654989739999999898e+01,1.645569319999999891e+01,1.634107110000000063e+01
8.332821510000000265e-01,1.939672889999999938e+01,3.333352670000000018e+01,3.929748570000000285e+01,1.547799679999999967e+01,1.538871600000000051e+01,1.528033130000000028e+01
8.721557720000000513e-01,1.943932069999999968e+01,3.337566120000000325e+01,3.933906040000000104e+01,1.442597529999999928e+01,1.434161770000000047e+01,1.423942139999999945e+01
9.128428950000000430e-01,1.947810859999999877e+01,3.341401909999999731e+01,3.937691610000000253e+01,1.339287709999999976e+01,1.331359789999999954e+01,1.321733449999999976e+01
9.554281209999999636e-01,1.951330360000000042e+01,3.344883959999999945e+01,3.941125329999999849e+01,1.237802439999999926e+01,1.230341169999999984e+01,1.221351579999999970e+01
1.000000000000000000e+00,1.954512130000000170e+01,3.348030030000000323e+01,3.944229490000000027e+01,1.138028770000000023e+01,1.131061960000000077e+01,1.122660980000000031e+01
1.046651210000000054e+00,1.957375199999999893e+01,3.350860949999999860e+01,3.947020590000000340e+01,1.039864739999999976e+01,1.033382180000000083e+01,1.025604099999999974e+01
1.095478759999999996e+00,1.959936360000000022e+01,3.353393390000000096e+01,3.949517730000000171e+01,9.432171009999999356e+00,9.372068569999999710e+00,9.300324729999999818e+00
1.146584169999999903e+00,1.962212419999999824e+01,3.355643380000000064e+01,3.951735440000000210e+01,8.479540229999999568e+00,8.424178120000000547e+00,8.358563860000000290e+00
1.200073710000000071e+00,1.964217820000000003e+01,3.357624779999999731e+01,3.953689459999999656e+01,7.539552989999999788e+00,7.489062439999999654e+00,7.429197249999999642e+00
1.256058600000000025e+00,1.965964939999999928e+01,3.359351209999999810e+01,3.955389780000000144e+01,6.611100379999999888e+00,6.565292409999999634e+00,6.511628639999999635e+00
1.314655249999999942e+00,1.967465320000000162e+01,3.360833039999999983e+01,3.956850250000000102e+01,5.692879170000000322e+00,5.651822929999999801e+00,5.603935199999999561e+00
1.375985510000000023e+00,1.968729480000000009e+01,3.362081349999999702e+01,3.958080180000000325e+01,4.783426450000000330e+00,4.747027830000000392e+00,4.704886250000000381e+00
1.440176899999999982e+00,1.969765410000000116e+01,3.363103650000000044e+01,3.959086690000000175e+01,3.881519149999999918e+00,3.849787050000000210e+00,3.813450399999999796e+00
1.507362899999999950e+00,1.970580160000000092e+01,3.363907849999999655e+01,3.959877000000000180e+01,2.985774230000000085e+00,2.958453179999999794e+00,2.928172149999999974e+00
1.577683200000000063e+00,1.971179719999999946e+01,3.364498290000000225e+01,3.960457190000000338e+01,2.094679300000000133e+00,2.071964369999999889e+00,2.047475640000000041e+00
1.651284039999999953e+00,1.971567780000000170e+01,3.364879590000000320e+01,3.960830719999999872e+01,1.206944730000000021e+00,1.188762089999999993e+00,1.170118240000000087e+00
1.728318440000000011e+00,1.971746729999999914e+01,3.365054130000000043e+01,3.961000119999999924e+01,3.212536859999999828e-01,3.075073389999999907e-01,2.947169609999999995e-01
1.808946579999999971e+00,1.971718489999999946e+01,3.365023269999999656e+01,3.960967709999999897e+01,-5.640301549999999775e-01,-5.732563899999999490e-01,-5.805168590000000517e-01
1.893336130000000006e+00,1.971482549999999989e+01,3.364786910000000120e+01,3.960731659999999721e+01,-1.450223910000000060e+00,-1.454982629999999943e+00,-1.456471489999999980e+00
1.981662550000000023e+00,1.971037310000000176e+01,3.364342990000000100e+01,3.960291219999999868e+01,-2.338749620000000196e+00,-2.338937590000000011e+00,-2.334841030000000206e+00
2.074109509999999990e+00,1.970379489999999834e+01,3.363689120000000088e+01,3.959643049999999675e+01,-3.230935140000000150e+00,-3.226754510000000131e+00,-3.216928670000000157e+00
2.170869230000000094e+00,1.969504859999999979e+01,3.362820190000000053e+01,3.958782730000000072e+01,-4.128279209999999644e+00,-4.119607140000000278e+00,-4.104131139999999789e+00
2.272142909999999905e+00,1.968407300000000149e+01,3.361730860000000121e+01,3.957704400000000078e+01,-5.032090590000000141e+00,-5.019090750000000156e+00,-4.997835750000000132e+00
2.378141129999999936e+00,1.967079629999999923e+01,3.360413239999999746e+01,3.956400969999999973e+01,-5.943825229999999848e+00,-5.926369430000000271e+00,-5.899490479999999870e+00
2.489084290000000088e+00,1.965512959999999865e+01,3.358858829999999784e+01,3.954863339999999994e+01,-6.864827710000000138e+00,-6.842909839999999910e+00,-6.810293920000000334e+00
2.605203089999999833e+00,1.963696600000000103e+01,3.357057060000000348e+01,3.953081499999999693e+01,-7.796273399999999576e+00,-7.769923020000000236e+00,-7.731651130000000371e+00
2.726738969999999984e+00,1.961618890000000093e+01,3.354996419999999802e+01,3.951043779999999828e+01,-8.739527620000000496e+00,-8.708804349999999417e+00,-8.664856009999999387e+00
2.853944639999999922e+00,1.959266459999999910e+01,3.352663379999999904e+01,3.948736720000000133e+01,-9.695837309999999931e+00,-9.660700350000000824e+00,-9.611037030000000314e+00
2.987084610000000140e+00,1.956624419999999986e+01,3.350043219999999877e+01,3.946145810000000154e+01,-1.066640059999999934e+01,-1.062684890000000060e+01,-1.057147909999999946e+01
3.126435729999999857e+00,1.953676340000000167e+01,3.347119550000000032e+01,3.943254749999999831e+01,-1.165235949999999931e+01,-1.160836890000000032e+01,-1.154728500000000047e+01
3.272287739999999889e+00,1.950404160000000076e+01,3.343874579999999952e+01,3.940045839999999799e+01,-1.265473560000000042e+01,-1.260637619999999970e+01,-1.253955939999999991e+01
3.424943920000000031e+00,1.946788400000000152e+01,3.340288770000000085e+01,3.936499770000000353e+01,-1.367454110000000078e+01,-1.362180269999999993e+01,-1.354928040000000067e+01
3.584721710000000172e+00,1.942808240000000097e+01,3.336341339999999889e+01,3.932595849999999871e+01,-1.471275600000000061e+01,-1.465561390000000053e+01,-1.457740259999999921e+01
3.751953310000000208e+00,1.938441130000000001e+01,3.332009930000000253e+01,3.928311819999999699e+01,-1.577016079999999931e+01,-1.570862870000000022e+01,-1.562473849999999942e+01
3.926986480000000057e+00,1.933663160000000047e+01,3.327270759999999683e+01,3.923624209999999835e+01,-1.684744149999999863e+01,-1.678156690000000140e+01,-1.669209640000000050e+01
4.110185150000000398e+00,1.928449170000000024e+01,3.322099020000000280e+01,3.918507999999999925e+01,-1.794522249999999985e+01,-1.787517070000000174e+01,-1.778007189999999937e+01
4.301930269999999723e+00,1.922773129999999853e+01,3.316468030000000056e+01,3.912936890000000290e+01,-1.906417300000000026e+01,-1.898978139999999826e+01,-1.888914079999999984e+01
4.502620519999999793e+00,1.916606940000000137e+01,3.310350470000000200e+01,3.906883609999999862e+01,-2.020438589999999834e+01,-2.012583259999999896e+01,-2.001972809999999825e+01
4.712673220000000107e+00,1.909922339999999963e+01,3.303717819999999961e+01,3.900319669999999661e+01,-2.136620170000000130e+01,-2.128351939999999942e+01,-2.117202290000000175e+01
4.932525130000000146e+00,1.902689960000000013e+01,3.296540790000000243e+01,3.893215969999999970e+01,-2.254966759999999937e+01,-2.246291769999999843e+01,-2.234617030000000071e+01
5.162633399999999817e+00,1.894879669999999905e+01,3.288789419999999808e+01,3.885542459999999920e+01,-2.375458929999999924e+01,-2.366392869999999959e+01,-2.354202409999999901e+01
5.403476500000000016e+00,1.886461299999999852e+01,3.280433330000000325e+01,3.877268769999999876e+01,-2.498077659999999867e+01,-2.488627089999999953e+01,-2.475933080000000075e+01
5.655555230000000044e+00,1.877404059999999930e+01,3.271441889999999830e+01,3.868364389999999986e+01,-2.622763720000000021e+01,-2.612943890000000025e+01,-2.599767340000000004e+01
5.919393720000000414e+00,1.867677700000000129e+01,3.261784680000000236e+01,3.858798689999999709e+01,-2.749455860000000129e+01,-2.739279829999999905e+01,-2.725636670000000095e+01
6.195540610000000115e+00,1.857252139999999940e+01,3.251431660000000079e+01,3.848541639999999830e+01,-2.878062870000000117e+01,-2.867550729999999959e+01,-2.853464400000000012e+01
6.484570080000000125e+00,1.846098220000000012e+01,3.240353470000000158e+01,3.837563629999999648e+01,-3.008479750000000053e+01,-2.997648789999999863e+01,-2.983140450000000143e+01
6.787083130000000075e+00,1.834187800000000124e+01,3.228521779999999808e+01,3.825836280000000045e+01,-3.140578259999999844e+01,-3.129446030000000079e+01,-3.114545599999999936e+01
7.103708769999999895e+00,1.821494119999999839e+01,3.215909789999999902e+01,3.813332429999999817e+01,-3.274207979999999907e+01,-3.262799890000000147e+01,-3.247534079999999790e+01
7.435105390000000369e+00,1.807992439999999945e+01,3.202492399999999861e+01,3.800026739999999847e+01,-3.409207539999999881e+01,-3.397545410000000032e+01,-3.381945449999999909e+01
7.781962059999999681e+00,1.793659949999999981e+01,3.188246669999999838e+01,3.785895930000000220e+01,-3.545389629999999670e+01,-3.533501609999999715e+01,-3.517599940000000203e+01
8.145000010000000401e+00,1.778476459999999904e+01,3.173151999999999973e+01,3.770919099999999702e+01,-3.682555500000000137e+01,-3.670465699999999742e+01,-3.654300020000000160e+01
8.524974119999999544e+00,1.762424569999999946e+01,3.157190650000000076e+01,3.755077980000000082e+01,-3.820491169999999670e+01,-3.808224460000000278e+01,-3.791830099999999959e+01
8.922674490000000347e+00,1.745489800000000002e+01,3.140348020000000062e+01,3.738357500000000044e+01,-3.958963349999999792e+01,-3.946555320000000222e+01,-3.929967409999999717e+01
9.338928049999999814e+00,1.727661210000000125e+01,3.122612549999999842e+01,3.720745749999999674e+01,-4.097738939999999985e+01,-4.085214100000000315e+01,-4.068475149999999729e+01
9.774600360000000876e+00,1.708931139999999971e+01,3.103976390000000052e+01,3.702234330000000284e+01,-4.236566369999999893e+01,-4.223958590000000157e+01,-4.207109419999999744e+01
1.023059729999999945e+01,1.689295780000000136e+01,3.084435200000000066e+01,3.682818290000000161e+01,-4.375198559999999759e+01,-4.362536599999999964e+01,-4.345614470000000296e+01
1.070786700000000025e+01,1.668754840000000073e+01,3.063988369999999861e+01,3.662496600000000058e+01,-4.513378079999999670e+01,-4.500693100000000157e+01,-4.483740519999999918e+01
1.120740200000000009e+01,1.647311769999999953e+01,3.042638910000000152e+01,3.641271729999999707e+01,-4.650849939999999805e+01,-4.638171510000000097e+01,-4.621228469999999788e+01
1.173024090000000008e+01,1.624973809999999830e+01,3.020393699999999981e+01,3.619149999999999778e+01,-4.787365510000000057e+01,-4.774723139999999688e+01,-4.757828709999999717e+01
1.227747079999999968e+01,1.601751529999999946e+01,2.997262999999999877e+01,3.596141200000000282e+01,-4.922675509999999832e+01,-4.910099970000000269e+01,-4.893292069999999683e+01
1.285022969999999987e+01,1.577659139999999915e+01,2.973260559999999941e+01,3.572258610000000090e+01,-5.056546929999999662e+01,-5.044063919999999968e+01,-5.027379200000000026e+01
1.344970849999999984e+01,1.552713789999999960e+01,2.948403310000000133e+01,3.547518689999999708e+01,-5.188749930000000177e+01,-5.176387590000000216e+01,-5.159859869999999660e+01
1.407715370000000021e+01,1.526935719999999996e+01,2.922711100000000073e+01,3.521940990000000227e+01,-5.319073319999999683e+01,-5.306855000000000189e+01,-5.290519340000000170e+01
1.473386990000000019e+01,1.500347670000000022e+01,2.896206439999999915e+01,3.495547590000000326e+01,-5.447317600000000226e+01,-5.435266159999999758e+01,-5.419152050000000287e+01
1.542122280000000067e+01,1.472974710000000087e+01,2.868914170000000041e+01,3.468363020000000319e+01,-5.573299339999999802e+01,-5.561435829999999925e+01,-5.545571379999999806e+01
1.614064150000000097e+01,1.444843870000000052e+01,2.840861110000000167e+01,3.440413850000000195e+01,-5.696853469999999930e+01,-5.685196030000000178e+01,-5.669606780000000157e+01
1.689362200000000058e+01,1.415983720000000012e+01,2.812075730000000107e+01,3.411728349999999921e+01,-5.817830419999999947e+01,-5.806396790000000152e+01,-5.791105799999999704e+01
1.768172990000000055e+01,1.386424090000000042e+01,2.782587789999999828e+01,3.382336140000000313e+01,-5.936099180000000075e+01,-5.924906550000000038e+01,-5.909934570000000065e+01
1.850660399999999939e+01,1.356195909999999927e+01,2.752427949999999868e+01,3.352267729999999801e+01,-6.051551340000000323e+01,-6.040610279999999932e+01,-6.025974860000000177e+01
1.936995950000000022e+01,1.325330480000000044e+01,2.721627649999999932e+01,3.321554439999999886e+01,-6.164091450000000094e+01,-6.153414449999999647e+01,-6.139129309999999862e+01
2.027359159999999960e+01,1.293859589999999926e+01,2.690218490000000173e+01,3.290227970000000113e+01,-6.273645880000000119e+01,-6.263240530000000206e+01,-6.249319609999999869e+01
2.121937919999999878e+01,1.261814820000000026e+01,2.658232269999999886e+01,3.258319989999999677e+01,-6.380153510000000239e+01,-6.370029279999999972e+01,-6.356481289999999973e+01
2.220928890000000067e+01,1.229227750000000086e+01,2.625700409999999962e+01,3.225862029999999692e+01,-6.483574219999999855e+01,-6.473735340000000349e+01,-6.460567799999999750e+01
2.324537910000000096e+01,1.196129409999999993e+01,2.592654070000000033e+01,3.192885349999999889e+01,-6.583881399999999928e+01,-6.574331630000000359e+01,-6.561550889999999470e+01
2.432980420000000166e+01,1.162550150000000038e+01,2.559123719999999835e+01,3.159420430000000124e+01,-6.681062040000000479e+01,-6.671804620000000341e+01,-6.659412910000000352e+01
2.546481899999999854e+01,1.128519550000000038e+01,2.525138959999999955e+01,3.125497049999999888e+01,-6.775117179999999451e+01,-6.766152680000000430e+01,-6.754151579999999910e+01
2.665278370000000052e+01,1.094066300000000069e+01,2.490728560000000158e+01,3.091144129999999990e+01,-6.866060600000000136e+01,-6.857388009999999667e+01,-6.845777730000000361e+01
2.789616829999999936e+01,1.059217939999999913e+01,2.455920250000000138e+01,3.056389490000000109e+01,-6.953915489999999977e+01,-6.945533690000000604e+01,-6.934311950000000024e+01
2.919755830000000074e+01,1.024000939999999993e+01,2.420740599999999887e+01,3.021259889999999970e+01,-7.038715449999999407e+01,-7.030621999999999616e+01,-7.019785600000000159e+01
3.055965979999999860e+01,9.884405709999999345e+00,2.385215009999999936e+01,2.985780910000000077e+01,-7.120502630000000011e+01,-7.112694480000000397e+01,-7.102238810000000058e+01
3.198530489999999915e+01,9.525608800000000542e+00,2.349367579999999833e+01,2.949976799999999955e+01,-7.199326580000000320e+01,-7.191798459999999693e+01,-7.181718290000000593e+01
3.347745809999999977e+01,9.163846230000000759e+00,2.313221330000000009e+01,2.913870740000000126e+01,-7.275242690000000323e+01,-7.267990760000000705e+01,-7.258279199999999776e+01
3.503922210000000348e+01,8.799333490000000424e+00,2.276797840000000051e+01,2.877484550000000141e+01,-7.348312369999999305e+01,-7.341330800000000067e+01,-7.331981129999999780e+01
3.667384419999999778e+01,8.432274039999999360e+00,2.240117619999999832e+01,2.840838880000000088e+01,-7.418601999999999919e+01,-7.411884809999999391e+01,-7.402889460000000099e+01
3.838472339999999861e+01,8.062858280000000377e+00,2.203199839999999909e+01,2.803952960000000161e+01,-7.486180539999999439e+01,-7.479721619999999405e+01,-7.471070849999999552e+01
4.017541729999999944e+01,7.691265129999999672e+00,2.166062469999999962e+01,2.766845100000000102e+01,-7.551120339999999942e+01,-7.544912589999999852e+01,-7.536598539999999957e+01
4.204964910000000344e+01,7.317661479999999941e+00,2.128722420000000071e+01,2.729532269999999983e+01,-7.613495500000000504e+01,-7.607532729999999788e+01,-7.599546069999999531e+01
4.401131620000000311e+01,6.942204389999999670e+00,2.091195319999999924e+01,2.692030319999999932e+01,-7.673382970000000114e+01,-7.667656829999999957e+01,-7.659988679999999306e+01
4.606449740000000048e+01,6.565038529999999817e+00,2.053496020000000044e+01,2.654354070000000121e+01,-7.730858940000000246e+01,-7.725363720000000001e+01,-7.718003210000000536e+01
4.821346189999999865e+01,6.186299250000000249e+00,2.015637969999999868e+01,2.616517290000000173e+01,-7.786000959999999793e+01,-7.780728980000000661e+01,-7.773667039999999417e+01
5.046267830000000032e+01,5.806112650000000208e+00,1.977633889999999894e+01,2.578532780000000102e+01,-7.838887040000000184e+01,-7.833830759999999316e+01,-7.827057689999999468e+01
5.281682339999999698e+01,5.424595270000000191e+00,1.939495549999999824e+01,2.540412410000000065e+01,-7.889594390000000601e+01,-7.884746499999999969e+01,-7.878252419999999745e+01
5.528079209999999932e+01,5.041854569999999924e+00,1.901233750000000100e+01,2.502167180000000002e+01,-7.938199280000000613e+01,-7.933552299999999491e+01,-7.927327929999999867e+01
5.785970799999999770e+01,4.657989950000000157e+00,1.862858620000000087e+01,2.463807230000000104e+01,-7.984777080000000637e+01,-7.980324389999999823e+01,-7.974359990000000664e+01
6.055893340000000080e+01,4.273094000000000392e+00,1.824379419999999996e+01,2.425341969999999847e+01,-8.029402659999999514e+01,-8.025137170000000708e+01,-8.019423310000000527e+01
6.338408100000000189e+01,3.887252220000000147e+00,1.785804759999999902e+01,2.386780089999999888e+01,-8.072149480000000210e+01,-8.068064029999999320e+01,-8.062591530000000262e+01
6.634102509999999597e+01,3.500542219999999816e+00,1.747142499999999998e+01,2.348129550000000165e+01,-8.113088569999999322e+01,-8.109176530000000582e+01,-8.103936219999999935e+01
6.943591429999999320e+01,3.113037100000000112e+00,1.708399950000000089e+01,2.309397789999999873e+01,-8.152290469999999800e+01,-8.148544880000000035e+01,-8.143528159999999616e+01
7.267518379999999922e+01,2.724802529999999834e+00,1.669583829999999836e+01,2.270591489999999979e+01,-8.189822859999999594e+01,-8.186237549999999885e+01,-8.181435310000000527e+01
7.606556910000000471e+01,2.335899690000000195e+00,1.630700279999999935e+01,2.231716989999999967e+01,-8.225752149999999574e+01,-8.222320870000000070e+01,-8.217725110000000655e+01
7.961411999999999978e+01,1.946385239999999905e+00,1.591755030000000026e+01,2.192779949999999900e+01,-8.260143089999999688e+01,-8.256859830000000500e+01,-8.252461839999999427e+01
8.332821509999999421e+01,1.556310840000000084e+00,1.552753210000000017e+01,2.153785680000000013e+01,-8.293058200000000113e+01,-8.289916719999999373e+01,-8.285708839999999498e+01
8.721557719999999847e+01,1.165723929999999964e+00,1.513699609999999929e+01,2.114739060000000137e+01,-8.324558089999999311e+01,-8.321552400000000205e+01,-8.317527230000000316e+01
9.128428949999999986e+01,7.746672119999999939e-01,1.474598729999999946e+01,2.075644459999999825e+01,-8.354700950000000148e+01,-8.351826130000000603e+01,-8.347975700000000643e+01
9.554281210000000613e+01,3.831818570000000146e-01,1.435454460000000054e+01,2.036506019999999850e+01,-8.383544080000000065e+01,-8.380794190000000299e+01,-8.377111669999999322e+01
1.000000000000000000e+02,-8.696350110000000688e-03,1.396270559999999961e+01,1.997327440000000109e+01,-8.411141779999999812e+01,-8.408511710000000505e+01,-8.404990119999999365e+01
1.046651209999999992e+02,-4.009342670000000108e-01,1.357050450000000019e+01,1.958112140000000068e+01,-8.437546659999999576e+01,-8.435031850000000020e+01,-8.431664159999999697e+01
1.095478760000000023e+02,-7.934999019999999792e-01,1.317797159999999934e+01,1.918863290000000177e+01,-8.462810149999999965e+01,-8.460405350000000624e+01,-8.457185320000000672e+01
1.146584170000000000e+02,-1.186366339999999964e+00,1.278513590000000022e+01,1.879583739999999992e+01,-8.486980739999999912e+01,-8.484681569999999340e+01,-8.481602890000000627e+01
1.200073710000000062e+02,-1.579506960000000015e+00,1.239202249999999950e+01,1.840276150000000044e+01,-8.510105939999999691e+01,-8.507907590000000653e+01,-8.504964520000000050e+01
1.256058600000000069e+02,-1.972897750000000006e+00,1.199865609999999982e+01,1.800942889999999963e+01,-8.532231280000000595e+01,-8.530129309999999521e+01,-8.527315880000000448e+01
1.314655250000000137e+02,-2.366519170000000116e+00,1.160505810000000082e+01,1.761586219999999869e+01,-8.553399679999999705e+01,-8.551390399999999659e+01,-8.548701189999999883e+01
1.375985509999999863e+02,-2.760349370000000135e+00,1.121124909999999986e+01,1.722208129999999926e+01,-8.573653849999999466e+01,-8.571733150000000023e+01,-8.569162690000000282e+01
1.440176899999999875e+02,-3.154371110000000034e+00,1.081724630000000076e+01,1.682810459999999964e+01,-8.593033800000000610e+01,-8.591197760000000017e+01,-8.588741079999999783e+01
1.507362899999999968e+02,-3.548567849999999968e+00,1.042306750000000015e+01,1.643394920000000070e+01,-8.611578280000000518e+01,-8.609823400000000504e+01,-8.607475479999999379e+01
1.577683199999999886e+02,-3.942924440000000086e+00,1.002872739999999929e+01,1.603963020000000128e+01,-8.629324490000000480e+01,-8.627647290000000169e+01,-8.625403330000000324e+01
1.651284039999999891e+02,-4.337427059999999557e+00,9.634239179999999791e+00,1.564516210000000029e+01,-8.646308120000000486e+01,-8.644705039999999485e+01,-8.642560810000000515e+01
1.728318439999999896e+02,-4.732062649999999593e+00,9.239616939999999445e+00,1.525055760000000049e+01,-8.662563570000000368e+01,-8.661031420000000480e+01,-8.658982410000000129e+01
1.808946579999999926e+02,-5.126820050000000073e+00,8.844871510000000825e+00,1.485582849999999944e+01,-8.678123600000000692e+01,-8.676659250000000156e+01,-8.674701360000000250e+01
1.893336130000000139e+02,-5.521689119999999562e+00,8.450013999999999470e+00,1.446098609999999951e+01,-8.693019689999999855e+01,-8.691620319999999822e+01,-8.689749620000000618e+01
1.981662550000000067e+02,-5.916659349999999762e+00,8.055053759999999841e+00,1.406603980000000043e+01,-8.707282299999999964e+01,-8.705944940000000543e+01,-8.704157680000000141e+01
2.074109510000000114e+02,-6.311722340000000209e+00,7.660000130000000240e+00,1.367099870000000017e+01,-8.720940400000000636e+01,-8.719662379999999757e+01,-8.717954880000000628e+01
2.170869230000000130e+02,-6.706870010000000271e+00,7.264860859999999754e+00,1.327587119999999921e+01,-8.734021860000000004e+01,-8.732800539999999501e+01,-8.731169359999999813e+01
2.272142910000000029e+02,-7.102094990000000330e+00,6.869643820000000289e+00,1.288066429999999940e+01,-8.746553409999999928e+01,-8.745386360000000536e+01,-8.743828050000000474e+01
2.378141129999999919e+02,-7.497390130000000319e+00,6.474355420000000194e+00,1.248538540000000019e+01,-8.758560799999999347e+01,-8.757445509999999445e+01,-8.755956949999999495e+01
2.489084290000000124e+02,-7.892750079999999890e+00,6.079002299999999970e+00,1.209004080000000059e+01,-8.770068469999999650e+01,-8.769002810000000636e+01,-8.767580920000000333e+01
2.605203089999999975e+02,-8.288169229999999388e+00,5.683589330000000217e+00,1.169463630000000087e+01,-8.781100059999999985e+01,-8.780081810000000075e+01,-8.778723800000000210e+01
2.726738970000000108e+02,-8.683641169999999576e+00,5.288122519999999938e+00,1.129917670000000030e+01,-8.791678450000000566e+01,-8.790705450000000098e+01,-8.789408430000000294e+01
2.853944640000000277e+02,-9.079162050000000761e+00,4.892606650000000279e+00,1.090366739999999979e+01,-8.801825259999999673e+01,-8.800895549999999901e+01,-8.799656849999999508e+01
2.987084609999999998e+02,-9.474727550000000775e+00,4.497045240000000277e+00,1.050811219999999935e+01,-8.811561389999999960e+01,-8.810672990000000482e+01,-8.809490089999999896e+01
3.126435730000000035e+02,-9.870334160000000523e+00,4.101443080000000130e+00,1.011251530000000010e+01,-8.820906840000000670e+01,-8.820058029999999860e+01,-8.818928440000000535e+01
3.272287739999999872e+02,-1.026597749999999998e+01,3.705803389999999808e+00,9.716880259999999936e+00,-8.829881009999999719e+01,-8.829069970000000467e+01,-8.827991350000000637e+01
3.424943920000000048e+02,-1.066165499999999966e+01,3.310129509999999886e+00,9.321211350000000451e+00,-8.838502320000000623e+01,-8.837727420000000222e+01,-8.836697639999999865e+01
3.584721710000000030e+02,-1.105736289999999933e+01,2.914424470000000156e+00,8.925510819999999512e+00,-8.846788669999999399e+01,-8.846048260000000596e+01,-8.845065189999999689e+01
3.751953310000000101e+02,-1.145309890000000053e+01,2.518691469999999821e+00,8.529781489999999522e+00,-8.854757139999999538e+01,-8.854049740000000668e+01,-8.853111280000000249e+01
3.926986479999999915e+02,-1.184886039999999952e+01,2.122932229999999976e+00,8.134025940000000787e+00,-8.862424219999999764e+01,-8.861748299999999290e+01,-8.860852559999999301e+01
4.110185149999999794e+02,-1.224464550000000074e+01,1.727149920000000005e+00,7.738246140000000217e+00,-8.869805719999999383e+01,-8.869159969999999760e+01,-8.868305010000000266e+01
4.301930269999999723e+02,-1.264045130000000050e+01,1.331346259999999893e+00,7.342445900000000414e+00,-8.876917000000000257e+01,-8.876300050000000397e+01,-8.875484219999999880e+01
4.502620519999999829e+02,-1.303627630000000082e+01,9.355232220000000432e-01,6.946625570000000138e+00,-8.883772759999999380e+01,-8.883183320000000549e+01,-8.882404879999999991e+01
4.712673219999999787e+02,-1.343211860000000080e+01,5.396826000000000123e-01,6.550787389999999988e+00,-8.890387189999999862e+01,-8.889824040000000593e+01,-8.889081380000000365e+01
4.932525130000000217e+02,-1.382797710000000002e+01,1.438260540000000087e-01,6.154933040000000410e+00,-8.896773969999999565e+01,-8.896235980000000154e+01,-8.895527549999999906e+01
5.162633399999999710e+02,-1.422384950000000003e+01,-2.520448920000000204e-01,5.759064060000000040e+00,-8.902946409999999844e+01,-8.902432419999999524e+01,-8.901756760000000668e+01
5.403476500000000442e+02,-1.461973459999999925e+01,-6.479284170000000342e-01,5.363182300000000069e+00,-8.908917270000000599e+01,-8.908426249999999413e+01,-8.907781959999999799e+01
5.655555229999999938e+02,-1.501563130000000079e+01,-1.043823640000000053e+00,4.967288230000000304e+00,-8.914698939999999538e+01,-8.914229869999999778e+01,-8.913615570000000332e+01
5.919393720000000485e+02,-1.541153839999999953e+01,-1.439730179999999971e+00,4.571383919999999712e+00,-8.920303409999999644e+01,-8.919855250000000524e+01,-8.919269769999999653e+01
6.195540610000000470e+02,-1.580745480000000036e+01,-1.835645699999999936e+00,4.175470060000000316e+00,-8.925742309999999691e+01,-8.925314170000000047e+01,-8.924756250000000080e+01
6.484570079999999734e+02,-1.620337930000000171e+01,-2.231569139999999951e+00,3.779547720000000055e+00,-8.931026939999999570e+01,-8.930617940000000488e+01,-8.930086400000000424e+01
6.787083129999999755e+02,-1.659931119999999893e+01,-2.627500389999999797e+00,3.383617870000000138e+00,-8.936168250000000057e+01,-8.935777530000000013e+01,-8.935271290000000022e+01
7.103708769999999504e+02,-1.699524990000000102e+01,-3.023437690000000178e+00,2.987681419999999921e+00,-8.941176889999999844e+01,-8.940803689999999904e+01,-8.940321679999999560e+01
7.435105389999999943e+02,-1.739119369999999876e+01,-3.419381040000000205e+00,2.591739229999999949e+00,-8.946063329999999780e+01,-8.945706819999999482e+01,-8.945248049999999296e+01
7.781962059999999610e+02,-1.778714220000000168e+01,-3.815328790000000136e+00,2.195792130000000064e+00,-8.950837669999999946e+01,-8.950497140000000229e+01,-8.950060639999999523e+01
8.145000009999999975e+02,-1.818309479999999922e+01,-4.211280600000000263e+00,1.799841290000000038e+00,-8.955509840000000565e+01,-8.955184570000000122e+01,-8.954769459999999981e+01
8.524974120000000539e+02,-1.857905059999999864e+01,-4.607236150000000308e+00,1.403886629999999913e+00,-8.960089539999999886e+01,-8.959778830000000482e+01,-8.959384249999999383e+01
8.922674490000000560e+02,-1.897500889999999885e+01,-5.003193910000000244e+00,1.007929690000000100e+00,-8.964586269999999502e+01,-8.964289510000000405e+01,-8.963914629999999306e+01
9.338928049999999530e+02,-1.937096920000000111e+01,-5.399153609999999937e+00,6.119703250000000372e-01,-8.969009379999999965e+01,-8.968725949999999614e+01,-8.968369970000000535e+01
9.774600359999999455e+02,-1.976693069999999963e+01,-5.795114599999999783e+00,2.160100329999999902e-01,-8.973368059999999957e+01,-8.973097370000000694e+01,-8.972759569999999485e+01
1.023059729999999945e+03,-2.016289280000000161e+01,-6.191076210000000302e+00,-1.799513520000000089e-01,-8.977671359999999368e+01,-8.977412839999999505e+01,-8.977092509999999947e+01
1.070786700000000110e+03,-2.055885479999999887e+01,-6.587038200000000288e+00,-5.759123489999999901e-01,-8.981928209999999524e+01,-8.981681310000000451e+01,-8.981377809999999329e+01
1.120740199999999959e+03,-2.095481609999999861e+01,-6.982999109999999732e+00,-9.718731290000000023e-01,-8.986147459999999398e+01,-8.985911679999999535e+01,-8.985624350000000504e+01
1.173024089999999887e+03,-2.135077610000000092e+01,-7.378958690000000153e+00,-1.367832209999999993e+00,-8.990337870000000464e+01,-8.990112720000000479e+01,-8.989840979999999604e+01
1.227747080000000096e+03,-2.174673400000000001e+01,-7.774916270000000296e+00,-1.763789330000000044e+00,-8.994508140000000651e+01,-8.994293159999999432e+01,-8.994036440000000709e+01
1.285022969999999987e+03,-2.214268919999999952e+01,-8.170871180000000678e+00,-2.159743800000000213e+00,-8.998666919999999436e+01,-8.998461670000000368e+01,-8.998219439999999736e+01
1.344970849999999928e+03,-2.253864099999999837e+01,-8.566822699999999458e+00,-2.555695329999999821e+00,-9.002822869999999966e+01,-9.002626899999999921e+01,-9.002398650000000657e+01
1.407715369999999893e+03,-2.293458869999999905e+01,-8.962770519999999408e+00,-2.951642360000000131e+00,-9.006984590000000424e+01,-9.006797489999999584e+01,-9.006582760000000576e+01
1.473386989999999969e+03,-2.333053149999999931e+01,-9.358713039999999594e+00,-3.347584529999999781e+00,-9.011160719999999458e+01,-9.010982129999999302e+01,-9.010780459999999437e+01
1.542122280000000046e+03,-2.372646849999999930e+01,-9.754649869999999723e+00,-3.743521020000000199e+00,-9.015359940000000449e+01,-9.015189469999999972e+01,-9.015000449999999432e+01
1.614064149999999927e+03,-2.412239900000000148e+01,-1.015058020000000027e+01,-4.139450980000000335e+00,-9.019590949999999907e+01,-9.019428249999999991e+01,-9.019251490000000615e+01
1.689362200000000030e+03,-2.451832209999999890e+01,-1.054650299999999952e+01,-4.535373909999999675e+00,-9.023862529999999538e+01,-9.023707260000000474e+01,-9.023542380000000662e+01
1.768172990000000027e+03,-2.491423670000000001e+01,-1.094241740000000007e+01,-4.931288000000000338e+00,-9.028183520000000328e+01,-9.028035370000000626e+01,-9.027882030000000668e+01
1.850660399999999981e+03,-2.531014180000000025e+01,-1.133832229999999974e+01,-5.327192619999999934e+00,-9.032562889999999811e+01,-9.032421539999999993e+01,-9.032279429999999820e+01
1.936995949999999993e+03,-2.570603630000000095e+01,-1.173421659999999989e+01,-5.723086659999999881e+00,-9.037009709999999529e+01,-9.036874869999999760e+01,-9.036743679999999301e+01
2.027359159999999974e+03,-2.610191899999999876e+01,-1.213009910000000069e+01,-6.118968889999999661e+00,-9.041533169999999586e+01,-9.041404559999999435e+01,-9.041284039999999322e+01
2.121937919999999849e+03,-2.649778849999999863e+01,-1.252596849999999939e+01,-6.514838000000000129e+00,-9.046142650000000174e+01,-9.046020009999999445e+01,-9.045909890000000075e+01
2.220928890000000138e+03,-2.689364349999999959e+01,-1.292182329999999979e+01,-6.910692580000000085e+00,-9.050847670000000278e+01,-9.050730740000000196e+01,-9.050630800000000420e+01
2.324537910000000011e+03,-2.728948249999999831e+01,-1.331766209999999973e+01,-7.306531070000000128e+00,-9.055657960000000628e+01,-9.055546490000000404e+01,-9.055456529999999304e+01
2.432980419999999867e+03,-2.768530369999999863e+01,-1.371348309999999948e+01,-7.702351809999999688e+00,-9.060583450000000028e+01,-9.060477219999999932e+01,-9.060397050000000263e+01
2.546481900000000223e+03,-2.808110530000000082e+01,-1.410928460000000051e+01,-8.098152960000000178e+00,-9.065634300000000678e+01,-9.065533089999999561e+01,-9.065462540000000047e+01
2.665278369999999995e+03,-2.847688540000000046e+01,-1.450506440000000019e+01,-8.493932949999999593e+00,-9.070820929999999294e+01,-9.070724529999999675e+01,-9.070663450000000694e+01
2.789616829999999936e+03,-2.887264169999999908e+01,-1.490082059999999942e+01,-8.889688789999999230e+00,-9.076154019999999889e+01,-9.076062220000000025e+01,-9.076010510000000409e+01
2.919755830000000060e+03,-2.926837190000000177e+01,-1.529655059999999978e+01,-9.285418509999999515e+00,-9.081644529999999804e+01,-9.081557159999999840e+01,-9.081514690000000201e+01
3.055965979999999945e+03,-2.966407350000000065e+01,-1.569225199999999987e+01,-9.681119530000000140e+00,-9.087303760000000352e+01,-9.087220630000000199e+01,-9.087187330000000429e+01
3.198530490000000100e+03,-3.005974349999999973e+01,-1.608792190000000133e+01,-1.007678899999999977e+01,-9.093143320000000074e+01,-9.093064259999999877e+01,-9.093040050000000463e+01
3.347745809999999892e+03,-3.045537900000000064e+01,-1.648355709999999874e+01,-1.047242390000000078e+01,-9.099175160000000062e+01,-9.099100009999999372e+01,-9.099084849999999847e+01
3.503922210000000177e+03,-3.085097650000000158e+01,-1.687915479999999846e+01,-1.086802070000000064e+01,-9.105411630000000400e+01,-9.105340230000000190e+01,-9.105334100000000319e+01
3.667384419999999864e+03,-3.124653229999999837e+01,-1.727471040000000002e+01,-1.126357589999999931e+01,-9.111865459999999928e+01,-9.111797679999999389e+01,-9.111800560000000360e+01
3.838472339999999804e+03,-3.164204249999999874e+01,-1.767022019999999927e+01,-1.165908519999999982e+01,-9.118549799999999550e+01,-9.118485499999999888e+01,-9.118497410000000514e+01
4.017541729999999916e+03,-3.203750240000000105e+01,-1.806567989999999924e+01,-1.205454439999999927e+01,-9.125478259999999864e+01,-9.125417299999999443e+01,-9.125438259999999957e+01
4.204964909999999691e+03,-3.243290739999999772e+01,-1.846108459999999951e+01,-1.244994849999999964e+01,-9.132664880000000096e+01,-9.132607149999999763e+01,-9.132637210000000039e+01
4.401131620000000112e+03,-3.282825199999999910e+01,-1.885642890000000094e+01,-1.284529219999999938e+01,-9.140124199999999632e+01,-9.140069579999999405e+01,-9.140108820000000378e+01
4.606449740000000020e+03,-3.322353050000000252e+01,-1.925170699999999968e+01,-1.324056960000000061e+01,-9.147871279999999672e+01,-9.147819669999999803e+01,-9.147868169999999566e+01
4.821346190000000206e+03,-3.361873640000000307e+01,-1.964691249999999911e+01,-1.363577450000000013e+01,-9.155921689999999558e+01,-9.155872990000000300e+01,-9.155930870000000255e+01
5.046267829999999776e+03,-3.401386269999999712e+01,-2.004203839999999914e+01,-1.403089959999999969e+01,-9.164291570000000320e+01,-9.164245689999999911e+01,-9.164313079999999445e+01
5.281682340000000295e+03,-3.440890180000000242e+01,-2.043707699999999861e+01,-1.442593740000000047e+01,-9.172997630000000413e+01,-9.172954479999999933e+01,-9.173031539999999495e+01
5.528079209999999875e+03,-3.480384519999999782e+01,-2.083201999999999998e+01,-1.482087940000000081e+01,-9.182057170000000212e+01,-9.182016690000000381e+01,-9.182103580000000420e+01
5.785970800000000054e+03,-3.519868369999999658e+01,-2.122685789999999884e+01,-1.521571639999999981e+01,-9.191488139999999873e+01,-9.191450240000000349e+01,-9.191547160000000360e+01
6.055893339999999625e+03,-3.559340710000000030e+01,-2.162158080000000027e+01,-1.561043809999999965e+01,-9.201309080000000051e+01,-9.201273709999999539e+01,-9.201380890000000079e+01
6.338408099999999649e+03,-3.598800440000000123e+01,-2.201617740000000012e+01,-1.600503349999999969e+01,-9.211539229999999634e+01,-9.211506330000000276e+01,-9.211624009999999885e+01
6.634102509999999711e+03,-3.638246319999999656e+01,-2.241063559999999910e+01,-1.639949040000000124e+01,-9.222198480000000131e+01,-9.222168019999999444e+01,-9.222296470000000568e+01
6.943591430000000400e+03,-3.677677020000000141e+01,-2.280494180000000171e+01,-1.679379529999999932e+01,-9.233307449999999506e+01,-9.233279380000000458e+01,-9.233418899999999496e+01
7.267518380000000434e+03,-3.717091070000000030e+01,-2.319908149999999836e+01,-1.718793339999999858e+01,-9.244887409999999761e+01,-9.244861710000000699e+01,-9.245012619999999970e+01
7.606556910000000244e+03,-3.756486859999999695e+01,-2.359303849999999869e+01,-1.758188859999999920e+01,-9.256960410000000650e+01,-9.256937050000000511e+01,-9.257099709999999959e+01
7.961412000000000262e+03,-3.795862590000000125e+01,-2.398679489999999959e+01,-1.797564320000000038e+01,-9.269549179999999922e+01,-9.269528160000000128e+01,-9.269702940000000524e+01
8.332821509999999762e+03,-3.835216330000000085e+01,-2.438033120000000054e+01,-1.836917749999999927e+01,-9.282677200000000539e+01,-9.282658519999999669e+01,-9.282845849999999643e+01
8.721557720000000700e+03,-3.874545930000000027e+01,-2.477362610000000132e+01,-1.876247010000000159e+01,-9.296368689999999901e+01,-9.296352360000000203e+01,-9.296552680000000635e+01
9.128428949999999531e+03,-3.913849030000000084e+01,-2.516665580000000091e+01,-1.915549740000000156e+01,-9.310648559999999918e+01,-9.310634609999999611e+01,-9.310848409999999831e+01
9.554281209999999191e+03,-3.953123039999999833e+01,-2.555939449999999979e+01,-1.954823349999999849e+01,-9.325542470000000606e+01,-9.325530940000000157e+01,-9.325758729999999730e+01
1.000000000000000000e+04,-3.992365099999999956e+01,-2.595181369999999887e+01,-1.994064979999999920e+01,-9.341076759999999979e+01,-9.341067700000000684e+01,-9.341310049999999876e+01
1.046651209999999992e+04,-4.031572080000000113e+01,-2.634388189999999952e+01,-2.033271480000000153e+01,-9.357278420000000096e+01,-9.357271910000000048e+01,-9.357529420000000187e+01
1.095478759999999966e+04,-4.070740510000000256e+01,-2.673556449999999884e+01,-2.072439389999999904e+01,-9.374175089999999955e+01,-9.374171210000000087e+01,-9.374444540000000359e+01
1.146584170000000086e+04,-4.109866590000000031e+01,-2.712682339999999925e+01,-2.111564909999999884e+01,-9.391794950000000597e+01,-9.391793810000000065e+01,-9.392083660000000123e+01
1.200073710000000028e+04,-4.148946109999999976e+01,-2.751761660000000020e+01,-2.150643820000000161e+01,-9.410166719999999430e+01,-9.410168459999999868e+01,-9.410475580000000662e+01
1.256058599999999933e+04,-4.187974460000000221e+01,-2.790789789999999826e+01,-2.189671500000000037e+01,-9.429319540000000188e+01,-9.429324309999999798e+01,-9.429649510000000134e+01
1.314655249999999978e+04,-4.226946519999999907e+01,-2.829761600000000143e+01,-2.228642830000000075e+01,-9.449282859999999573e+01,-9.449290849999999864e+01,-9.449635019999999486e+01
1.375985510000000068e+04,-4.265856639999999800e+01,-2.868671480000000074e+01,-2.267552170000000089e+01,-9.470086379999999338e+01,-9.470097810000000038e+01,-9.470461869999999749e+01
1.440176900000000023e+04,-4.304698609999999803e+01,-2.907513170000000002e+01,-2.306393279999999990e+01,-9.491759810000000641e+01,-9.491774940000000527e+01,-9.492159929999999690e+01
1.507362900000000081e+04,-4.343465539999999692e+01,-2.946279790000000176e+01,-2.345159280000000024e+01,-9.514332810000000507e+01,-9.514351920000000007e+01,-9.514758940000000109e+01
1.577683200000000033e+04,-4.382149799999999829e+01,-2.984963730000000126e+01,-2.383842530000000082e+01,-9.537834689999999682e+01,-9.537858129999999335e+01,-9.538288369999999361e+01
1.651284040000000095e+04,-4.420742969999999872e+01,-3.023556549999999987e+01,-2.422434600000000060e+01,-9.562294219999999711e+01,-9.562322380000000521e+01,-9.562777130000000625e+01
1.728318439999999828e+04,-4.459235689999999863e+01,-3.062048899999999918e+01,-2.460926140000000117e+01,-9.587739349999999661e+01,-9.587772689999999898e+01,-9.588253339999999980e+01
1.808946580000000176e+04,-4.497617600000000238e+01,-3.100430419999999998e+01,-2.499306770000000100e+01,-9.614196870000000672e+01,-9.614235909999999308e+01,-9.614743980000000079e+01
1.893336130000000048e+04,-4.535877190000000070e+01,-3.138689600000000013e+01,-2.537564989999999909e+01,-9.641692050000000336e+01,-9.641737379999999291e+01,-9.642274510000000021e+01
1.981662549999999828e+04,-4.574001690000000053e+01,-3.176813650000000067e+01,-2.575688010000000006e+01,-9.670248170000000698e+01,-9.670300480000000221e+01,-9.670868480000000034e+01
2.074109509999999864e+04,-4.611976870000000162e+01,-3.214788360000000011e+01,-2.613661589999999890e+01,-9.699886069999999449e+01,-9.699946140000000128e+01,-9.700546959999999785e+01
2.170869229999999880e+04,-4.649786890000000028e+01,-3.252597899999999953e+01,-2.651469910000000141e+01,-9.730623549999999966e+01,-9.730692259999999294e+01,-9.731328039999999646e+01
2.272142910000000120e+04,-4.687414119999999684e+01,-3.290224609999999927e+01,-2.689095310000000083e+01,-9.762474709999999334e+01,-9.762553080000000705e+01,-9.763226149999999848e+01
2.378141129999999976e+04,-4.724838849999999724e+01,-3.327648810000000168e+01,-2.726518079999999955e+01,-9.795449209999999596e+01,-9.795538390000000106e+01,-9.796251329999999768e+01
2.489084289999999964e+04,-4.762039070000000152e+01,-3.364848479999999853e+01,-2.763716219999999879e+01,-9.829551429999999357e+01,-9.829652749999999628e+01,-9.830408380000000079e+01
2.605203090000000157e+04,-4.798990150000000199e+01,-3.401799009999999868e+01,-2.800665100000000152e+01,-9.864779529999999852e+01,-9.864894490000000360e+01,-9.865695879999999818e+01
2.726738969999999972e+04,-4.835664510000000149e+01,-3.438472809999999669e+01,-2.837337129999999874e+01,-9.901124299999999323e+01,-9.901254609999999445e+01,-9.902105199999999741e+01
2.853944640000000072e+04,-4.872031210000000101e+01,-3.474838940000000065e+01,-2.873701369999999855e+01,-9.938568019999999592e+01,-9.938715620000000683e+01,-9.939619179999999687e+01
2.987084609999999884e+04,-4.908055459999999925e+01,-3.510862660000000091e+01,-2.909723049999999844e+01,-9.977083030000000008e+01,-9.977250139999999590e+01,-9.978210839999999848e+01
3.126435729999999967e+04,-4.943698160000000286e+01,-3.546504850000000175e+01,-2.945363070000000150e+01,-1.001663020000000017e+02,-1.001681930000000023e+02,-1.001784179999999935e+02
3.272287740000000122e+04,-4.978915229999999781e+01,-3.581721470000000096e+01,-2.980577380000000076e+01,-1.005715720000000033e+02,-1.005737120000000004e+02,-1.005846059999999937e+02
3.424943920000000071e+04,-5.013656950000000023e+01,-3.616462810000000161e+01,-3.015316260000000170e+01,-1.009859649999999931e+02,-1.009883870000000030e+02,-1.010000069999999965e+02
3.584721710000000166e+04,-5.047867089999999735e+01,-3.650672670000000153e+01,-3.049523530000000093e+01,-1.014086329999999947e+02,-1.014113729999999975e+02,-1.014237830000000002e+02
3.751953310000000056e+04,-5.081482019999999977e+01,-3.684287450000000064e+01,-3.083135569999999959e+01,-1.018385289999999941e+02,-1.018416289999999975e+02,-1.018549009999999981e+02
3.926986480000000302e+04,-5.114429559999999952e+01,-3.717235019999999679e+01,-3.116080260000000024e+01,-1.022743799999999936e+02,-1.022778890000000018e+02,-1.022921019999999999e+02
4.110185149999999703e+04,-5.146627689999999689e+01,-3.749433400000000205e+01,-3.148275629999999836e+01,-1.027146560000000051e+02,-1.027186269999999979e+02,-1.027338720000000052e+02
4.301930270000000019e+04,-5.177983030000000042e+01,-3.780789279999999764e+01,-3.179628380000000121e+01,-1.031575310000000059e+02,-1.031620259999999973e+02,-1.031784040000000005e+02
4.502620519999999669e+04,-5.208389050000000253e+01,-3.811196209999999951e+01,-3.210032060000000342e+01,-1.036008439999999950e+02,-1.036059340000000049e+02,-1.036235599999999977e+02
4.712673219999999856e+04,-5.237723940000000056e+01,-3.840532449999999898e+01,-3.239364960000000337e+01,-1.040420490000000058e+02,-1.040478140000000025e+02,-1.040668189999999953e+02
4.932525130000000354e+04,-5.265848009999999846e+01,-3.868658440000000098e+01,-3.267487539999999768e+01,-1.044781569999999959e+02,-1.044846900000000005e+02,-1.045052199999999942e+02
5.162633400000000256e+04,-5.292600689999999730e+01,-3.895413709999999696e+01,-3.294239360000000261e+01,-1.049056659999999965e+02,-1.049130729999999971e+02,-1.049352980000000031e+02
5.403476499999999942e+04,-5.317796770000000350e+01,-3.920613219999999899e+01,-3.319435390000000297e+01,-1.053204730000000069e+02,-1.053288749999999965e+02,-1.053529910000000029e+02
5.655555230000000302e+04,-5.341221800000000286e+01,-3.944042699999999968e+01,-3.342861419999999839e+01,-1.057177700000000016e+02,-1.057273079999999936e+02,-1.057535380000000060e+02
5.919393720000000030e+04,-5.362626490000000246e+01,-3.965453080000000341e+01,-3.364268400000000270e+01,-1.060918980000000005e+02,-1.061027349999999956e+02,-1.061313420000000036e+02
6.195540610000000015e+04,-5.381719559999999802e+01,-3.984553360000000310e+01,-3.383365369999999928e+01,-1.064361700000000042e+02,-1.064484970000000033e+02,-1.064797850000000068e+02
6.484570079999999871e+04,-5.398158719999999988e+01,-4.001001550000000151e+01,-3.399810380000000265e+01,-1.067426179999999931e+02,-1.067566599999999966e+02,-1.067909920000000028e+02
6.787083130000000529e+04,-5.411538989999999671e+01,-4.014393069999999852e+01,-3.413198880000000202e+01,-1.070016530000000046e+02,-1.070176790000000011e+02,-1.070554850000000044e+02
7.103708770000000368e+04,-5.421377389999999963e+01,-4.024245419999999740e+01,-3.423048359999999946e+01,-1.072015839999999969e+02,-1.072199159999999978e+02,-1.072617139999999978e+02
7.435105389999999898e+04,-5.427092470000000191e+01,-4.029977720000000119e+01,-3.428777910000000162e+01,-1.073279129999999952e+02,-1.073489440000000030e+02,-1.073953680000000048e+02
7.781962059999999474e+04,-5.427976449999999886e+01,-4.030882929999999931e+01,-3.429680340000000172e+01,-1.073622919999999965e+02,-1.073865109999999987e+02,-1.074383430000000033e+02
8.145000010000000475e+04,-5.423156459999999868e+01,-4.026089079999999853e+01,-3.424883379999999988e+01,-1.072809280000000030e+02,-1.073089520000000050e+02,-1.073671800000000047e+02
8.524974120000000403e+04,-5.411539590000000288e+01,-4.014504349999999988e+01,-3.413294599999999690e+01,-1.070520599999999973e+02,-1.070846899999999948e+02,-1.071505800000000050e+02
8.922674490000000515e+04,-5.391732780000000247e+01,-3.994737039999999695e+01,-3.393521140000000003e+01,-1.066318299999999937e+02,-1.066701300000000003e+02,-1.067453450000000004e+02
9.338928049999999348e+04,-5.361923680000000303e+01,-3.964976419999999990e+01,-3.363749959999999817e+01,-1.059572509999999994e+02,-1.060026840000000021e+02,-1.060894650000000041e+02
9.774600359999999637e+04,-5.319698979999999722e+01,-3.922810950000000219e+01,-3.321564930000000260e+01,-1.049336009999999959e+02,-1.049882549999999952e+02,-1.050897190000000023e+02
1.023059729999999981e+05,-5.261762889999999970e+01,-3.864946119999999752e+01,-3.263662029999999703e+01,-1.034105320000000034e+02,-1.034775269999999949e+02,-1.035981629999999996e+02
1.070786699999999983e+05,-5.183502730000000014e+01,-3.786768049999999874e+01,-3.185406389999999988e+01,-1.011335030000000046e+02,-1.012177570000000060e+02,-1.013642860000000070e+02
1.120740200000000041e+05,-5.078372739999999652e+01,-3.681719760000000008e+01,-3.080190890000000081e+01,-9.763671250000000157e+01,-9.774647810000000447e+01,-9.792934329999999932e+01
1.173024089999999997e+05,-4.937407060000000314e+01,-3.540785770000000099e+01,-2.938867619999999903e+01,-9.198499289999999462e+01,-9.213497879999999896e+01,-9.237054609999999855e+01
1.227747079999999987e+05,-4.751647580000000204e+01,-3.354803960000000274e+01,-2.751890540000000129e+01,-8.210988410000000215e+01,-8.232634099999999933e+01,-8.263628699999999583e+01
1.285022970000000059e+05,-4.535937870000000061e+01,-3.137848960000000176e+01,-2.532327520000000121e+01,-6.337802020000000169e+01,-6.368889219999999796e+01,-6.406159150000000579e+01
1.344970849999999919e+05,-4.433281379999999672e+01,-3.032027360000000016e+01,-2.422527529999999985e+01,-3.062554310000000157e+01,-3.092681169999999824e+01,-3.113802180000000064e+01
1.407715370000000112e+05,-4.642111669999999890e+01,-3.239722880000000060e+01,-2.630956300000000070e+01,3.109967890000000068e+00,3.008887940000000150e+00,3.110743349999999907e+00
1.473386989999999932e+05,-4.984169700000000347e+01,-3.582877640000000241e+01,-2.976724619999999888e+01,2.302403590000000122e+01,2.303157549999999887e+01,2.322043389999999974e+01
1.542122280000000028e+05,-5.300641939999999863e+01,-3.900313100000000333e+01,-3.295724880000000212e+01,3.366580880000000064e+01,3.370336400000000054e+01,3.388451820000000225e+01
1.614064150000000081e+05,-5.571460559999999873e+01,-4.171748459999999881e+01,-3.568009270000000299e+01,3.993182199999999682e+01,3.997502949999999800e+01,4.013408900000000301e+01
1.689362200000000012e+05,-5.804965510000000251e+01,-4.405653490000000261e+01,-3.802408170000000354e+01,4.403285619999999767e+01,4.407472860000000026e+01,4.421325730000000220e+01
1.768172989999999991e+05,-6.010148600000000130e+01,-4.611110159999999780e+01,-4.008174970000000314e+01,4.695944339999999784e+01,4.699804009999999721e+01,4.711967099999999675e+01
1.850660400000000081e+05,-6.193599859999999779e+01,-4.794758279999999928e+01,-4.192030319999999932e+01,4.919843649999999968e+01,4.923338369999999742e+01,4.934133800000000036e+01
1.936995950000000012e+05,-6.359932390000000169e+01,-4.961238689999999707e+01,-4.358656119999999845e+01,5.101138720000000149e+01,5.104281790000000285e+01,5.113961439999999925e+01
2.027359159999999974e+05,-6.512411000000000172e+01,-5.113832450000000307e+01,-4.511355830000000111e+01,5.254924830000000213e+01,5.257744919999999667e+01,5.266501339999999942e+01
2.121937919999999867e+05,-6.653402440000000695e+01,-5.254916260000000250e+01,-4.652519180000000176e+01,5.390408070000000151e+01,5.392936910000000239e+01,5.400917929999999956e+01
2.220928889999999956e+05,-6.784668039999999678e+01,-5.386257810000000035e+01,-4.783921899999999994e+01,5.513438649999999797e+01,5.515706790000000126e+01,5.523027369999999792e+01
2.324537909999999974e+05,-6.907552389999999320e+01,-5.509205920000000134e+01,-4.906917990000000174e+01,5.627844189999999713e+01,5.629879660000000285e+01,5.636630550000000284e+01
2.432980419999999867e+05,-7.023106869999999446e+01,-5.624814849999999922e+01,-5.022565159999999906e+01,5.736175659999999965e+01,5.738003679999999918e+01,5.744257650000000126e+01
2.546481900000000023e+05,-7.132172190000000001e+01,-5.733927349999999734e+01,-5.131708549999999747e+01,5.840147089999999963e+01,5.841790300000000258e+01,5.847606499999999841e+01
2.665278369999999995e+05,-7.235434850000000040e+01,-5.837231380000000058e+01,-5.235037810000000036e+01,5.940907229999999828e+01,5.942385850000000147e+01,5.947813060000000007e+01
2.789616830000000191e+05,-7.333466450000000236e+01,-5.935299570000000102e+01,-5.333126810000000262e+01,6.039214150000000103e+01,6.040546299999999746e+01,6.045625210000000038e+01
2.919755829999999842e+05,-7.426751539999999352e+01,-6.028617289999999684e+01,-5.426461830000000219e+01,6.135551780000000122e+01,6.136753699999999867e+01,6.141518620000000084e+01
3.055965979999999981e+05,-7.515707749999999976e+01,-6.117602759999999762e+01,-5.515461760000000169e+01,6.230210120000000273e+01,6.231296360000000334e+01,6.235776520000000289e+01
3.198530489999999991e+05,-7.600700329999999383e+01,-6.202621690000000143e+01,-5.600492859999999951e+01,6.323342099999999988e+01,6.324325699999999983e+01,6.328546229999999895e+01
3.347745810000000056e+05,-7.682052969999999448e+01,-6.283998139999999921e+01,-5.681879589999999780e+01,6.415004690000000664e+01,6.415897300000000314e+01,6.419879969999999503e+01
3.503922210000000196e+05,-7.760055739999999957e+01,-6.362022460000000024e+01,-5.759912640000000295e+01,6.505189249999999390e+01,6.506001270000000147e+01,6.509765070000000264e+01
3.667384419999999809e+05,-7.834971020000000408e+01,-6.436957280000000026e+01,-5.834854880000000321e+01,6.593844090000000335e+01,6.594584759999999335e+01,6.598146409999999662e+01
3.838472339999999967e+05,-7.907037990000000605e+01,-6.509041999999999462e+01,-5.906945929999999834e+01,6.680891379999999913e+01,6.681568900000000610e+01,6.684943160000000262e+01
4.017541730000000098e+05,-7.976476030000000605e+01,-6.578496130000000619e+01,-5.976405470000000264e+01,6.766239720000000091e+01,6.766861339999999814e+01,6.770061350000000289e+01
4.204964909999999800e+05,-8.043487199999999859e+01,-6.645521920000000193e+01,-6.043435889999999944e+01,6.849793510000000651e+01,6.850365610000000061e+01,6.853403110000000709e+01
4.401131620000000112e+05,-8.108258340000000430e+01,-6.710306319999999403e+01,-6.108224249999999955e+01,6.931459610000000282e+01,6.931987800000000277e+01,6.934873340000000042e+01
4.606449739999999874e+05,-8.170962500000000261e+01,-6.773022500000000434e+01,-6.170943840000000336e+01,7.011152110000000448e+01,7.011641280000000620e+01,7.014384379999999908e+01
4.821346190000000061e+05,-8.231760239999999840e+01,-6.833831159999999727e+01,-6.231755410000000239e+01,7.088795430000000408e+01,7.089249850000000208e+01,7.091859169999999324e+01
5.046267829999999958e+05,-8.290800649999999905e+01,-6.892881439999999316e+01,-6.290808200000000028e+01,7.164326230000000351e+01,7.164749620000000618e+01,7.167233029999999872e+01
5.281682340000000549e+05,-8.348222099999999557e+01,-6.950311840000000529e+01,-6.348240760000000193e+01,7.237694340000000182e+01,7.238089929999999583e+01,7.240454619999999863e+01
5.528079209999999730e+05,-8.404153069999999559e+01,-7.006250909999999976e+01,-6.404181680000000654e+01,7.308862999999999488e+01,7.309233589999999481e+01,7.311486189999999397e+01
5.785970799999999581e+05,-8.458712719999999763e+01,-7.060817889999999863e+01,-6.458750249999999937e+01,7.377808539999999482e+01,7.378156549999999925e+01,7.380303159999999707e+01
6.055893340000000317e+05,-8.512011520000000075e+01,-7.114123309999999378e+01,-6.512057040000000541e+01,7.444519719999999552e+01,7.444847249999999406e+01,7.446893509999999594e+01
6.338408100000000559e+05,-8.564151739999999791e+01,-7.166269520000000171e+01,-6.564204429999999491e+01,7.508996790000000487e+01,7.509305659999999705e+01,7.511256799999999600e+01
6.634102510000000475e+05,-8.615228009999999870e+01,-7.217351200000000233e+01,-6.615287130000000104e+01,7.571250399999999559e+01,7.571542189999999550e+01,7.573403089999999338e+01
6.943591430000000400e+05,-8.665327770000000385e+01,-7.267455859999999745e+01,-6.665392660000000546e+01,7.631300480000000164e+01,7.631576560000000597e+01,7.633351779999999565e+01
7.267518379999999888e+05,-8.714531750000000443e+01,-7.316664260000000297e+01,-6.714601810000000626e+01,7.689175040000000649e+01,7.689436630000000150e+01,7.691130409999999529e+01
7.606556909999999916e+05,-8.762914379999999426e+01,-7.365050890000000550e+01,-6.762989090000000658e+01,7.744909079999999335e+01,7.745157210000000703e+01,7.746773559999999748e+01
7.961411999999999534e+05,-8.810544249999999522e+01,-7.412684380000000317e+01,-6.810623139999999864e+01,7.798543429999999432e+01,7.798779039999999441e+01,7.800321700000000646e+01
8.332821509999999544e+05,-8.857484499999999628e+01,-7.459627890000000150e+01,-6.857567140000000450e+01,7.850123779999999840e+01,7.850347680000000139e+01,7.851820200000000227e+01
8.721557719999999972e+05,-8.903793170000000146e+01,-7.505939519999999732e+01,-6.903879190000000676e+01,7.899699750000000620e+01,7.899912670000000503e+01,7.901318379999999308e+01
9.128428950000000186e+05,-8.949523619999999369e+01,-7.551672639999999603e+01,-6.949612679999999898e+01,7.947324030000000050e+01,7.947526639999999531e+01,7.948868690000000470e+01
9.554281210000000428e+05,-8.994724840000000654e+01,-7.596876279999999326e+01,-6.994816629999999691e+01,7.993051669999999831e+01,7.993244529999999770e+01,7.994525910000000124e+01
1.000000000000000000e+06,-9.039441770000000531e+01,-7.641595409999999333e+01,-7.039536029999999300e+01,8.036939340000000698e+01,8.037122999999999706e+01,8.038346529999999746e+01
1.046651209999999963e+06,-9.083715650000000608e+01,-7.685871269999999811e+01,-7.083812140000000568e+01,8.079044860000000483e+01,8.079219779999999673e+01,8.080388139999999453e+01
1.095478760000000009e+06,-9.127584260000000427e+01,-7.729741679999999349e+01,-7.127682749999999601e+01,8.119426579999999660e+01,8.119593220000000144e+01,8.120708949999999504e+01
1.146584169999999925e+06,-9.171082199999999318e+01,-7.773241249999999525e+01,-7.171182509999999866e+01,8.158143049999999619e+01,8.158301819999999793e+01,8.159367340000000013e+01
1.200073709999999963e+06,-9.214241180000000497e+01,-7.816401709999999525e+01,-7.214343130000000315e+01,8.195252659999999878e+01,8.195403919999999687e+01,8.196421530000000644e+01
1.256058600000000093e+06,-9.257090200000000380e+01,-7.859252069999999435e+01,-7.257193630000000439e+01,8.230813120000000538e+01,8.230957229999999925e+01,8.231929110000000094e+01
1.314655250000000000e+06,-9.299655789999999911e+01,-7.901818880000000433e+01,-7.299760569999999404e+01,8.264881540000000371e+01,8.265018820000000233e+01,8.265947049999999763e+01
1.375985510000000009e+06,-9.341962220000000627e+01,-7.944126430000000028e+01,-7.342068220000000167e+01,8.297513979999999378e+01,8.297644739999999786e+01,8.298531289999999672e+01
1.440176899999999907e+06,-9.384031690000000481e+01,-7.986196909999999605e+01,-7.384138799999999492e+01,8.328765330000000233e+01,8.328889859999999601e+01,8.329736619999999903e+01
1.507362899999999907e+06,-9.425884469999999737e+01,-8.028050620000000492e+01,-7.425992589999999893e+01,8.358689210000000003e+01,8.358807769999999948e+01,8.359616540000000384e+01
1.577683199999999953e+06,-9.467539100000000474e+01,-8.069706080000000270e+01,-7.467648130000000606e+01,8.387337800000000243e+01,8.387450649999999541e+01,8.388223150000000317e+01
1.651284040000000037e+06,-9.509012500000000045e+01,-8.111180249999999603e+01,-7.509122370000000046e+01,8.414761790000000019e+01,8.414869179999999460e+01,8.415607020000000205e+01
1.728318439999999944e+06,-9.550320139999999469e+01,-8.152488590000000102e+01,-7.550430769999999825e+01,8.441010289999999827e+01,8.441112449999999967e+01,8.441817210000000671e+01
1.808946580000000075e+06,-9.591476140000000328e+01,-8.193645229999999913e+01,-7.591587470000000337e+01,8.466130830000000174e+01,8.466227969999999914e+01,8.466901129999999398e+01
1.893336129999999888e+06,-9.632493390000000488e+01,-8.234663059999999746e+01,-7.632605350000000044e+01,8.490169269999999813e+01,8.490261599999999476e+01,8.490904569999999296e+01
1.981662550000000047e+06,-9.673383660000000361e+01,-8.275553870000000245e+01,-7.673496210000000417e+01,8.513169800000000009e+01,8.513257520000000511e+01,8.513871650000000102e+01
2.074109510000000009e+06,-9.714157710000000634e+01,-8.316328420000000676e+01,-7.714270790000000488e+01,8.535174979999999323e+01,8.535258319999999799e+01,8.535844869999999673e+01
2.170869229999999981e+06,-9.754825350000000128e+01,-8.356996519999999862e+01,-7.754938930000000141e+01,8.556225630000000137e+01,8.556304729999999381e+01,8.556864980000000287e+01
2.272142910000000149e+06,-9.795395560000000046e+01,-8.397567150000000424e+01,-7.795509599999999750e+01,8.576360999999999990e+01,8.576436040000000105e+01,8.576971149999999966e+01
2.378141129999999888e+06,-9.835876539999999579e+01,-8.438048510000000135e+01,-7.835990990000000522e+01,8.595618679999999756e+01,8.595689830000000597e+01,8.596200930000000540e+01
2.489084290000000037e+06,-9.876275780000000282e+01,-8.478448109999999360e+01,-7.876390619999999387e+01,8.614034669999999494e+01,8.614102099999999496e+01,8.614590250000000538e+01
2.605203089999999851e+06,-9.916600139999999897e+01,-8.518772810000000106e+01,-7.916715349999999773e+01,8.631643449999999973e+01,8.631707280000000537e+01,8.632173539999999434e+01
2.726738970000000205e+06,-9.956855910000000165e+01,-8.559028899999999851e+01,-7.956971459999999752e+01,8.648477909999999724e+01,8.648538320000000112e+01,8.648983640000000150e+01
2.853944640000000130e+06,-9.997048859999999593e+01,-8.599222140000000536e+01,-7.997164730000000077e+01,8.664569550000000220e+01,8.664626699999999460e+01,8.665052000000000021e+01
2.987084609999999870e+06,-1.003718429999999984e+02,-8.639357830000000149e+01,-8.037300449999999330e+01,8.679948480000000188e+01,8.680002500000000509e+01,8.680408690000000149e+01
3.126435729999999981e+06,-1.007726700000000051e+02,-8.679440839999999469e+01,-8.077383489999999711e+01,8.694643489999999986e+01,8.694694520000000182e+01,8.695082449999999596e+01
3.272287740000000224e+06,-1.011730160000000041e+02,-8.719475669999999923e+01,-8.117418340000000399e+01,8.708682039999999347e+01,8.708730219999999633e+01,8.709100700000000472e+01
3.424943919999999925e+06,-1.015729220000000055e+02,-8.759466449999999327e+01,-8.157409140000000036e+01,8.722090500000000191e+01,8.722135959999999955e+01,8.722489760000000558e+01
3.584721709999999963e+06,-1.019724250000000012e+02,-8.799417010000000516e+01,-8.197359720000000038e+01,8.734894099999999639e+01,8.734936949999999456e+01,8.735274839999999585e+01
3.751953310000000056e+06,-1.023715619999999973e+02,-8.839330909999999619e+01,-8.237273639999999375e+01,8.747117020000000309e+01,8.747157409999999800e+01,8.747480079999999703e+01
3.926986479999999981e+06,-1.027703649999999982e+02,-8.879211420000000032e+01,-8.277154179999999428e+01,8.758782560000000217e+01,8.758820620000000190e+01,8.759128739999999880e+01
4.110185149999999907e+06,-1.031688659999999942e+02,-8.919061609999999973e+01,-8.317004389999999603e+01,8.769913069999999777e+01,8.769948899999999981e+01,8.770243139999999471e+01
4.301930269999999553e+06,-1.035670910000000049e+02,-8.958884329999999352e+01,-8.356827130000000636e+01,8.780530179999999518e+01,8.780563909999999339e+01,8.780844879999999364e+01
4.502620519999999553e+06,-1.039650680000000023e+02,-8.998682200000000364e+01,-8.396625029999999867e+01,8.790654750000000206e+01,8.790686469999999986e+01,8.790954779999999857e+01
4.712673219999999739e+06,-1.043628209999999967e+02,-9.038457699999999306e+01,-8.436400550000000464e+01,8.800306980000000578e+01,8.800336810000000298e+01,8.800593010000000049e+01
4.932525129999999888e+06,-1.047603739999999988e+02,-9.078213100000000679e+01,-8.476155970000000650e+01,8.809506469999999467e+01,8.809534539999999936e+01,8.809779170000000192e+01
5.162633400000000373e+06,-1.051577470000000005e+02,-9.117950530000000242e+01,-8.515893420000000447e+01,8.818272249999999701e+01,8.818298649999999839e+01,8.818532229999999572e+01
5.403476500000000000e+06,-1.055549599999999941e+02,-9.157671949999999583e+01,-8.555614860000000022e+01,8.826622810000000641e+01,8.826647629999999367e+01,8.826870680000000391e+01
5.655555230000000447e+06,-1.059520299999999935e+02,-9.197379180000000076e+01,-8.595322109999999327e+01,8.834576160000000300e+01,8.834599500000000205e+01,8.834812469999999962e+01
5.919393719999999739e+06,-1.063489759999999933e+02,-9.237073879999999804e+01,-8.635016830000000709e+01,8.842149790000000564e+01,8.842171740000000568e+01,8.842375099999999577e+01
6.195540610000000335e+06,-1.067458120000000008e+02,-9.276757589999999709e+01,-8.674700570000000255e+01,8.849360749999999598e+01,8.849381400000000042e+01,8.849575579999999775e+01
6.484570080000000075e+06,-1.071425519999999949e+02,-9.316431719999999927e+01,-8.714374709999999880e+01,8.856225630000000137e+01,8.856245060000000535e+01,8.856430480000000216e+01
6.787083129999999888e+06,-1.075392089999999996e+02,-9.356097529999999551e+01,-8.754040539999999737e+01,8.862760500000000263e+01,8.862778790000000129e+01,8.862955839999999341e+01
7.103708769999999553e+06,-1.079357949999999988e+02,-9.395756169999999941e+01,-8.793699209999999766e+01,8.868981019999999660e+01,8.868998249999999928e+01,8.869167310000000271e+01
7.435105389999999665e+06,-1.083323189999999983e+02,-9.435408680000000459e+01,-8.833351740000000518e+01,8.874902319999999634e+01,8.874918560000000411e+01,8.875079990000000407e+01
7.781962059999999590e+06,-1.087287910000000011e+02,-9.475055989999999895e+01,-8.872999070000000188e+01,8.880539050000000145e+01,8.880554359999999292e+01,8.880708520000000306e+01
8.145000009999999776e+06,-1.091252190000000013e+02,-9.514698900000000492e+01,-8.912641990000000192e+01,8.885905370000000403e+01,8.885919810000000041e+01,8.886067029999999534e+01
8.524974119999999180e+06,-1.095216109999999929e+02,-9.554338129999999296e+01,-8.952281240000000651e+01,8.891014900000000409e+01,8.891028540000000646e+01,8.891169130000000109e+01
8.922674490000000224e+06,-1.099179720000000060e+02,-9.593974310000000116e+01,-8.991917440000000283e+01,8.895880780000000243e+01,8.895893660000000125e+01,8.896027929999999628e+01
9.338928050000000745e+06,-1.103143079999999969e+02,-9.633607969999999909e+01,-9.031551120000000310e+01,8.900515570000000309e+01,8.900527750000000538e+01,8.900655980000000511e+01
9.774600359999999404e+06,-1.107106229999999982e+02,-9.673239569999999787e+01,-9.071182729999999594e+01,8.904931329999999434e+01,8.904942850000000476e+01,8.905065310000000522e+01
1.023059730000000075e+07,-1.111069219999999973e+02,-9.712869489999999928e+01,-9.110812669999999969e+01,8.909139550000000440e+01,8.909150459999999327e+01,8.909267420000000470e+01
1.070786700000000000e+07,-1.115032070000000033e+02,-9.752498060000000635e+01,-9.150441250000000082e+01,8.913151220000000308e+01,8.913161560000000350e+01,8.913273270000000537e+01
1.120740200000000000e+07,-1.118994809999999944e+02,-9.792125520000000449e+01,-9.190068730000000130e+01,8.916976750000000607e+01,8.916986559999999429e+01,8.917093260000000043e+01
1.173024090000000037e+07,-1.122957459999999941e+02,-9.831752090000000521e+01,-9.229695309999999608e+01,8.920626049999999907e+01,8.920635359999999991e+01,8.920737280000000169e+01
1.227747080000000075e+07,-1.126920039999999972e+02,-9.871377909999999645e+01,-9.269321150000000387e+01,8.924108490000000415e+01,8.924117329999999981e+01,8.924214680000000044e+01
1.285022969999999925e+07,-1.130882560000000012e+02,-9.911003110000000049e+01,-9.308946349999999370e+01,8.927432930000000511e+01,8.927441330000000619e+01,8.927534319999999468e+01
1.344970850000000000e+07,-1.134845020000000062e+02,-9.950627749999999594e+01,-9.348570999999999742e+01,8.930607709999999599e+01,8.930615690000000484e+01,8.930704529999999863e+01
1.407715369999999925e+07,-1.138807429999999954e+02,-9.990251890000000401e+01,-9.388195149999999956e+01,8.933640680000000600e+01,8.933648279999999886e+01,8.933733150000000478e+01
1.473386990000000037e+07,-1.142769789999999972e+02,-1.002987549999999999e+02,-9.427818809999999417e+01,8.936539240000000461e+01,8.936546470000000397e+01,8.936627550000000042e+01
1.542122280000000075e+07,-1.146732099999999974e+02,-1.006949869999999976e+02,-9.467441990000000374e+01,8.939310299999999643e+01,8.939317180000000462e+01,8.939394640000000436e+01
1.614064150000000000e+07,-1.150694369999999935e+02,-1.010912139999999937e+02,-9.507064669999999751e+01,8.941960339999999974e+01,8.941966899999999896e+01,8.942040900000000647e+01
1.689362200000000000e+07,-1.154656580000000048e+02,-1.014874350000000049e+02,-9.546686830000000157e+01,8.944495419999999797e+01,8.944501669999999649e+01,8.944572379999999612e+01
1.768172989999999851e+07,-1.158618740000000003e+02,-1.018836510000000004e+02,-9.586308420000000297e+01,8.946921209999999292e+01,8.946927169999999307e+01,8.946994719999999290e+01
1.850660400000000000e+07,-1.162580839999999966e+02,-1.022798609999999968e+02,-9.625929410000000530e+01,8.949242990000000475e+01,8.949248670000000061e+01,8.949313220000000513e+01
1.936995950000000000e+07,-1.166542869999999965e+02,-1.026760649999999941e+02,-9.665549760000000390e+01,8.951465699999999970e+01,8.951471119999999360e+01,8.951532790000000261e+01
2.027359160000000149e+07,-1.170504829999999998e+02,-1.030722609999999975e+02,-9.705169420000000002e+01,8.953593940000000373e+01,8.953599099999999567e+01,8.953658029999999712e+01
2.121937919999999925e+07,-1.174466720000000066e+02,-1.034684500000000043e+02,-9.744788339999999494e+01,8.955632009999999354e+01,8.955636939999999413e+01,8.955693239999999378e+01
2.220928889999999851e+07,-1.178428540000000027e+02,-1.038646320000000003e+02,-9.784406509999999457e+01,8.957583929999999839e+01,8.957588629999999341e+01,8.957642420000000527e+01
2.324537910000000149e+07,-1.182390269999999930e+02,-1.042608060000000023e+02,-9.824023880000000020e+01,8.959453449999999464e+01,8.959457940000000065e+01,8.959509339999999611e+01
2.432980419999999925e+07,-1.186351930000000010e+02,-1.046569709999999986e+02,-9.863640429999999526e+01,8.961244120000000635e+01,8.961248399999999492e+01,8.961297509999999988e+01
2.546481900000000000e+07,-1.190313500000000033e+02,-1.050531280000000010e+02,-9.903256149999999991e+01,8.962959220000000471e+01,8.962963310000000661e+01,8.963010230000000433e+01
2.665278369999999925e+07,-1.194274979999999999e+02,-1.054492769999999950e+02,-9.942871019999999760e+01,8.964601879999999312e+01,8.964605779999999413e+01,8.964650609999999631e+01
2.789616830000000075e+07,-1.198236390000000000e+02,-1.058454169999999976e+02,-9.982485040000000254e+01,8.966175029999999424e+01,8.966178739999999436e+01,8.966221590000000674e+01
2.919755830000000075e+07,-1.202197699999999969e+02,-1.062415490000000062e+02,-1.002209820000000065e+02,8.967681450000000609e+01,8.967684989999999345e+01,8.967725930000000290e+01
3.055965980000000075e+07,-1.206158939999999973e+02,-1.066376719999999949e+02,-1.006171060000000068e+02,8.969123779999999613e+01,8.969127149999999915e+01,8.969166269999999486e+01
3.198530489999999851e+07,-1.210120090000000062e+02,-1.070337880000000013e+02,-1.010132210000000015e+02,8.970504520000000070e+01,8.970507739999999330e+01,8.970545099999999650e+01
3.347745810000000149e+07,-1.214081160000000068e+02,-1.074298950000000019e+02,-1.014093280000000021e+02,8.971826070000000186e+01,8.971829139999999825e+01,8.971864840000000640e+01
3.503922210000000149e+07,-1.218042159999999967e+02,-1.078259950000000060e+02,-1.018054280000000063e+02,8.973090720000000431e+01,8.973093640000000448e+01,8.973127750000000447e+01
3.667384420000000298e+07,-1.222003090000000043e+02,-1.082220879999999994e+02,-1.022015209999999996e+02,8.974300669999999513e+01,8.974303449999999316e+01,8.974336040000000025e+01
3.838472339999999851e+07,-1.225963950000000011e+02,-1.086181739999999962e+02,-1.025976069999999964e+02,8.975458030000000065e+01,8.975460680000000480e+01,8.975491809999999759e+01
4.017541729999999702e+07,-1.229924740000000014e+02,-1.090142529999999965e+02,-1.029936869999999942e+02,8.976564849999999751e+01,8.976567369999999357e+01,8.976597110000000157e+01
4.204964910000000149e+07,-1.233885480000000001e+02,-1.094103269999999952e+02,-1.033897599999999954e+02,8.977623090000000161e+01,8.977625489999999786e+01,8.977653899999999965e+01
4.401131620000000298e+07,-1.237846159999999998e+02,-1.098063949999999949e+02,-1.037858279999999951e+02,8.978634669999999574e+01,8.978636950000000638e+01,8.978664089999999476e+01
4.606449739999999851e+07,-1.241806789999999978e+02,-1.102024579999999929e+02,-1.041818909999999931e+02,8.979601429999999596e+01,8.979603600000000085e+01,8.979629529999999704e+01
4.821346189999999851e+07,-1.245767369999999943e+02,-1.105985160000000036e+02,-1.045779490000000038e+02,8.980525169999999946e+01,8.980527229999999861e+01,8.980552000000000135e+01
5.046267829999999702e+07,-1.249727910000000008e+02,-1.109945699999999960e+02,-1.049740039999999937e+02,8.981407620000000236e+01,8.981409589999999810e+01,8.981433250000000612e+01
5.281682339999999851e+07,-1.253688420000000008e+02,-1.113906209999999959e+02,-1.053700539999999961e+02,8.982250489999999843e+01,8.982252359999999669e+01,8.982274959999999453e+01
5.528079210000000149e+07,-1.257648889999999966e+02,-1.117866680000000059e+02,-1.057661020000000036e+02,8.983055400000000645e+01,8.983057180000000130e+01,8.983078770000000191e+01
5.785970800000000000e+07,-1.261609330000000000e+02,-1.121827130000000068e+02,-1.061621460000000070e+02,8.983823950000000025e+01,8.983825649999999996e+01,8.983846269999999379e+01
6.055893339999999851e+07,-1.265569749999999942e+02,-1.125787550000000010e+02,-1.065581880000000012e+02,8.984557689999999752e+01,8.984559310000000210e+01,8.984579010000000210e+01
6.338408100000000000e+07,-1.269530149999999935e+02,-1.129747950000000003e+02,-1.069542280000000005e+02,8.985258109999999476e+01,8.985259650000000420e+01,8.985278470000000084e+01
6.634102510000000149e+07,-1.273490539999999953e+02,-1.133708330000000046e+02,-1.073502660000000049e+02,8.985926659999999799e+01,8.985928119999999808e+01,8.985946090000000197e+01
6.943591429999999702e+07,-1.277450900000000047e+02,-1.137668699999999973e+02,-1.077463029999999975e+02,8.986564730000000623e+01,8.986566120000000524e+01,8.986583290000000090e+01
7.267518379999999702e+07,-1.281411260000000141e+02,-1.141629049999999950e+02,-1.081423390000000069e+02,8.987173679999999365e+01,8.987175000000000580e+01,8.987191409999999792e+01
7.606556909999999404e+07,-1.285371600000000001e+02,-1.145589400000000069e+02,-1.085383730000000071e+02,8.987754809999999850e+01,8.987756070000000364e+01,8.987771739999999454e+01
7.961412000000000000e+07,-1.289331939999999861e+02,-1.149549740000000071e+02,-1.089344069999999931e+02,8.988309379999999749e+01,8.988310579999999561e+01,8.988325539999999592e+01
8.332821509999999404e+07,-1.293292280000000005e+02,-1.153510069999999956e+02,-1.093304399999999958e+02,8.988838579999999467e+01,8.988839720000000000e+01,8.988854019999999423e+01
8.721557720000000298e+07,-1.297252599999999916e+02,-1.157470399999999984e+02,-1.097264729999999986e+02,8.989343590000000006e+01,8.989344669999999837e+01,8.989358330000000308e+01
9.128428950000000000e+07,-1.301212930000000085e+02,-1.161430730000000011e+02,-1.101225060000000013e+02,8.989825500000000602e+01,8.989826539999999966e+01,8.989839580000000296e+01
9.554281209999999404e+07,-1.305173259999999971e+02,-1.165391050000000064e+02,-1.105185390000000041e+02,8.990285389999999666e+01,8.990286380000000577e+01,8.990298839999999814e+01
1.000000000000000000e+08,-1.309133579999999881e+02,-1.169351379999999949e+02,-1.109145709999999951e+02,8.990724280000000590e+01,8.990725220000000206e+01,8.990737120000000004e+01
1.046651210000000000e+08,-1.313093910000000051e+02,-1.173311700000000002e+02,-1.113106039999999979e+02,8.991143130000000383e+01,8.991144029999999532e+01,8.991155399999999531e+01
1.095478760000000000e+08,-1.317054239999999936e+02,-1.177272030000000029e+02,-1.117066370000000006e+02,8.991542889999999488e+01,8.991543749999999591e+01,8.991554610000000025e+01
1.146584170000000000e+08,-1.321014570000000106e+02,-1.181232360000000057e+02,-1.121026700000000034e+02,8.991924450000000490e+01,8.991925259999999298e+01,8.991935630000000401e+01
1.200073710000000000e+08,-1.324974899999999991e+02,-1.185192689999999942e+02,-1.124987030000000061e+02,8.992288639999999589e+01,8.992289409999999350e+01,8.992299319999999341e+01
1.256058600000000000e+08,-1.328935229999999876e+02,-1.189153029999999944e+02,-1.128947359999999946e+02,8.992636280000000681e+01,8.992637019999999382e+01,8.992646489999999915e+01
1.314655250000000000e+08,-1.332895570000000021e+02,-1.193113359999999972e+02,-1.132907699999999949e+02,8.992968150000000094e+01,8.992968849999999748e+01,8.992977899999999636e+01
1.375985510000000000e+08,-1.336855909999999881e+02,-1.197073699999999974e+02,-1.136868039999999951e+02,8.993284979999999962e+01,8.993285649999999976e+01,8.993294290000000046e+01
1.440176900000000000e+08,-1.340816250000000025e+02,-1.201034049999999951e+02,-1.140828379999999953e+02,8.993587469999999939e+01,8.993588110000000313e+01,8.993596359999999379e+01
1.507362900000000000e+08,-1.344776599999999860e+02,-1.204994389999999953e+02,-1.144788729999999930e+02,8.993876290000000040e+01,8.993876899999999353e+01,8.993884780000000490e+01
1.577683200000000000e+08,-1.348736940000000004e+02,-1.208954739999999930e+02,-1.148749069999999932e+02,8.994152069999999810e+01,8.994152649999999483e+01,8.994160180000000082e+01
1.651284040000000000e+08,-1.352697300000000098e+02,-1.212915090000000049e+02,-1.152709430000000026e+02,8.994415419999999983e+01,8.994415979999999422e+01,8.994423170000000312e+01
1.728318440000000000e+08,-1.356657649999999933e+02,-1.216875450000000001e+02,-1.156669780000000003e+02,8.994666920000000232e+01,8.994667450000000031e+01,8.994674329999999429e+01
1.808946580000000000e+08,-1.360618010000000027e+02,-1.220835799999999978e+02,-1.160630139999999955e+02,8.994907120000000589e+01,8.994907630000000154e+01,8.994914190000000076e+01
1.893336130000000000e+08,-1.364578370000000120e+02,-1.224796159999999929e+02,-1.164590500000000048e+02,8.995136540000000025e+01,8.995137019999999950e+01,8.995143299999999442e+01
1.981662550000000000e+08,-1.368538729999999930e+02,-1.228756529999999998e+02,-1.168550860000000000e+02,8.995355680000000120e+01,8.995356139999999812e+01,8.995362129999999468e+01
2.074109510000000000e+08,-1.372499090000000024e+02,-1.232716889999999950e+02,-1.172511230000000069e+02,8.995565009999999972e+01,8.995565449999999430e+01,8.995571180000000311e+01
2.170869230000000000e+08,-1.376459460000000092e+02,-1.236677260000000018e+02,-1.176471590000000020e+02,8.995764990000000694e+01,8.995765409999999918e+01,8.995770880000000602e+01
2.272142910000000000e+08,-1.380419829999999877e+02,-1.240637629999999945e+02,-1.180431959999999947e+02,8.995956049999999493e+01,8.995956449999999904e+01,8.995961680000000626e+01
2.378141130000000000e+08,-1.384380199999999945e+02,-1.244598000000000013e+02,-1.184392330000000015e+02,8.996138589999999624e+01,8.996138980000000629e+01,8.996143969999999968e+01
2.489084290000000000e+08,-1.388340570000000014e+02,-1.248558369999999940e+02,-1.188352710000000059e+02,8.996313019999999483e+01,8.996313390000000254e+01,8.996318159999999864e+01
2.605203090000000000e+08,-1.392300950000000057e+02,-1.252518749999999983e+02,-1.192313079999999985e+02,8.996479700000000435e+01,8.996480049999999551e+01,8.996484610000000259e+01
2.726738970000000000e+08,-1.396261330000000100e+02,-1.256479120000000052e+02,-1.196273460000000028e+02,8.996638989999999581e+01,8.996639329999999291e+01,8.996643679999999677e+01
2.853944640000000000e+08,-1.400221699999999885e+02,-1.260439499999999953e+02,-1.200233839999999930e+02,8.996791229999999473e+01,8.996791550000000370e+01,8.996795710000000668e+01
2.987084610000000000e+08,-1.404182079999999928e+02,-1.264399879999999996e+02,-1.204194219999999973e+02,8.996936750000000416e+01,8.996937049999999658e+01,8.996941030000000694e+01
3.126435730000000000e+08,-1.408142459999999971e+02,-1.268360260000000039e+02,-1.208154600000000016e+02,8.997075850000000230e+01,8.997076140000000066e+01,8.997079940000000420e+01
3.272287740000000000e+08,-1.412102849999999989e+02,-1.272320639999999941e+02,-1.212114980000000060e+02,8.997208820000000173e+01,8.997209100000000603e+01,8.997212729999999681e+01
3.424943920000000000e+08,-1.416063230000000033e+02,-1.276281029999999959e+02,-1.216075359999999961e+02,8.997335959999999488e+01,8.997336230000000512e+01,8.997339689999999734e+01
3.584721710000000000e+08,-1.420023610000000076e+02,-1.280241409999999860e+02,-1.220035749999999979e+02,8.997457529999999792e+01,8.997457780000000582e+01,8.997461090000000183e+01
3.751953310000000000e+08,-1.423984000000000094e+02,-1.284201799999999878e+02,-1.223996130000000022e+02,8.997573780000000454e+01,8.997574020000000417e+01,8.997577180000000396e+01
3.926986480000000000e+08,-1.427944380000000137e+02,-1.288162179999999921e+02,-1.227956520000000040e+02,8.997684959999999421e+01,8.997685189999999977e+01,8.997688209999999742e+01
4.110185150000000000e+08,-1.431904769999999871e+02,-1.292122569999999939e+02,-1.231916899999999941e+02,8.997791300000000092e+01,8.997791519999999821e+01,8.997794410000000198e+01
4.301930270000000000e+08,-1.435865159999999889e+02,-1.296082959999999957e+02,-1.235877289999999959e+02,8.997893039999999587e+01,8.997893249999999910e+01,8.997896009999999478e+01
4.502620520000000000e+08,-1.439825549999999907e+02,-1.300043349999999975e+02,-1.239837679999999978e+02,8.997990369999999416e+01,8.997990579999999738e+01,8.997993209999999920e+01
4.712673220000000000e+08,-1.443785939999999925e+02,-1.304003730000000019e+02,-1.243798069999999996e+02,8.998083520000000135e+01,8.998083710000000224e+01,8.998086229999999830e+01
4.932525130000000000e+08,-1.447746329999999944e+02,-1.307964120000000037e+02,-1.247758460000000014e+02,8.998172660000000178e+01,8.998172850000000267e+01,8.998175259999999298e+01
5.162633400000000000e+08,-1.451706719999999962e+02,-1.311924510000000055e+02,-1.251718850000000032e+02,8.998257999999999868e+01,8.998258180000000550e+01,8.998260480000000427e+01
5.403476500000000000e+08,-1.455667109999999980e+02,-1.315884900000000073e+02,-1.255679240000000050e+02,8.998339699999999652e+01,8.998339869999999507e+01,8.998342069999999637e+01
5.655555230000000000e+08,-1.459627499999999998e+02,-1.319845300000000066e+02,-1.259639630000000068e+02,8.998417940000000215e+01,8.998418110000000070e+01,8.998420210000000452e+01
5.919393720000000000e+08,-1.463587890000000016e+02,-1.323805690000000084e+02,-1.263600019999999944e+02,8.998492889999999989e+01,8.998493050000000437e+01,8.998495049999999651e+01
6.195540610000000000e+08,-1.467548280000000034e+02,-1.327766080000000102e+02,-1.267560409999999962e+02,8.998564700000000016e+01,8.998564849999999637e+01,8.998566759999999931e+01
6.484570080000000000e+08,-1.471508670000000052e+02,-1.331726470000000120e+02,-1.271520809999999955e+02,8.998633510000000513e+01,8.998633660000000134e+01,8.998635489999999493e+01
6.787083130000000000e+08,-1.475469070000000045e+02,-1.335686860000000138e+02,-1.275481199999999973e+02,8.998699480000000506e+01,8.998699619999999300e+01,8.998701370000000566e+01
7.103708770000000000e+08,-1.479429460000000063e+02,-1.339647260000000131e+02,-1.279441589999999991e+02,8.998762739999999383e+01,8.998762870000000191e+01,8.998764540000000522e+01
7.435105390000000000e+08,-1.483389850000000081e+02,-1.343607649999999865e+02,-1.283401990000000126e+02,8.998823430000000201e+01,8.998823550000000182e+01,8.998825150000000406e+01
7.781962060000000000e+08,-1.487350250000000074e+02,-1.347568039999999883e+02,-1.287362379999999860e+02,8.998881660000000693e+01,8.998881780000000674e+01,8.998883309999999369e+01
8.145000010000000000e+08,-1.491310640000000092e+02,-1.351528439999999875e+02,-1.291322769999999878e+02,8.998937569999999653e+01,8.998937680000000228e+01,8.998939140000000236e+01
8.524974120000000000e+08,-1.495271030000000110e+02,-1.355488829999999894e+02,-1.295283169999999870e+02,8.998991259999999670e+01,8.998991370000000245e+01,8.998992769999999553e+01
8.922674490000000000e+08,-1.499231430000000103e+02,-1.359449229999999886e+02,-1.299243559999999889e+02,8.999042860000000132e+01,8.999042970000000707e+01,8.999044299999999907e+01
9.338928050000000000e+08,-1.503191820000000121e+02,-1.363409619999999904e+02,-1.303203949999999907e+02,8.999092459999999960e+01,8.999092559999999708e+01,8.999093840000000455e+01
9.774600360000000000e+08,-1.507152220000000113e+02,-1.367370009999999922e+02,-1.307164349999999899e+02,8.999140169999999728e+01,8.999140269999999475e+01,8.999141489999999521e+01
