frequency,Tian_dB_20dB,Tian_dB_34dB,Tian_dB_40dB,Tian_arg_20dB,Tian_arg_34dB,Tian_arg_40dB
1.000000000000000021e-02,3.408113190000000259e+01,3.407709590000000333e+01,3.407526440000000179e+01,1.712230939999999979e+00,1.147301310000000019e+00,4.366073229999999916e-01
1.046651210000000033e-02,3.408158879999999868e+01,3.407751350000000201e+01,3.407547160000000019e+01,1.792031130000000028e+00,1.200528030000000079e+00,4.566547950000000022e-01
1.095478759999999989e-02,3.408208919999999864e+01,3.407796760000000091e+01,3.407569560000000308e+01,1.875542830000000105e+00,1.256219020000000075e+00,4.776354409999999939e-01
1.146584169999999986e-02,3.408263730000000180e+01,3.407846169999999830e+01,3.407593789999999956e+01,1.962937570000000020e+00,1.314488480000000070e+00,4.995925959999999999e-01
1.200073710000000050e-02,3.408323750000000274e+01,3.407899919999999838e+01,3.407620059999999995e+01,2.054394629999999999e+00,1.375455850000000035e+00,5.225714310000000307e-01
1.256058600000000032e-02,3.408389480000000304e+01,3.407958440000000166e+01,3.407648549999999688e+01,2.150101390000000112e+00,1.439245950000000107e+00,5.466190210000000382e-01
1.314655250000000032e-02,3.408461470000000304e+01,3.408022170000000273e+01,3.407679509999999823e+01,2.250253690000000084e+00,1.505989239999999896e+00,5.717844170000000448e-01
1.375985509999999926e-02,3.408540310000000062e+01,3.408091600000000199e+01,3.407713179999999653e+01,2.355056119999999975e+00,1.575822000000000056e+00,5.981187150000000230e-01
1.440176900000000003e-02,3.408626650000000069e+01,3.408167279999999977e+01,3.407749830000000202e+01,2.464722459999999948e+00,1.648886529999999961e+00,6.256751280000000248e-01
1.507362899999999985e-02,3.408721189999999979e+01,3.408249789999999990e+01,3.407789749999999884e+01,2.579475979999999780e+00,1.725331399999999960e+00,6.545090620000000303e-01
1.577683200000000105e-02,3.408824709999999669e+01,3.408339780000000019e+01,3.407833269999999715e+01,2.699549859999999857e+00,1.805311639999999995e+00,6.846781859999999664e-01
1.651284039999999925e-02,3.408938069999999954e+01,3.408437990000000184e+01,3.407880740000000230e+01,2.825187580000000143e+00,1.888988969999999989e+00,7.162424960000000063e-01
1.728318439999999845e-02,3.409062190000000214e+01,3.408545180000000130e+01,3.407932540000000188e+01,2.956643310000000024e+00,1.976532029999999995e+00,7.492644090000000201e-01
1.808946579999999929e-02,3.409198099999999698e+01,3.408662209999999959e+01,3.407989100000000349e+01,3.094182309999999880e+00,2.068116610000000133e+00,7.838087929999999481e-01
1.893336129999999978e-02,3.409346889999999775e+01,3.408790040000000232e+01,3.408050879999999694e+01,3.238081339999999919e+00,2.163925850000000040e+00,8.199430490000000349e-01
1.981662550000000064e-02,3.409509789999999896e+01,3.408929679999999962e+01,3.408118389999999920e+01,3.388629089999999788e+00,2.264150449999999815e+00,8.577371660000000508e-01
2.074109509999999892e-02,3.409688129999999973e+01,3.409082269999999681e+01,3.408192149999999998e+01,3.546126590000000078e+00,2.368988959999999810e+00,8.972637639999999637e-01
2.170869229999999872e-02,3.409883359999999897e+01,3.409249040000000264e+01,3.408272790000000185e+01,3.710887640000000154e+00,2.478647889999999965e+00,9.385981410000000524e-01
2.272142909999999918e-02,3.410097069999999775e+01,3.409431349999999838e+01,3.408360950000000145e+01,3.883239189999999841e+00,2.593341999999999814e+00,9.818182960000000348e-01
2.378141129999999936e-02,3.410330989999999929e+01,3.409630669999999952e+01,3.408457349999999764e+01,4.063521810000000123e+00,2.713294429999999924e+00,1.027004950000000028e+00
2.489084290000000144e-02,3.410587019999999825e+01,3.409848610000000235e+01,3.408562760000000225e+01,4.252090019999999804e+00,2.838736869999999968e+00,1.074241529999999889e+00
2.605203089999999846e-02,3.410867230000000205e+01,3.410086940000000055e+01,3.408678030000000092e+01,4.449312759999999756e+00,2.969909749999999793e+00,1.123614209999999947e+00
2.726738969999999845e-02,3.411173900000000003e+01,3.410347589999999940e+01,3.408804090000000286e+01,4.655573669999999886e+00,3.107062309999999883e+00,1.175211809999999968e+00
2.853944640000000144e-02,3.411509480000000138e+01,3.410632650000000154e+01,3.408941949999999821e+01,4.871271529999999572e+00,3.250452709999999801e+00,1.229125739999999967e+00
2.987084610000000084e-02,3.411876670000000189e+01,3.410944440000000100e+01,3.409092710000000181e+01,5.096820459999999997e+00,3.400348090000000045e+00,1.285449929999999963e+00
3.126435729999999663e-02,3.412278440000000046e+01,3.411285440000000335e+01,3.409257569999999760e+01,5.332650300000000065e+00,3.557024510000000195e+00,1.344280740000000085e+00
3.272287740000000278e-02,3.412717980000000040e+01,3.411658400000000313e+01,3.409437830000000247e+01,5.579206759999999932e+00,3.720766949999999795e+00,1.405716720000000031e+00
3.424943920000000225e-02,3.413198810000000094e+01,3.412066289999999924e+01,3.409634919999999880e+01,5.836951589999999968e+00,3.891869100000000081e+00,1.469858440000000099e+00
3.584721710000000200e-02,3.413724750000000085e+01,3.412512370000000317e+01,3.409850370000000197e+01,6.106362690000000093e+00,4.070633240000000264e+00,1.536808230000000108e+00
3.751953310000000208e-02,3.414299979999999834e+01,3.413000170000000111e+01,3.410085879999999747e+01,6.387934079999999959e+00,4.257369849999999900e+00,1.606669880000000106e+00
3.926986479999999835e-02,3.414929039999999816e+01,3.413533540000000244e+01,3.410343249999999671e+01,6.682175820000000321e+00,4.452397209999999994e+00,1.679548220000000036e+00
4.110185150000000148e-02,3.415616880000000322e+01,3.414116690000000176e+01,3.410624479999999892e+01,6.989613770000000059e+00,4.656040889999999877e+00,1.755548689999999912e+00
4.301930269999999779e-02,3.416368889999999681e+01,3.414754159999999672e+01,3.410931709999999839e+01,7.310789190000000382e+00,4.868632999999999988e+00,1.834776739999999906e+00
4.502620520000000237e-02,3.417190939999999699e+01,3.415450909999999851e+01,3.411267269999999741e+01,7.646258289999999569e+00,5.090511410000000403e+00,1.917337269999999982e+00
4.712673220000000024e-02,3.418089419999999734e+01,3.416212329999999753e+01,3.411633669999999796e+01,7.996591440000000439e+00,5.322018650000000406e+00,2.003333809999999993e+00
4.932525129999999758e-02,3.419071240000000245e+01,3.417044250000000005e+01,3.412033629999999818e+01,8.362372239999999124e+00,5.563500630000000058e+00,2.092867669999999958e+00
5.162633400000000289e-02,3.420143939999999816e+01,3.417953010000000091e+01,3.412470100000000173e+01,8.744196410000000697e+00,5.815305249999999759e+00,2.186036950000000090e+00
5.403476499999999849e-02,3.421315700000000248e+01,3.418945449999999653e+01,3.412946240000000131e+01,9.142670239999999282e+00,6.077780520000000131e+00,2.282935329999999929e+00
5.655555229999999906e-02,3.422595350000000280e+01,3.420029009999999658e+01,3.413465450000000345e+01,9.558408919999999753e+00,6.351272510000000260e+00,2.383650809999999787e+00
5.919393719999999776e-02,3.423992499999999950e+01,3.421211679999999689e+01,3.414031409999999767e+01,9.992034350000000842e+00,6.636123020000000317e+00,2.488264210000000087e+00
6.195540609999999893e-02,3.425517519999999649e+01,3.422502120000000048e+01,3.414648030000000034e+01,1.044417269999999931e+01,6.932666689999999576e+00,2.596847439999999896e+00
6.484570080000000292e-02,3.427181600000000117e+01,3.423909660000000343e+01,3.415319530000000015e+01,1.091545149999999964e+01,7.241227910000000101e+00,2.709461609999999965e+00
6.787083130000000353e-02,3.428996850000000052e+01,3.425444319999999720e+01,3.416050390000000192e+01,1.140649610000000003e+01,7.562117119999999915e+00,2.826154879999999814e+00
7.103708770000000117e-02,3.430976290000000262e+01,3.427116879999999810e+01,3.416845390000000293e+01,1.191792590000000018e+01,7.895626700000000220e+00,2.946960300000000199e+00
7.435105390000000536e-02,3.433133930000000333e+01,3.428938879999999756e+01,3.417709599999999881e+01,1.245034990000000086e+01,8.242026290000000088e+00,3.071892819999999968e+00
7.781962060000000014e-02,3.435484819999999928e+01,3.430922679999999758e+01,3.418648400000000009e+01,1.300436140000000051e+01,8.601557670000000044e+00,3.200946839999999849e+00
8.145000010000000290e-02,3.438045100000000076e+01,3.433081479999999885e+01,3.419667460000000148e+01,1.358053259999999973e+01,8.974428789999999267e+00,3.334092880000000036e+00
8.524974120000000655e-02,3.440832000000000335e+01,3.435429309999999958e+01,3.420772720000000078e+01,1.417940779999999990e+01,9.360807530000000654e+00,3.471274269999999884e+00
8.922674490000000180e-02,3.443863950000000074e+01,3.437981080000000134e+01,3.421970410000000129e+01,1.480149660000000011e+01,9.760814469999999687e+00,3.612403640000000138e+00
9.338928050000000480e-02,3.447160550000000256e+01,3.440752580000000194e+01,3.423266999999999882e+01,1.544726600000000083e+01,1.017451529999999948e+01,3.757359070000000134e+00
9.774600360000000598e-02,3.450742600000000238e+01,3.443760460000000023e+01,3.424669209999999708e+01,1.611713160000000045e+01,1.060191219999999923e+01,3.905980109999999783e+00
1.023059729999999945e-01,3.454632149999999768e+01,3.447022220000000203e+01,3.426183910000000310e+01,1.681144829999999857e+01,1.104293539999999929e+01,4.058063770000000403e+00
1.070786700000000008e-01,3.458852449999999834e+01,3.450556170000000122e+01,3.427818140000000113e+01,1.753050049999999871e+01,1.149743289999999973e+01,4.213360259999999968e+00
1.120740199999999964e-01,3.463427949999999811e+01,3.454381399999999758e+01,3.429579019999999900e+01,1.827449089999999998e+01,1.196516090000000077e+01,4.371568940000000403e+00
1.173024089999999964e-01,3.468384280000000075e+01,3.458517700000000161e+01,3.431473689999999976e+01,1.904352989999999934e+01,1.244577310000000026e+01,4.532334249999999898e+00
1.227747079999999963e-01,3.473748169999999647e+01,3.462985439999999926e+01,3.433509190000000189e+01,1.983762279999999834e+01,1.293881009999999954e+01,4.695242069999999934e+00
1.285022969999999876e-01,3.479547399999999868e+01,3.467805529999999692e+01,3.435692449999999809e+01,2.065665840000000131e+01,1.344368809999999925e+01,4.859816170000000213e+00
1.344970849999999885e-01,3.485810670000000044e+01,3.472999169999999935e+01,3.438030080000000055e+01,2.150039650000000080e+01,1.395968850000000039e+01,5.025515600000000305e+00
1.407715370000000021e-01,3.492567480000000302e+01,3.478587799999999675e+01,3.440528330000000068e+01,2.236845539999999843e+01,1.448594720000000002e+01,5.191732370000000429e+00
1.473386989999999896e-01,3.499847979999999836e+01,3.484592779999999834e+01,3.443192899999999668e+01,2.326029979999999853e+01,1.502144490000000054e+01,5.357790689999999856e+00
1.542122280000000067e-01,3.507682779999999667e+01,3.491035240000000073e+01,3.446028830000000198e+01,2.417522980000000032e+01,1.556499810000000039e+01,5.522946629999999857e+00
1.614064149999999975e-01,3.516102730000000065e+01,3.497935809999999890e+01,3.449040300000000059e+01,2.511236979999999974e+01,1.611525119999999944e+01,5.686390010000000217e+00
1.689362199999999981e-01,3.525138669999999763e+01,3.505314280000000338e+01,3.452230540000000047e+01,2.607065980000000138e+01,1.667067129999999864e+01,5.847246730000000170e+00
1.768172990000000111e-01,3.534821149999999790e+01,3.513189320000000038e+01,3.455601570000000322e+01,2.704884699999999853e+01,1.722954400000000064e+01,6.004584190000000099e+00
1.850660399999999872e-01,3.545180140000000080e+01,3.521578120000000212e+01,3.459154110000000060e+01,2.804548120000000111e+01,1.778997220000000112e+01,6.157417689999999943e+00
1.936995950000000022e-01,3.556244699999999881e+01,3.530496000000000123e+01,3.462887400000000326e+01,2.905891049999999964e+01,1.834987810000000152e+01,6.304719150000000383e+00
2.027359159999999882e-01,3.568042630000000059e+01,3.539956089999999733e+01,3.466799029999999959e+01,3.008728139999999840e+01,1.890700819999999993e+01,6.445427790000000101e+00
2.121937919999999922e-01,3.580600119999999720e+01,3.549968859999999893e+01,3.470884850000000199e+01,3.112854099999999846e+01,1.945894200000000041e+01,6.578463160000000087e+00
2.220928889999999878e-01,3.593941410000000047e+01,3.560541810000000140e+01,3.475138849999999735e+01,3.218044270000000040e+01,2.000310479999999913e+01,6.702739550000000435e+00
2.324537909999999930e-01,3.608088399999999751e+01,3.571679009999999721e+01,3.479553090000000282e+01,3.324055549999999926e+01,2.053678449999999955e+01,6.817182850000000016e+00
2.432980419999999921e-01,3.623060339999999968e+01,3.583380809999999883e+01,3.484117679999999950e+01,3.430627609999999805e+01,2.105715269999999961e+01,6.920747239999999856e+00
2.546481899999999965e-01,3.638873490000000288e+01,3.595643479999999670e+01,3.488820789999999761e+01,3.537484479999999820e+01,2.156128909999999976e+01,7.012434869999999876e+00
2.665278369999999897e-01,3.655540839999999747e+01,3.608458970000000221e+01,3.493648710000000079e+01,3.644336469999999650e+01,2.204621129999999951e+01,7.091313849999999697e+00
2.789616830000000158e-01,3.673071869999999706e+01,3.621814599999999729e+01,3.498585959999999773e+01,3.750882320000000192e+01,2.250890610000000081e+01,7.156537460000000017e+00
2.919755829999999830e-01,3.691472329999999857e+01,3.635692989999999725e+01,3.503615460000000326e+01,3.856811609999999746e+01,2.294636560000000003e+01,7.207361230000000063e+00
3.055965979999999971e-01,3.710744090000000028e+01,3.650071930000000009e+01,3.508718720000000246e+01,3.961807360000000244e+01,2.335562450000000112e+01,7.243159559999999608e+00
3.198530490000000004e-01,3.730885049999999836e+01,3.664924340000000313e+01,3.513876100000000235e+01,4.065548739999999839e+01,2.373379890000000003e+01,7.263439140000000016e+00
3.347745810000000155e-01,3.751889109999999761e+01,3.680218409999999807e+01,3.519067129999999821e+01,4.167713849999999809e+01,2.407812709999999967e+01,7.267850460000000012e+00
3.503922210000000037e-01,3.773746200000000073e+01,3.695917719999999917e+01,3.524270769999999686e+01,4.267982460000000344e+01,2.438600840000000147e+01,7.256194999999999951e+00
3.667384419999999978e-01,3.796442350000000232e+01,3.711981500000000267e+01,3.529465789999999714e+01,4.366038660000000249e+01,2.465504260000000158e+01,7.228430000000000355e+00
3.838472339999999816e-01,3.819959860000000162e+01,3.728364950000000277e+01,3.534631089999999887e+01,4.461573409999999740e+01,2.488306599999999946e+01,7.184668270000000412e+00
4.017541729999999922e-01,3.844277439999999757e+01,3.745019709999999691e+01,3.539746050000000110e+01,4.554286830000000208e+01,2.506818519999999850e+01,7.125174839999999676e+00
4.204964909999999723e-01,3.869370479999999901e+01,3.761894269999999807e+01,3.544790830000000170e+01,4.643890259999999870e+01,2.520880760000000009e+01,7.050359900000000124e+00
4.401131620000000022e-01,3.895211290000000304e+01,3.778934600000000188e+01,3.549746700000000033e+01,4.730108030000000241e+01,2.530366589999999860e+01,6.960768200000000405e+00
4.606449739999999848e-01,3.921769419999999684e+01,3.796084700000000112e+01,3.554596279999999808e+01,4.812678910000000343e+01,2.535183930000000174e+01,6.857065379999999877e+00
4.821346189999999865e-01,3.949011899999999997e+01,3.813287280000000123e+01,3.559323739999999958e+01,4.891357260000000196e+01,2.535276749999999879e+01,6.740022510000000189e+00
5.046267829999999677e-01,3.976903620000000217e+01,3.830484409999999684e+01,3.563915010000000194e+01,4.965913830000000218e+01,2.530625960000000063e+01,6.610498330000000422e+00
5.281682340000000142e-01,4.005407590000000084e+01,3.847618239999999901e+01,3.568357850000000298e+01,5.036136259999999965e+01,2.521249710000000022e+01,6.469420490000000079e+00
5.528079209999999799e-01,4.034485229999999945e+01,3.864631649999999752e+01,3.572641990000000334e+01,5.101829310000000106e+01,2.507202940000000169e+01,6.317767220000000350e+00
5.785970799999999858e-01,4.064096680000000106e+01,3.881468960000000124e+01,3.576759090000000185e+01,5.162814809999999710e+01,2.488576400000000177e+01,6.156547790000000298e+00
6.055893340000000347e-01,4.094201040000000091e+01,3.898076530000000162e+01,3.580702740000000261e+01,5.218931380000000075e+01,2.465495119999999929e+01,5.986784880000000086e+00
6.338408100000000323e-01,4.124756599999999906e+01,3.914403370000000137e+01,3.584468400000000088e+01,5.270034019999999941e+01,2.438116159999999866e+01,5.809497939999999971e+00
6.634102509999999508e-01,4.155721040000000244e+01,3.930401700000000176e+01,3.588053310000000096e+01,5.315993519999999961e+01,2.406626059999999967e+01,5.625687779999999805e+00
6.943591430000000120e-01,4.187051619999999730e+01,3.946027420000000063e+01,3.591456370000000220e+01,5.356695760000000206e+01,2.371237719999999882e+01,5.436323299999999747e+00
7.267518379999999834e-01,4.218705289999999763e+01,3.961240500000000253e+01,3.594677980000000161e+01,5.392040980000000161e+01,2.332186910000000069e+01,5.242330489999999621e+00
7.606556909999999672e-01,4.250638829999999757e+01,3.976005310000000037e+01,3.597719899999999882e+01,5.421943009999999674e+01,2.289728639999999871e+01,5.044582580000000149e+00
7.961411999999999933e-01,4.282808920000000086e+01,3.990290840000000117e+01,3.600585089999999866e+01,5.446328559999999896e+01,2.244133190000000155e+01,4.843893369999999976e+00
8.332821510000000265e-01,4.315172210000000064e+01,4.004070879999999732e+01,3.603277500000000089e+01,5.465136480000000319e+01,2.195682100000000148e+01,4.641011409999999948e+00
8.721557720000000513e-01,4.347685359999999832e+01,4.017324039999999741e+01,3.605801979999999674e+01,5.478317150000000169e+01,2.144664179999999831e+01,4.436617420000000145e+00
9.128428950000000430e-01,4.380305030000000244e+01,4.030033759999999887e+01,3.608164070000000123e+01,5.485831960000000151e+01,2.091371639999999843e+01,4.231321229999999822e+00
9.554281209999999636e-01,4.412987929999999892e+01,4.042188159999999897e+01,3.610369850000000014e+01,5.487652880000000266e+01,2.036096270000000175e+01,4.025662200000000190e+00
1.000000000000000000e+00,4.445690760000000097e+01,4.053779939999999726e+01,3.612425819999999987e+01,5.483762180000000086e+01,1.979125979999999885e+01,3.820109640000000084e+00
1.046651210000000054e+00,4.478370240000000280e+01,4.064806060000000087e+01,3.614338769999999812e+01,5.474152260000000325e+01,1.920741650000000078e+01,3.615064369999999805e+00
1.095478759999999996e+00,4.510983070000000339e+01,4.075267500000000354e+01,3.616115680000000054e+01,5.458825670000000230e+01,1.861214179999999985e+01,3.410861779999999843e+00
1.146584169999999903e+00,4.543485909999999706e+01,4.085168910000000153e+01,3.617763579999999735e+01,5.437795200000000051e+01,1.800802189999999925e+01,3.207774179999999919e+00
1.200073710000000071e+00,4.575835399999999709e+01,4.094518260000000254e+01,3.619289520000000238e+01,5.411084170000000171e+01,1.739749839999999992e+01,3.006014819999999865e+00
1.256058600000000025e+00,4.607988139999999788e+01,4.103326440000000019e+01,3.620700440000000242e+01,5.378726809999999858e+01,1.678285299999999935e+01,2.805741409999999991e+00
1.314655249999999942e+00,4.639900709999999862e+01,4.111606900000000309e+01,3.622003169999999983e+01,5.340768740000000037e+01,1.616619499999999832e+01,2.607060119999999870e+00
1.375985510000000023e+00,4.671529720000000196e+01,4.119375209999999754e+01,3.623204330000000084e+01,5.297267639999999744e+01,1.554945249999999923e+01,2.410029709999999881e+00
1.440176899999999982e+00,4.702831869999999981e+01,4.126648740000000259e+01,3.624310309999999902e+01,5.248293799999999720e+01,1.493436879999999967e+01,2.214664959999999905e+00
1.507362899999999950e+00,4.733764010000000155e+01,4.133446229999999844e+01,3.625327250000000134e+01,5.193930950000000024e+01,1.432249969999999983e+01,2.020940790000000042e+00
1.577683200000000063e+00,4.764283280000000076e+01,4.139787520000000143e+01,3.626261000000000223e+01,5.134276909999999816e+01,1.371521560000000051e+01,1.828795759999999992e+00
1.651284039999999953e+00,4.794347239999999744e+01,4.145693140000000199e+01,3.627117119999999773e+01,5.069444320000000204e+01,1.311370550000000001e+01,1.638135429999999948e+00
1.728318440000000011e+00,4.823914059999999893e+01,4.151184130000000039e+01,3.627900850000000332e+01,4.999561289999999758e+01,1.251898249999999990e+01,1.448835550000000083e+00
1.808946579999999971e+00,4.852942689999999715e+01,4.156281669999999906e+01,3.628617119999999829e+01,4.924771929999999998e+01,1.193189180000000071e+01,1.260744850000000028e+00
1.893336130000000006e+00,4.881393119999999897e+01,4.161006950000000160e+01,3.629270540000000267e+01,4.845236750000000114e+01,1.135311920000000008e+01,1.073687620000000065e+00
1.981662550000000023e+00,4.909226610000000335e+01,4.165380880000000019e+01,3.629865410000000026e+01,4.761132920000000013e+01,1.078320090000000064e+01,8.874662380000000184e-01
2.074109509999999990e+00,4.936406000000000205e+01,4.169424020000000297e+01,3.630405729999999664e+01,4.672654150000000328e+01,1.022253380000000078e+01,7.018632439999999972e-01
2.170869230000000094e+00,4.962895979999999696e+01,4.173156339999999886e+01,3.630895189999999673e+01,4.580010570000000314e+01,9.671385830000000183e+00,5.166429980000000199e-01
2.272142909999999905e+00,4.988663389999999964e+01,4.176597199999999788e+01,3.631337179999999876e+01,4.483428049999999843e+01,9.129907010000000156e+00,3.315535969999999777e-01
2.378141129999999936e+00,5.013677539999999766e+01,4.179765199999999936e+01,3.631734800000000263e+01,4.383147420000000238e+01,8.598139209999999366e+00,1.463279620000000059e-01
2.489084290000000088e+00,5.037910509999999675e+01,4.182678119999999922e+01,3.632090879999999800e+01,4.279423220000000327e+01,8.076026730000000597e+00,-3.931475029999999954e-02
2.605203089999999833e+00,5.061337410000000148e+01,4.185352890000000059e+01,3.632407990000000098e+01,4.172522229999999865e+01,7.563425650000000111e+00,-2.256681680000000023e-01
2.726738969999999984e+00,5.083936669999999935e+01,4.187805540000000093e+01,3.632688430000000324e+01,4.062721640000000178e+01,7.060112959999999660e+00,-4.130379770000000006e-01
2.853944639999999922e+00,5.105690229999999730e+01,4.190051199999999909e+01,3.632934240000000159e+01,3.950306900000000354e+01,6.565795139999999641e+00,-6.017413139999999716e-01
2.987084610000000140e+00,5.126583750000000350e+01,4.192104059999999777e+01,3.633147240000000266e+01,3.835569379999999740e+01,6.080115949999999714e+00,-7.921060389999999840e-01
3.126435729999999857e+00,5.146606729999999885e+01,4.193977389999999872e+01,3.633328999999999809e+01,3.718803859999999872e+01,5.602663549999999937e+00,-9.844706579999999985e-01
3.272287739999999889e+00,5.165752599999999717e+01,4.195683590000000152e+01,3.633480879999999758e+01,3.600305649999999957e+01,5.132977239999999775e+00,-1.179183829999999933e+00
3.424943920000000031e+00,5.184018710000000141e+01,4.197234129999999652e+01,3.633603999999999701e+01,3.480367999999999995e+01,4.670553039999999712e+00,-1.376604359999999971e+00
3.584721710000000172e+00,5.201406320000000250e+01,4.198639610000000033e+01,3.633699270000000325e+01,3.359279080000000306e+01,4.214849199999999740e+00,-1.577101209999999920e+00
3.751953310000000208e+00,5.217920480000000083e+01,4.199909819999999883e+01,3.633767399999999981e+01,3.237319380000000280e+01,3.765290699999999990e+00,-1.781053400000000009e+00
3.926986480000000057e+00,5.233569860000000062e+01,4.201053689999999818e+01,3.633808880000000130e+01,3.114758979999999866e+01,3.321273380000000053e+00,-1.988850290000000021e+00
4.110185150000000398e+00,5.248366579999999715e+01,4.202079379999999986e+01,3.633823989999999782e+01,2.991855169999999831e+01,2.882167509999999933e+00,-2.200891669999999856e+00
4.301930269999999723e+00,5.262325890000000328e+01,4.202994280000000060e+01,3.633812819999999988e+01,2.868850129999999865e+01,2.447320790000000024e+00,-2.417588139999999886e+00
4.502620519999999793e+00,5.275465930000000014e+01,4.203805059999999827e+01,3.633775239999999940e+01,2.745969110000000057e+01,2.016061140000000140e+00,-2.639361309999999960e+00
4.712673220000000107e+00,5.287807339999999812e+01,4.204517659999999779e+01,3.633710920000000044e+01,2.623418729999999854e+01,1.587698620000000060e+00,-2.866644239999999844e+00
4.932525130000000146e+00,5.299372960000000177e+01,4.205137340000000279e+01,3.633619300000000152e+01,2.501385760000000147e+01,1.161527610000000044e+00,-3.099881789999999970e+00
5.162633399999999817e+00,5.310187429999999864e+01,4.205668730000000011e+01,3.633499619999999908e+01,2.380036120000000111e+01,7.368281159999999774e-01,-3.339531079999999985e+00
5.403476500000000016e+00,5.320276830000000245e+01,4.206115779999999660e+01,3.633350889999999822e+01,2.259514330000000015e+01,3.128670000000000062e-01,-3.586061889999999863e+00
5.655555230000000044e+00,5.329668310000000275e+01,4.206481850000000122e+01,3.633171889999999848e+01,2.139943159999999978e+01,-1.111009540000000018e-01,-3.839957200000000181e+00
5.919393720000000414e+00,5.338389740000000216e+01,4.206769700000000256e+01,3.632961159999999978e+01,2.021423689999999951e+01,-5.358323529999999835e-01,-4.101713550000000374e+00
6.195540610000000115e+00,5.346469359999999682e+01,4.206981489999999724e+01,3.632716980000000007e+01,1.904035629999999912e+01,-9.620946620000000449e-01,-4.371841619999999651e+00
6.484570080000000125e+00,5.353935469999999697e+01,4.207118799999999936e+01,3.632437370000000243e+01,1.787837790000000027e+01,-1.390665779999999963e+00,-4.650866579999999750e+00
6.787083130000000075e+00,5.360816129999999902e+01,4.207182660000000141e+01,3.632120069999999856e+01,1.672868809999999939e+01,-1.822333750000000085e+00,-4.939328620000000392e+00
7.103708769999999895e+00,5.367138889999999662e+01,4.207173519999999911e+01,3.631762510000000077e+01,1.559148129999999988e+01,-2.257896699999999868e+00,-5.237783270000000435e+00
7.435105390000000369e+00,5.372930569999999761e+01,4.207091259999999977e+01,3.631361820000000051e+01,1.446676940000000045e+01,-2.698162640000000057e+00,-5.546801819999999772e+00
7.781962059999999681e+00,5.378217029999999710e+01,4.206935229999999848e+01,3.630914779999999809e+01,1.335439320000000052e+01,-3.143949489999999791e+00,-5.866971649999999983e+00
8.145000010000000401e+00,5.383022979999999791e+01,4.206704160000000314e+01,3.630417829999999668e+01,1.225403440000000010e+01,-3.596085050000000116e+00,-6.198896399999999751e+00
8.524974119999999544e+00,5.387371850000000251e+01,4.206396250000000236e+01,3.629867000000000132e+01,1.116522780000000026e+01,-4.055407009999999701e+00,-6.543196199999999685e+00
8.922674490000000347e+00,5.391285640000000257e+01,4.206009070000000349e+01,3.629257909999999754e+01,1.008737329999999943e+01,-4.522762809999999689e+00,-6.900507690000000416e+00
9.338928049999999814e+00,5.394784820000000281e+01,4.205539619999999701e+01,3.628585770000000110e+01,9.019748870000000807e+00,-4.999009629999999760e+00,-7.271484049999999755e+00
9.774600360000000876e+00,5.397888240000000337e+01,4.204984230000000167e+01,3.627845270000000255e+01,7.961521620000000077e+00,-5.485014119999999771e+00,-7.656794739999999599e+00
1.023059729999999945e+01,5.400613069999999993e+01,4.204338620000000049e+01,3.627030630000000144e+01,6.911760400000000359e+00,-5.981652079999999927e+00,-8.057125160000000008e+00
1.070786700000000025e+01,5.402974700000000041e+01,4.203597820000000240e+01,3.626135500000000178e+01,5.869446639999999604e+00,-6.489808039999999778e+00,-8.473176199999999270e+00
1.120740200000000009e+01,5.404986770000000007e+01,4.202756169999999969e+01,3.625152959999999780e+01,4.833485210000000087e+00,-7.010374529999999993e+00,-8.905663430000000602e+00
1.173024090000000008e+01,5.406661069999999825e+01,4.201807260000000355e+01,3.624075460000000248e+01,3.802714889999999848e+00,-7.544251280000000115e+00,-9.355316130000000285e+00
1.227747079999999968e+01,5.408007549999999952e+01,4.200743940000000265e+01,3.622894759999999792e+01,2.775918149999999862e+00,-8.092344060000000283e+00,-9.822876020000000707e+00
1.285022969999999987e+01,5.409034319999999951e+01,4.199558220000000119e+01,3.621601950000000159e+01,1.751830709999999902e+00,-8.655563250000000153e+00,-1.030909590000000087e+01
1.344970849999999984e+01,5.409747600000000034e+01,4.198241279999999875e+01,3.620187320000000142e+01,7.291504420000000097e-01,-9.234822129999999518e+00,-1.081473740000000028e+01
1.407715370000000021e+01,5.410151729999999759e+01,4.196783409999999748e+01,3.618640349999999728e+01,-2.934537389999999912e-01,-9.831034680000000137e+00,-1.134056889999999918e+01
1.473386990000000019e+01,5.410249160000000046e+01,4.195173979999999858e+01,3.616949670000000339e+01,-1.317333480000000057e+00,-1.044511310000000037e+01,-1.188736300000000057e+01
1.542122280000000067e+01,5.410040459999999740e+01,4.193401370000000128e+01,3.615102989999999750e+01,-2.343852749999999929e+00,-1.107796480000000017e+01,-1.245589290000000027e+01
1.614064150000000097e+01,5.409524309999999758e+01,4.191452929999999810e+01,3.613087060000000150e+01,-3.374379489999999926e+00,-1.173048870000000043e+01,-1.304692900000000044e+01
1.689362200000000058e+01,5.408697490000000130e+01,4.189314949999999982e+01,3.610887610000000336e+01,-4.410277459999999650e+00,-1.240357140000000058e+01,-1.366123450000000084e+01
1.768172990000000055e+01,5.407554890000000114e+01,4.186972610000000117e+01,3.608489300000000100e+01,-5.452897939999999721e+00,-1.309808229999999973e+01,-1.429956070000000068e+01
1.850660399999999939e+01,5.406089519999999737e+01,4.184409920000000227e+01,3.605875689999999878e+01,-6.503571230000000369e+00,-1.381486839999999994e+01,-1.496264129999999959e+01
1.936995950000000022e+01,5.404292509999999794e+01,4.181609730000000269e+01,3.603029180000000053e+01,-7.563597979999999943e+00,-1.455474809999999941e+01,-1.565118619999999972e+01
2.027359159999999960e+01,5.402153119999999831e+01,4.178553610000000162e+01,3.599930990000000008e+01,-8.634240000000000137e+00,-1.531850460000000069e+01,-1.636587490000000145e+01
2.121937919999999878e+01,5.399658740000000279e+01,4.175221919999999898e+01,3.596561090000000149e+01,-9.716710870000000000e+00,-1.610687839999999937e+01,-1.710734839999999934e+01
2.220928890000000067e+01,5.396794959999999719e+01,4.171593719999999905e+01,3.592898249999999649e+01,-1.081216620000000006e+01,-1.692055919999999958e+01,-1.787620130000000174e+01
2.324537910000000096e+01,5.393545550000000333e+01,4.167646820000000218e+01,3.588919959999999776e+01,-1.192169290000000004e+01,-1.776017660000000120e+01,-1.867297239999999903e+01
2.432980420000000166e+01,5.389892509999999959e+01,4.163357719999999773e+01,3.584602459999999979e+01,-1.304629910000000059e+01,-1.862629099999999838e+01,-1.949813470000000137e+01
2.546481899999999854e+01,5.385816169999999659e+01,4.158701669999999950e+01,3.579920779999999780e+01,-1.418690209999999929e+01,-1.951938279999999892e+01,-2.035208580000000111e+01
2.665278370000000052e+01,5.381295200000000278e+01,4.153652730000000304e+01,3.574848719999999958e+01,-1.534431750000000072e+01,-2.043984190000000112e+01,-2.123513579999999834e+01
2.789616829999999936e+01,5.376306749999999823e+01,4.148183759999999864e+01,3.569358969999999687e+01,-1.651924680000000123e+01,-2.138795610000000025e+01,-2.214749670000000137e+01
2.919755830000000074e+01,5.370826530000000076e+01,4.142266579999999720e+01,3.563423130000000327e+01,-1.771226559999999850e+01,-2.236389979999999866e+01,-2.308927010000000024e+01
3.055965979999999860e+01,5.364828949999999708e+01,4.135871989999999698e+01,3.557011870000000187e+01,-1.892381140000000173e+01,-2.336772180000000176e+01,-2.406043539999999936e+01
3.198530489999999915e+01,5.358287279999999697e+01,4.128969990000000223e+01,3.550095009999999718e+01,-2.015417190000000147e+01,-2.439933380000000085e+01,-2.506083800000000039e+01
3.347745809999999977e+01,5.351173849999999987e+01,4.121529859999999701e+01,3.542641689999999954e+01,-2.140347339999999932e+01,-2.545849910000000094e+01,-2.609017800000000165e+01
3.503922210000000348e+01,5.343460220000000049e+01,4.113520400000000166e+01,3.534620590000000107e+01,-2.267167029999999883e+01,-2.654482180000000113e+01,-2.714799909999999983e+01
3.667384419999999778e+01,5.335117470000000139e+01,4.104910129999999668e+01,3.526000100000000259e+01,-2.395853530000000120e+01,-2.765773700000000090e+01,-2.823367860000000107e+01
3.838472339999999861e+01,5.326116439999999841e+01,4.095667559999999696e+01,3.516748630000000020e+01,-2.526365120000000175e+01,-2.879650260000000017e+01,-2.934641949999999966e+01
4.017541729999999944e+01,5.316428009999999915e+01,4.085761409999999927e+01,3.506834779999999796e+01,-2.658640480000000039e+01,-2.996019250000000156e+01,-3.048524300000000054e+01
4.204964910000000344e+01,5.306023460000000114e+01,4.075160970000000304e+01,3.496227770000000135e+01,-2.792598190000000002e+01,-3.114769199999999927e+01,-3.164898390000000106e+01
4.401131620000000311e+01,5.294874769999999842e+01,4.063836419999999805e+01,3.484897660000000030e+01,-2.928136590000000083e+01,-3.235769559999999956e+01,-3.283628900000000073e+01
4.606449740000000048e+01,5.282954990000000350e+01,4.051759080000000068e+01,3.472815719999999828e+01,-3.065133850000000137e+01,-3.358870710000000059e+01,-3.404561640000000011e+01
4.821346189999999865e+01,5.270238590000000301e+01,4.038901899999999756e+01,3.459954789999999747e+01,-3.203448439999999664e+01,-3.483904470000000231e+01,-3.527523999999999660e+01
5.046267830000000032e+01,5.256701830000000086e+01,4.025239669999999848e+01,3.446289600000000064e+01,-3.342919770000000312e+01,-3.610684599999999733e+01,-3.652325590000000233e+01
5.281682339999999698e+01,5.242323090000000008e+01,4.010749450000000138e+01,3.431797139999999757e+01,-3.483369299999999669e+01,-3.739007959999999997e+01,-3.778759279999999876e+01
5.528079209999999932e+01,5.227083230000000214e+01,3.995410869999999903e+01,3.416456960000000009e+01,-3.624601979999999912e+01,-3.868655840000000268e+01,-3.906602519999999856e+01
5.785970799999999770e+01,5.210965910000000179e+01,3.979206409999999750e+01,3.400251509999999655e+01,-3.766407949999999971e+01,-3.999395690000000059e+01,-4.035619080000000025e+01
6.055893340000000080e+01,5.193957819999999970e+01,3.962121719999999669e+01,3.383166349999999767e+01,-3.908564630000000051e+01,-4.130983069999999913e+01,-4.165561019999999814e+01
6.338408100000000189e+01,5.176048959999999965e+01,3.944145790000000318e+01,3.365190419999999705e+01,-4.050838999999999857e+01,-4.263163959999999975e+01,-4.296170939999999661e+01
6.634102509999999597e+01,5.157232789999999767e+01,3.925271190000000132e+01,3.346316230000000047e+01,-4.192990149999999971e+01,-4.395677260000000075e+01,-4.427184559999999891e+01
6.943591429999999320e+01,5.137506400000000184e+01,3.905494110000000063e+01,3.326539929999999856e+01,-4.334772009999999653e+01,-4.528257450000000262e+01,-4.558333259999999854e+01
7.267518379999999922e+01,5.116870519999999800e+01,3.884814519999999760e+01,3.305861440000000329e+01,-4.475936209999999704e+01,-4.660637470000000349e+01,-4.689346960000000308e+01
7.606556910000000471e+01,5.095329579999999936e+01,3.863236100000000306e+01,3.284284379999999715e+01,-4.616234790000000032e+01,-4.792551379999999739e+01,-4.819956870000000038e+01
7.961411999999999978e+01,5.072891609999999929e+01,3.840766210000000314e+01,3.261816069999999712e+01,-4.755423150000000021e+01,-4.923737210000000175e+01,-4.949898309999999668e+01
8.332821509999999421e+01,5.049568140000000227e+01,3.817415749999999974e+01,3.238467380000000162e+01,-4.893262649999999780e+01,-5.053939689999999985e+01,-5.078913399999999712e+01
8.721557719999999847e+01,5.025374039999999809e+01,3.793199030000000249e+01,3.214252559999999903e+01,-5.029523249999999734e+01,-5.182912679999999739e+01,-5.206753390000000081e+01
9.128428949999999986e+01,5.000327289999999891e+01,3.768133470000000074e+01,3.189189030000000002e+01,-5.163985670000000283e+01,-5.310421490000000233e+01,-5.333181259999999924e+01
9.554281210000000613e+01,4.974448689999999829e+01,3.742239419999999939e+01,3.163297079999999895e+01,-5.296443639999999675e+01,-5.436244959999999793e+01,-5.457973460000000188e+01
1.000000000000000000e+02,4.947761609999999877e+01,3.715539789999999698e+01,3.136599610000000027e+01,-5.426705400000000168e+01,-5.560177039999999948e+01,-5.580921740000000142e+01
1.046651209999999992e+02,4.920291610000000304e+01,3.688059779999999677e+01,3.109121779999999902e+01,-5.554595230000000328e+01,-5.682028300000000343e+01,-5.701834439999999660e+01
1.095478760000000023e+02,4.892066160000000252e+01,3.659826480000000259e+01,3.080890660000000025e+01,-5.679954450000000321e+01,-5.801626890000000003e+01,-5.820537709999999976e+01
1.146584170000000000e+02,4.863114250000000283e+01,3.630868569999999806e+01,3.051934920000000062e+01,-5.802642199999999661e+01,-5.918819280000000305e+01,-5.936876039999999932e+01
1.200073710000000062e+02,4.833466070000000059e+01,3.601215969999999800e+01,3.022284450000000078e+01,-5.922535709999999654e+01,-6.033470570000000066e+01,-6.050712620000000186e+01
1.256058600000000069e+02,4.803152670000000057e+01,3.570899459999999692e+01,2.991970020000000119e+01,-6.039530489999999929e+01,-6.145464669999999785e+01,-6.161929560000000095e+01
1.314655250000000137e+02,4.772205629999999843e+01,3.539950410000000147e+01,2.961023009999999900e+01,-6.153540079999999790e+01,-6.254703969999999913e+01,-6.270427500000000265e+01
1.375985509999999863e+02,4.740656779999999770e+01,3.508400470000000126e+01,2.929475030000000046e+01,-6.264495579999999819e+01,-6.361108930000000328e+01,-6.376125309999999757e+01
1.440176899999999875e+02,4.708537919999999843e+01,3.476281259999999662e+01,2.897357709999999997e+01,-6.372345090000000312e+01,-6.464617490000000544e+01,-6.478959240000000364e+01
1.507362899999999968e+02,4.675880579999999753e+01,3.443624169999999651e+01,2.864702430000000177e+01,-6.477052729999999769e+01,-6.565184039999999754e+01,-6.578882240000000081e+01
1.577683199999999886e+02,4.642715789999999743e+01,3.410460100000000239e+01,2.831540079999999904e+01,-6.578597800000000007e+01,-6.662778649999999914e+01,-6.675862879999999677e+01
1.651284039999999891e+02,4.609073889999999807e+01,3.376819290000000251e+01,2.797900909999999897e+01,-6.676973700000000633e+01,-6.757385800000000131e+01,-6.769884290000000249e+01
1.728318439999999896e+02,4.574984409999999713e+01,3.342731179999999824e+01,2.763814350000000175e+01,-6.772186759999999595e+01,-6.849003419999999664e+01,-6.860943109999999479e+01
1.808946579999999926e+02,4.540475880000000330e+01,3.308224229999999721e+01,2.729308869999999843e+01,-6.864255060000000697e+01,-6.937641499999999439e+01,-6.949048120000000495e+01
1.893336130000000139e+02,4.505575790000000325e+01,3.273325859999999921e+01,2.694411870000000064e+01,-6.953207340000000158e+01,-7.023321149999999591e+01,-7.034219149999999843e+01
1.981662550000000067e+02,4.470310460000000319e+01,3.238062339999999750e+01,2.659149659999999926e+01,-7.039081710000000669e+01,-7.106073189999999329e+01,-7.116485930000000337e+01
2.074109510000000114e+02,4.434705040000000054e+01,3.202458779999999905e+01,2.623547320000000127e+01,-7.121924610000000655e+01,-7.185937169999999696e+01,-7.195886969999999394e+01
2.170869230000000130e+02,4.398783410000000060e+01,3.166539039999999972e+01,2.587628700000000137e+01,-7.201789800000000241e+01,-7.262960180000000321e+01,-7.272468200000000138e+01
2.272142910000000029e+02,4.362568230000000113e+01,3.130325720000000089e+01,2.551416449999999969e+01,-7.278737080000000503e+01,-7.337195749999999350e+01,-7.346282300000000021e+01
2.378141129999999919e+02,4.326080869999999834e+01,3.093840199999999996e+01,2.514931909999999959e+01,-7.352831580000000145e+01,-7.408702999999999861e+01,-7.417387399999999786e+01
2.489084290000000124e+02,4.289341490000000334e+01,3.057102610000000098e+01,2.478195230000000038e+01,-7.424142679999999928e+01,-7.477545619999999360e+01,-7.485846370000000150e+01
2.605203089999999975e+02,4.252369010000000316e+01,3.020131849999999929e+01,2.441225319999999854e+01,-7.492743310000000179e+01,-7.543791149999999845e+01,-7.551725790000000416e+01
2.726738970000000108e+02,4.215181160000000204e+01,2.982945649999999915e+01,2.404039909999999836e+01,-7.558709120000000325e+01,-7.607510000000000616e+01,-7.615095390000000464e+01
2.853944640000000277e+02,4.177794519999999778e+01,2.945560599999999951e+01,2.366655589999999876e+01,-7.622117810000000304e+01,-7.668775030000000470e+01,-7.676027240000000518e+01
2.987084609999999998e+02,4.140224580000000287e+01,2.907992150000000109e+01,2.329087820000000164e+01,-7.683048479999999358e+01,-7.727660720000000083e+01,-7.734595070000000305e+01
3.126435730000000035e+02,4.102485740000000192e+01,2.870254729999999910e+01,2.291351020000000105e+01,-7.741581250000000125e+01,-7.784242700000000070e+01,-7.790873799999999960e+01
3.272287739999999872e+02,4.064591409999999883e+01,2.832361729999999866e+01,2.253458589999999973e+01,-7.797796580000000688e+01,-7.838597199999999532e+01,-7.844939030000000457e+01
3.424943920000000048e+02,4.026554019999999667e+01,2.794325590000000048e+01,2.215422990000000070e+01,-7.851774960000000192e+01,-7.890800670000000139e+01,-7.896866609999999298e+01
3.584721710000000030e+02,3.988385110000000111e+01,2.756157849999999954e+01,2.177255740000000017e+01,-7.903596520000000680e+01,-7.940929490000000612e+01,-7.946732289999999921e+01
3.751953310000000101e+02,3.950095350000000138e+01,2.717869190000000046e+01,2.138967530000000039e+01,-7.953340699999999686e+01,-7.989059419999999534e+01,-7.994611279999999454e+01
3.926986479999999915e+02,3.911694630000000217e+01,2.679469489999999965e+01,2.100568240000000131e+01,-8.001086039999999855e+01,-8.035265540000000328e+01,-8.040578109999999867e+01
4.110185149999999794e+02,3.873192050000000108e+01,2.640967870000000062e+01,2.062067000000000050e+01,-8.046909890000000587e+01,-8.079621899999999357e+01,-8.084706359999999847e+01
4.301930269999999723e+02,3.834596049999999678e+01,2.602372749999999968e+01,2.023472220000000021e+01,-8.090888270000000659e+01,-8.122201409999999555e+01,-8.127068409999999687e+01
4.502620519999999829e+02,3.795914369999999849e+01,2.563691890000000129e+01,1.984791690000000131e+01,-8.133095679999999561e+01,-8.163075589999999693e+01,-8.167735299999999654e+01
4.712673219999999787e+02,3.757154169999999738e+01,2.524932450000000017e+01,1.946032539999999855e+01,-8.173605030000000227e+01,-8.202314509999999359e+01,-8.206776720000000580e+01
4.932525130000000217e+02,3.718322030000000211e+01,2.486101010000000144e+01,1.907201369999999940e+01,-8.212487529999999936e+01,-8.239986629999999934e+01,-8.244260669999999891e+01
5.162633399999999710e+02,3.679423990000000089e+01,2.447203629999999919e+01,1.868304240000000149e+01,-8.249812550000000044e+01,-8.276158850000000200e+01,-8.280253650000000221e+01
5.403476500000000442e+02,3.640465640000000036e+01,2.408245870000000011e+01,1.829346710000000087e+01,-8.285647710000000643e+01,-8.310896270000000641e+01,-8.314820419999999501e+01
5.655555229999999938e+02,3.601452069999999850e+01,2.369232859999999974e+01,1.790333910000000017e+01,-8.320058720000000108e+01,-8.344262319999999988e+01,-8.348023999999999489e+01
5.919393720000000485e+02,3.562387989999999860e+01,2.330169289999999904e+01,1.751270530000000036e+01,-8.353109460000000297e+01,-8.376318659999999738e+01,-8.379925710000000549e+01
6.195540610000000470e+02,3.523277709999999985e+01,2.291059489999999954e+01,1.712160899999999941e+01,-8.384861879999999701e+01,-8.407125159999999653e+01,-8.410585140000000592e+01
6.484570079999999734e+02,3.484125180000000199e+01,2.251907399999999981e+01,1.673008970000000062e+01,-8.415376129999999932e+01,-8.436739959999999883e+01,-8.440060090000000059e+01
6.787083129999999755e+02,3.444934039999999698e+01,2.212716659999999891e+01,1.633818379999999948e+01,-8.444710510000000170e+01,-8.465219460000000140e+01,-8.468406659999999420e+01
7.103708769999999504e+02,3.405707619999999736e+01,2.173490609999999990e+01,1.594592470000000084e+01,-8.472921490000000233e+01,-8.492618360000000166e+01,-8.495679280000000233e+01
7.435105389999999943e+02,3.366448969999999719e+01,2.134232310000000155e+01,1.555334290000000053e+01,-8.500063799999999503e+01,-8.518989650000000324e+01,-8.521930670000000418e+01
7.781962059999999610e+02,3.327160880000000276e+01,2.094944539999999833e+01,1.516046629999999951e+01,-8.526190400000000125e+01,-8.544384709999999927e+01,-8.547211959999999920e+01
8.145000009999999975e+02,3.287845930000000294e+01,2.055629890000000159e+01,1.476732089999999964e+01,-8.551352640000000349e+01,-8.568853330000000312e+01,-8.571572700000000111e+01
8.524974120000000539e+02,3.248506470000000235e+01,2.016290710000000175e+01,1.437392999999999965e+01,-8.575600199999999518e+01,-8.592443719999999985e+01,-8.595060909999999410e+01
8.922674490000000560e+02,3.209144659999999760e+01,1.976929150000000135e+01,1.398031540000000028e+01,-8.598981179999999824e+01,-8.615202650000000517e+01,-8.617723080000000380e+01
9.338928049999999530e+02,3.169762479999999982e+01,1.937547209999999964e+01,1.358649680000000082e+01,-8.621542209999999784e+01,-8.637175419999999804e+01,-8.639604350000000466e+01
9.774600359999999455e+02,3.130361740000000026e+01,1.898146690000000092e+01,1.319249240000000079e+01,-8.643328449999999918e+01,-8.658405960000000334e+01,-8.660748449999999821e+01
1.023059729999999945e+03,3.090944109999999867e+01,1.858729280000000017e+01,1.279831889999999994e+01,-8.664383669999999427e+01,-8.678936889999999948e+01,-8.681197810000000459e+01
1.070786700000000110e+03,3.051511119999999977e+01,1.819296479999999860e+01,1.240399159999999945e+01,-8.684750320000000556e+01,-8.698809550000000002e+01,-8.700993610000000444e+01
1.120740199999999959e+03,3.012064170000000018e+01,1.779849730000000108e+01,1.200952460000000066e+01,-8.704469589999999357e+01,-8.718064110000000255e+01,-8.720175860000000512e+01
1.173024089999999887e+03,2.972604559999999907e+01,1.740390299999999968e+01,1.161493079999999978e+01,-8.723581470000000593e+01,-8.736739579999999705e+01,-8.738783429999999441e+01
1.227747080000000096e+03,2.933133480000000048e+01,1.700919379999999848e+01,1.122022220000000026e+01,-8.742124839999999608e+01,-8.754873929999999405e+01,-8.756854130000000680e+01
1.285022969999999987e+03,2.893652009999999919e+01,1.661438090000000045e+01,1.082540979999999919e+01,-8.760137480000000210e+01,-8.772504100000000449e+01,-8.774424759999999424e+01
1.344970849999999928e+03,2.854161179999999831e+01,1.621947420000000051e+01,1.043050350000000037e+01,-8.777656190000000436e+01,-8.789666080000000647e+01,-8.791531200000000013e+01
1.407715369999999893e+03,2.814661919999999995e+01,1.582448310000000014e+01,1.003551290000000051e+01,-8.794716839999999536e+01,-8.806394989999999723e+01,-8.808208460000000173e+01
1.473386989999999969e+03,2.775155090000000158e+01,1.542941639999999914e+01,9.640446539999999231e+00,-8.811354400000000453e+01,-8.822725119999999777e+01,-8.824490720000000010e+01
1.542122280000000046e+03,2.735641499999999837e+01,1.503428199999999926e+01,9.245312520000000589e+00,-8.827603039999999623e+01,-8.838690019999999947e+01,-8.840411410000000103e+01
1.614064149999999927e+03,2.696121880000000104e+01,1.463908739999999931e+01,8.850118309999999155e+00,-8.843496210000000701e+01,-8.854322510000000079e+01,-8.856003280000000188e+01
1.689362200000000030e+03,2.656596950000000135e+01,1.424383959999999938e+01,8.454870919999999401e+00,-8.859066640000000348e+01,-8.869654800000000705e+01,-8.871298450000000457e+01
1.768172990000000027e+03,2.617067360000000065e+01,1.384854529999999961e+01,8.059576919999999589e+00,-8.874346459999999581e+01,-8.884718530000000669e+01,-8.886328480000000241e+01
1.850660399999999981e+03,2.577533719999999917e+01,1.345321050000000085e+01,7.664242469999999585e+00,-8.889367230000000575e+01,-8.899544799999999611e+01,-8.901124400000000492e+01
1.936995949999999993e+03,2.537996610000000075e+01,1.305784109999999920e+01,7.268873430000000191e+00,-8.904160020000000486e+01,-8.914164289999999369e+01,-8.915716829999999504e+01
2.027359159999999974e+03,2.498456600000000094e+01,1.266244269999999972e+01,6.873475339999999711e+00,-8.918755470000000685e+01,-8.928607259999999712e+01,-8.930135980000000018e+01
2.121937919999999849e+03,2.458914199999999894e+01,1.226702060000000039e+01,6.478053550000000271e+00,-8.933183830000000114e+01,-8.942903669999999750e+01,-8.944411759999999845e+01
2.220928890000000138e+03,2.419369939999999986e+01,1.187157979999999924e+01,6.082613170000000125e+00,-8.947475049999999896e+01,-8.957083199999999579e+01,-8.958573780000000397e+01
2.324537910000000011e+03,2.379824299999999937e+01,1.147612550000000020e+01,5.687159160000000213e+00,-8.961658819999999537e+01,-8.971175289999999336e+01,-8.972651480000000390e+01
2.432980419999999867e+03,2.340277779999999908e+01,1.108066239999999958e+01,5.291696380000000310e+00,-8.975764660000000106e+01,-8.985209279999999410e+01,-8.986674159999999745e+01
2.546481900000000223e+03,2.300730829999999827e+01,1.068519520000000078e+01,4.896229639999999605e+00,-8.989821919999999977e+01,-8.999214399999999614e+01,-9.000671020000000055e+01
2.665278369999999995e+03,2.261183949999999854e+01,1.028972890000000007e+01,4.500763659999999611e+00,-9.003859930000000134e+01,-9.013219850000000122e+01,-9.014671250000000668e+01
2.789616829999999936e+03,2.221637610000000151e+01,9.894268020000000163e+00,4.105303199999999819e+00,-9.017907979999999668e+01,-9.027254890000000387e+01,-9.028704089999999383e+01
2.919755830000000060e+03,2.182092270000000056e+01,9.498817479999999591e+00,3.709853069999999864e+00,-9.031995440000000031e+01,-9.041348840000000564e+01,-9.042798870000000022e+01
3.055965979999999945e+03,2.142548430000000081e+01,9.103382110000000083e+00,3.314418159999999780e+00,-9.046151799999999810e+01,-9.055531229999999709e+01,-9.056985129999999629e+01
3.198530490000000100e+03,2.103006579999999914e+01,8.707966940000000378e+00,2.919003459999999883e+00,-9.060406720000000291e+01,-9.069831790000000638e+01,-9.071292590000000189e+01
3.347745809999999892e+03,2.063467239999999947e+01,8.312577120000000264e+00,2.523614149999999778e+00,-9.074790129999999522e+01,-9.084280569999999955e+01,-9.085751319999999964e+01
3.503922210000000177e+03,2.023930939999999978e+01,7.917218029999999906e+00,2.128255600000000136e+00,-9.089332290000000114e+01,-9.098907959999999662e+01,-9.100391750000000002e+01
3.667384419999999864e+03,1.984398249999999919e+01,7.521895269999999911e+00,1.732933430000000108e+00,-9.104063829999999768e+01,-9.113744789999999796e+01,-9.115244730000000573e+01
3.838472339999999804e+03,1.944869740000000036e+01,7.126614789999999644e+00,1.337653580000000009e+00,-9.119015840000000139e+01,-9.128822409999999365e+01,-9.130341640000000325e+01
4.017541729999999916e+03,1.905346049999999991e+01,6.731382830000000261e+00,9.424222920000000503e-01,-9.134219969999999478e+01,-9.144172740000000488e+01,-9.145714449999999829e+01
4.204964909999999691e+03,1.865827829999999921e+01,6.336206060000000306e+00,5.472462399999999949e-01,-9.149708459999999377e+01,-9.159828360000000202e+01,-9.161395799999999667e+01
4.401131620000000112e+03,1.826315789999999950e+01,5.941091540000000393e+00,1.521325269999999896e-01,-9.165514249999999663e+01,-9.175822589999999934e+01,-9.177419050000000311e+01
4.606449740000000020e+03,1.786810690000000079e+01,5.546046910000000274e+00,-2.429112760000000093e-01,-9.181671040000000517e+01,-9.192189559999999915e+01,-9.193818419999999492e+01
4.821346190000000206e+03,1.747313330000000065e+01,5.151080300000000278e+00,-6.378769499999999981e-01,-9.198213400000000206e+01,-9.208964319999999759e+01,-9.210629020000000367e+01
5.046267829999999776e+03,1.707824600000000004e+01,4.756200510000000214e+00,-1.032755749999999972e+00,-9.215176839999999459e+01,-9.226182930000000226e+01,-9.227886979999999539e+01
5.281682340000000295e+03,1.668345430000000107e+01,4.361417020000000200e+00,-1.427538149999999950e+00,-9.232597930000000019e+01,-9.243882519999999658e+01,-9.245629549999999597e+01
5.528079209999999875e+03,1.628876839999999859e+01,3.966740080000000113e+00,-1.822213920000000043e+00,-9.250514350000000263e+01,-9.262101440000000707e+01,-9.263895159999999862e+01
5.785970800000000054e+03,1.589419939999999976e+01,3.572180770000000116e+00,-2.216771969999999925e+00,-9.268965049999999906e+01,-9.280879339999999900e+01,-9.282723570000000279e+01
6.055893339999999625e+03,1.549975919999999974e+01,3.177751139999999808e+00,-2.611200230000000122e+00,-9.287990340000000344e+01,-9.300257310000000643e+01,-9.302155989999999974e+01
6.338408099999999649e+03,1.510546079999999947e+01,2.783464190000000116e+00,-3.005485680000000048e+00,-9.307632010000000378e+01,-9.320277950000000544e+01,-9.322235150000000203e+01
6.634102509999999711e+03,1.471131830000000029e+01,2.389334120000000006e+00,-3.399614160000000052e+00,-9.327933459999999855e+01,-9.340985569999999427e+01,-9.343005510000000413e+01
6.943591430000000400e+03,1.431734699999999982e+01,1.995376279999999891e+00,-3.793570260000000083e+00,-9.348939819999999656e+01,-9.362426299999999912e+01,-9.364513329999999769e+01
7.267518380000000434e+03,1.392356350000000020e+01,1.601607400000000014e+00,-4.187337280000000383e+00,-9.370698129999999537e+01,-9.384648219999999696e+01,-9.386806869999999492e+01
7.606556910000000244e+03,1.352998599999999918e+01,1.208045620000000042e+00,-4.580897049999999915e+00,-9.393257490000000587e+01,-9.407701559999999574e+01,-9.409936530000000232e+01
7.961412000000000262e+03,1.313663400000000081e+01,8.147106880000000162e-01,-4.974229799999999813e+00,-9.416669210000000589e+01,-9.431638859999999625e+01,-9.433955050000000142e+01
8.332821509999999762e+03,1.274352900000000055e+01,4.216240419999999767e-01,-5.367314129999999572e+00,-9.440987040000000263e+01,-9.456515199999999766e+01,-9.458917700000000650e+01
8.721557720000000700e+03,1.235069419999999951e+01,2.880897920000000112e-02,-5.760126709999999761e+00,-9.466267320000000041e+01,-9.482388339999999971e+01,-9.484882450000000631e+01
9.128428949999999531e+03,1.195815480000000086e+01,-3.637092100000000050e-01,-6.152642229999999657e+00,-9.492569260000000497e+01,-9.509319019999999512e+01,-9.511910310000000379e+01
9.554281209999999191e+03,1.156593819999999972e+01,-7.559030469999999946e-01,-6.544833230000000057e+00,-9.519955149999999833e+01,-9.537371179999999526e+01,-9.540065439999999342e+01
1.000000000000000000e+04,1.117407419999999973e+01,-1.147742749999999923e+00,-6.936669939999999812e+00,-9.548490639999999985e+01,-9.566612250000000017e+01,-9.569415569999999605e+01
1.046651209999999992e+04,1.078259489999999943e+01,-1.539196049999999927e+00,-7.328120049999999885e+00,-9.578245040000000188e+01,-9.597113459999999918e+01,-9.600032199999999705e+01
1.095478759999999966e+04,1.039153549999999981e+01,-1.930227949999999915e+00,-7.719148599999999583e+00,-9.609291629999999884e+01,-9.628950140000000602e+01,-9.631991010000000131e+01
1.146584170000000086e+04,1.000093369999999915e+01,-2.320800629999999920e+00,-8.109717769999999604e+00,-9.641708049999999730e+01,-9.662202150000000245e+01,-9.665372189999999364e+01
1.200073710000000028e+04,9.610830449999999914e+00,-2.710873209999999922e+00,-8.499786719999999463e+00,-9.675576660000000118e+01,-9.696954289999999332e+01,-9.700260900000000674e+01
1.256058599999999933e+04,9.221269980000000643e+00,-3.100401580000000212e+00,-8.889311340000000783e+00,-9.710984999999999445e+01,-9.733296679999999412e+01,-9.736747680000000571e+01
1.314655249999999978e+04,8.832299980000000161e+00,-3.489338220000000046e+00,-9.278244150000000801e+00,-9.748026319999999600e+01,-9.771325380000000393e+01,-9.774929009999999607e+01
1.375985510000000068e+04,8.443971799999999917e+00,-3.877632010000000129e+00,-9.666534110000000624e+00,-9.786800019999999733e+01,-9.811142839999999410e+01,-9.814907829999999933e+01
1.440176900000000023e+04,8.056340580000000529e+00,-4.265228190000000197e+00,-1.005412650000000063e+01,-9.827412400000000048e+01,-9.852858670000000529e+01,-9.856794229999999857e+01
1.507362900000000081e+04,7.669465480000000390e+00,-4.652068009999999809e+00,-1.044096260000000065e+01,-9.869977210000000412e+01,-9.896590190000000575e+01,-9.900706110000000137e+01
1.577683200000000033e+04,7.283409729999999804e+00,-5.038088880000000103e+00,-1.082698010000000011e+01,-9.914616449999999759e+01,-9.942463320000000238e+01,-9.946769980000000544e+01
1.651284040000000095e+04,6.898240760000000193e+00,-5.423224199999999939e+00,-1.121211240000000053e+01,-9.961461239999999862e+01,-9.990613399999999444e+01,-9.995121840000000191e+01
1.728318439999999828e+04,6.514030149999999963e+00,-5.807403360000000347e+00,-1.159628909999999991e+01,-1.001065269999999998e+02,-1.004118619999999993e+02,-1.004590809999999976e+02
1.808946580000000176e+04,6.130853710000000234e+00,-6.190551939999999753e+00,-1.197943599999999975e+01,-1.006234309999999965e+02,-1.009433889999999963e+02,-1.009928689999999989e+02
1.893336130000000048e+04,5.748791190000000384e+00,-6.572591830000000357e+00,-1.236147539999999978e+01,-1.011669669999999996e+02,-1.015024140000000017e+02,-1.015542879999999997e+02
1.981662549999999828e+04,5.367926070000000216e+00,-6.953441709999999887e+00,-1.274232609999999966e+01,-1.017389160000000032e+02,-1.020907760000000053e+02,-1.021451870000000071e+02
2.074109509999999864e+04,4.988345100000000087e+00,-7.333017429999999948e+00,-1.312190469999999998e+01,-1.023412069999999972e+02,-1.027104709999999983e+02,-1.027675720000000013e+02
2.170869229999999880e+04,4.610137660000000359e+00,-7.711232940000000369e+00,-1.350012539999999994e+01,-1.029759339999999952e+02,-1.033636630000000025e+02,-1.034236180000000047e+02
2.272142910000000120e+04,4.233394839999999881e+00,-8.088001229999999708e+00,-1.387690210000000057e+01,-1.036453740000000039e+02,-1.040527079999999955e+02,-1.041156919999999957e+02
2.378141129999999976e+04,3.858208219999999855e+00,-8.463235830000000348e+00,-1.425214910000000046e+01,-1.043520089999999954e+02,-1.047801719999999932e+02,-1.048463739999999973e+02
2.489084289999999964e+04,3.484668239999999972e+00,-8.836852520000000766e+00,-1.462578309999999959e+01,-1.050985430000000065e+02,-1.055488500000000016e+02,-1.056184740000000062e+02
2.605203090000000157e+04,3.112862020000000118e+00,-9.208771889999999516e+00,-1.499772609999999951e+01,-1.058879249999999956e+02,-1.063617940000000033e+02,-1.064350579999999979e+02
2.726738969999999972e+04,2.742870669999999844e+00,-9.578922280000000455e+00,-1.536790790000000051e+01,-1.067233810000000034e+02,-1.072223379999999935e+02,-1.072994750000000010e+02
2.853944640000000072e+04,2.374765689999999818e+00,-9.947243690000000527e+00,-1.573627040000000044e+01,-1.076084309999999959e+02,-1.081341189999999983e+02,-1.082153849999999977e+02
2.987084609999999884e+04,2.008604669999999981e+00,-1.031369259999999954e+01,-1.610277230000000159e+01,-1.085469269999999966e+02,-1.091011170000000021e+02,-1.091867819999999938e+02
3.126435729999999967e+04,1.644425650000000072e+00,-1.067824820000000052e+01,-1.646739570000000086e+01,-1.095430759999999992e+02,-1.101276730000000015e+02,-1.102180299999999988e+02
3.272287740000000122e+04,1.282240360000000079e+00,-1.104091949999999933e+01,-1.683015269999999930e+01,-1.106014729999999986e+02,-1.112185240000000022e+02,-1.113138880000000057e+02
3.424943920000000071e+04,9.220256719999999628e-01,-1.140175490000000025e+01,-1.719109590000000054e+01,-1.117271279999999933e+02,-1.123788330000000002e+02,-1.124795390000000026e+02
3.584721710000000166e+04,5.637133920000000353e-01,-1.176085280000000033e+01,-1.755032860000000028e+01,-1.129254959999999954e+02,-1.136142069999999933e+02,-1.137206160000000068e+02
3.751953310000000056e+04,2.071776630000000119e-01,-1.211837560000000025e+01,-1.790801889999999830e+01,-1.142024980000000056e+02,-1.149307239999999979e+02,-1.150432179999999960e+02
3.926986480000000302e+04,-1.477799150000000117e-01,-1.247456530000000008e+01,-1.826441579999999831e+01,-1.155645360000000039e+02,-1.163349359999999990e+02,-1.164539199999999965e+02
4.110185149999999703e+04,-5.014481440000000401e-01,-1.282976260000000046e+01,-1.861986810000000148e+01,-1.170184959999999990e+02,-1.178338710000000020e+02,-1.179597669999999994e+02
4.301930270000000019e+04,-8.542269409999999619e-01,-1.318442839999999983e+01,-1.897484640000000056e+01,-1.185717350000000039e+02,-1.194350029999999947e+02,-1.195682539999999960e+02
4.502620519999999669e+04,-1.206651450000000070e+00,-1.353916970000000042e+01,-1.932996869999999845e+01,-1.202320420000000070e+02,-1.211462089999999989e+02,-1.212872650000000050e+02
4.712673219999999856e+04,-1.559418830000000034e+00,-1.389476630000000057e+01,-1.968602830000000026e+01,-1.220075669999999946e+02,-1.229756739999999979e+02,-1.231249860000000069e+02
4.932525130000000354e+04,-1.913418260000000037e+00,-1.425220219999999927e+01,-2.004402340000000038e+01,-1.239067050000000023e+02,-1.249317549999999954e+02,-1.250897669999999948e+02
5.162633400000000256e+04,-2.269762019999999936e+00,-1.461269620000000025e+01,-2.040518919999999881e+01,-1.259379289999999969e+02,-1.270227869999999939e+02,-1.271899149999999992e+02
5.403476499999999942e+04,-2.629817039999999828e+00,-1.497773180000000082e+01,-2.077102749999999887e+01,-1.281095410000000072e+02,-1.292568060000000116e+02,-1.294334169999999915e+02
5.655555230000000302e+04,-2.995233649999999859e+00,-1.534908429999999946e+01,-2.114333209999999852e+01,-1.304293560000000127e+02,-1.316411909999999921e+02,-1.318275810000000092e+02
5.919393720000000030e+04,-3.367967890000000075e+00,-1.572883799999999965e+01,-2.152420649999999824e+01,-1.329042770000000075e+02,-1.341822080000000028e+02,-1.343785640000000114e+02
6.195540610000000015e+04,-3.750292340000000113e+00,-1.611938950000000048e+01,-2.191606549999999842e+01,-1.355397839999999974e+02,-1.368844579999999951e+02,-1.370908269999999902e+02
6.484570079999999871e+04,-4.144788759999999961e+00,-1.652343169999999972e+01,-2.232161749999999856e+01,-1.383393189999999890e+02,-1.397502440000000092e+02,-1.399664870000000008e+02
6.787083130000000529e+04,-4.554315299999999844e+00,-1.694390750000000168e+01,-2.274381680000000117e+01,-1.413036130000000128e+02,-1.427788789999999892e+02,-1.430046340000000100e+02
7.103708770000000368e+04,-4.981941990000000153e+00,-1.738393070000000051e+01,-2.318578120000000098e+01,-1.444299809999999979e+02,-1.459660049999999956e+02,-1.462006499999999960e+02
7.435105389999999898e+04,-5.430847299999999933e+00,-1.784666719999999884e+01,-2.365067200000000014e+01,-1.477116690000000006e+02,-1.493029950000000099e+02,-1.495456189999999879e+02
7.781962059999999474e+04,-5.904176139999999684e+00,-1.833517900000000012e+01,-2.414153539999999865e+01,-1.511373399999999947e+02,-1.527765369999999905e+02,-1.530259330000000091e+02
8.145000010000000475e+04,-6.404862920000000237e+00,-1.885223789999999866e+01,-2.466111520000000112e+01,-1.546908259999999871e+02,-1.563685189999999920e+02,-1.566231940000000122e+02
8.524974120000000403e+04,-6.935432149999999574e+00,-1.940012439999999927e+01,-2.521165200000000084e+01,-1.583512240000000020e+02,-1.600563080000000014e+02,-1.603145220000000108e+02
8.922674490000000515e+04,-7.497797620000000052e+00,-1.998043549999999868e+01,-2.579469239999999886e+01,-1.620934330000000045e+02,-1.638134619999999870e+02,-1.640732959999999991e+02
9.338928049999999348e+04,-8.093085560000000456e+00,-2.059392719999999954e+01,-2.641093550000000079e+01,-1.658891409999999951e+02,-1.676108739999999955e+02,-1.678703130000000101e+02
9.774600359999999637e+04,-8.721508339999999748e+00,-2.124041700000000077e+01,-2.706013869999999955e+01,-1.697081860000000120e+02,-1.714182350000000099e+02,-1.716752710000000093e+02
1.023059729999999981e+05,-9.382310790000000011e+00,-2.191876249999999970e+01,-2.774110269999999900e+01,-1.735201490000000035e+02,-1.752056579999999997e+02,-1.754583930000000009e+02
1.070786699999999983e+05,-1.007379730000000073e+01,-2.262692089999999823e+01,-2.845173469999999938e+01,-1.772959999999999923e+02,-1.789452599999999904e+02,-1.791919880000000092e+02
1.120740200000000041e+05,-1.079343710000000023e+01,-2.336207969999999889e+01,-2.918918269999999993e+01,-1.810095609999999908e+02,-1.826124949999999956e+02,-1.828517750000000035e+02
1.173024089999999997e+05,-1.153802890000000048e+01,-2.412083679999999930e+01,-2.995001800000000003e+01,-1.846386430000000018e+02,-1.861871199999999931e+02,-1.864178110000000004e+02
1.227747079999999987e+05,-1.230390170000000083e+01,-2.489940539999999913e+01,-3.073043979999999920e+01,-1.881657460000000128e+02,-1.896536999999999864e+02,-1.898749740000000088e+02
1.285022970000000059e+05,-1.308712219999999959e+01,-2.569381639999999933e+01,-3.152647639999999996e+01,-1.915783030000000053e+02,-1.930016880000000015e+02,-1.932130180000000053e+02
1.344970849999999919e+05,-1.388368810000000053e+01,-2.650009809999999888e+01,-3.233416340000000133e+01,-1.948685289999999952e+02,-1.962251440000000002e+02,-1.964262740000000065e+02
1.407715370000000112e+05,-1.468968929999999951e+01,-2.731442260000000033e+01,-3.314968679999999779e+01,-1.980329619999999977e+02,-1.993221990000000119e+02,-1.995130969999999877e+02
1.473386989999999932e+05,-1.550143150000000070e+01,-2.813321129999999926e+01,-3.396948669999999737e+01,-2.010718209999999999e+02,-2.022943640000000016e+02,-2.024751870000000054e+02
1.542122280000000028e+05,-1.631551860000000076e+01,-2.895320359999999837e+01,-3.479032349999999951e+01,-2.039882760000000133e+02,-2.051458049999999957e+02,-2.053168459999999982e+02
1.614064150000000081e+05,-1.712890069999999909e+01,-2.977149139999999861e+01,-3.560931070000000176e+01,-2.067877110000000016e+02,-2.078826270000000136e+02,-2.080442779999999914e+02
1.689362200000000012e+05,-1.793889229999999912e+01,-3.058552919999999986e+01,-3.642392379999999719e+01,-2.094770509999999888e+02,-2.105122369999999989e+02,-2.106649529999999970e+02
1.768172989999999991e+05,-1.874316969999999927e+01,-3.139312490000000011e+01,-3.723199019999999848e+01,-2.120641770000000008e+02,-2.130427990000000023e+02,-2.131870720000000006e+02
1.850660400000000081e+05,-1.953975349999999978e+01,-3.219241869999999750e+01,-3.803166749999999752e+01,-2.145574430000000064e+02,-2.154827929999999867e+02,-2.156191289999999867e+02
1.936995950000000012e+05,-2.032698249999999973e+01,-3.298185519999999826e+01,-3.882141610000000043e+01,-2.169652900000000102e+02,-2.178406740000000070e+02,-2.179695749999999919e+02
2.027359159999999974e+05,-2.110348339999999823e+01,-3.376015290000000135e+01,-3.959996759999999938e+01,-2.192959679999999878e+02,-2.201246160000000032e+02,-2.202465699999999913e+02
2.121937919999999867e+05,-2.186813880000000054e+01,-3.452627269999999982e+01,-4.036629419999999868e+01,-2.215573239999999942e+02,-2.223423339999999939e+02,-2.224578080000000000e+02
2.220928889999999956e+05,-2.262005669999999924e+01,-3.527938819999999964e+01,-4.111957919999999689e+01,-2.237566700000000139e+02,-2.245009719999999902e+02,-2.246104060000000118e+02
2.324537909999999974e+05,-2.335854159999999879e+01,-3.601885839999999916e+01,-4.185918920000000298e+01,-2.259007029999999929e+02,-2.266070369999999912e+02,-2.267108399999999904e+02
2.432980419999999867e+05,-2.408306869999999833e+01,-3.674420299999999884e+01,-4.258465029999999985e+01,-2.279954669999999908e+02,-2.286663739999999905e+02,-2.287649260000000027e+02
2.546481900000000023e+05,-2.479326030000000003e+01,-3.745508060000000228e+01,-4.329562640000000329e+01,-2.300463479999999947e+02,-2.306841719999999896e+02,-2.307778230000000121e+02
2.665278369999999995e+05,-2.548886620000000036e+01,-3.815126999999999668e+01,-4.399190010000000228e+01,-2.320580980000000011e+02,-2.326649889999999914e+02,-2.327540579999999864e+02
2.789616830000000191e+05,-2.616974550000000121e+01,-3.883265320000000287e+01,-4.467335700000000287e+01,-2.340348679999999888e+02,-2.346127940000000081e+02,-2.346975740000000030e+02
2.919755829999999842e+05,-2.683585139999999924e+01,-3.949920159999999925e+01,-4.533997060000000090e+01,-2.359802620000000104e+02,-2.365310189999999864e+02,-2.366117790000000127e+02
3.055965979999999981e+05,-2.748721760000000103e+01,-4.015096290000000323e+01,-4.599179089999999803e+01,-2.378973900000000015e+02,-2.384226199999999949e+02,-2.384996020000000101e+02
3.198530489999999991e+05,-2.812394660000000002e+01,-4.078805030000000187e+01,-4.662893249999999767e+01,-2.397889319999999884e+02,-2.402901300000000049e+02,-2.403635569999999859e+02
3.347745810000000056e+05,-2.874619919999999951e+01,-4.141063270000000074e+01,-4.725156530000000288e+01,-2.416571950000000015e+02,-2.421357270000000028e+02,-2.422058030000000031e+02
3.503922210000000196e+05,-2.935418470000000113e+01,-4.201892550000000170e+01,-4.785990550000000354e+01,-2.435041740000000061e+02,-2.439612909999999886e+02,-2.440282009999999957e+02
3.667384419999999809e+05,-2.994815279999999902e+01,-4.261318270000000297e+01,-4.845420779999999894e+01,-2.453316079999999886e+02,-2.457684539999999913e+02,-2.458323680000000024e+02
3.838472339999999967e+05,-3.052838519999999889e+01,-4.319368910000000028e+01,-4.903475730000000254e+01,-2.471410280000000057e+02,-2.475586560000000134e+02,-2.476197319999999991e+02
4.017541730000000098e+05,-3.109518830000000023e+01,-4.376075339999999869e+01,-4.960186300000000159e+01,-2.489338089999999966e+02,-2.493331900000000019e+02,-2.493915700000000015e+02
4.204964909999999800e+05,-3.164888679999999965e+01,-4.431470159999999936e+01,-5.015585099999999841e+01,-2.507112040000000093e+02,-2.510932349999999929e+02,-2.511490530000000092e+02
4.401131620000000112e+05,-3.218981649999999917e+01,-4.485587060000000292e+01,-5.069705830000000191e+01,-2.524743829999999889e+02,-2.528398960000000102e+02,-2.528932770000000119e+02
4.606449739999999874e+05,-3.271831910000000221e+01,-4.538460239999999857e+01,-5.122582709999999651e+01,-2.542244579999999985e+02,-2.545742290000000025e+02,-2.546252880000000118e+02
4.821346190000000061e+05,-3.323473609999999923e+01,-4.590123899999999679e+01,-5.174249919999999747e+01,-2.559625069999999880e+02,-2.562972619999999893e+02,-2.563461050000000228e+02
5.046267829999999958e+05,-3.373940379999999806e+01,-4.640611669999999833e+01,-5.224741110000000077e+01,-2.576895890000000122e+02,-2.580100080000000276e+02,-2.580567369999999983e+02
5.281682340000000549e+05,-3.423264859999999743e+01,-4.689956209999999714e+01,-5.274088929999999920e+01,-2.594067590000000223e+02,-2.597134810000000016e+02,-2.597581910000000107e+02
5.528079209999999730e+05,-3.471478280000000183e+01,-4.738188759999999888e+01,-5.322324609999999723e+01,-2.611150690000000054e+02,-2.614086990000000128e+02,-2.614514790000000062e+02
5.785970799999999581e+05,-3.518610089999999957e+01,-4.785338759999999780e+01,-5.369477599999999740e+01,-2.628155729999999721e+02,-2.630966829999999845e+02,-2.631376179999999749e+02
6.055893340000000317e+05,-3.564687610000000006e+01,-4.831433530000000331e+01,-5.415575220000000201e+01,-2.645093259999999873e+02,-2.647784589999999980e+02,-2.648176300000000083e+02
6.338408100000000559e+05,-3.609735779999999750e+01,-4.876498019999999656e+01,-5.460642419999999930e+01,-2.661973780000000147e+02,-2.664550510000000259e+02,-2.664925339999999778e+02
6.634102510000000475e+05,-3.653776890000000321e+01,-4.920554560000000066e+01,-5.504701529999999821e+01,-2.678807639999999992e+02,-2.681274690000000192e+02,-2.681633370000000127e+02
6.943591430000000400e+05,-3.696830500000000086e+01,-4.963622680000000287e+01,-5.547772080000000017e+01,-2.695604950000000031e+02,-2.697967039999999770e+02,-2.698310260000000085e+02
7.267518379999999888e+05,-3.738913190000000242e+01,-5.005719009999999969e+01,-5.589870710000000287e+01,-2.712375480000000039e+02,-2.714637099999999919e+02,-2.714965520000000083e+02
7.606556909999999916e+05,-3.780038609999999721e+01,-5.046857219999999700e+01,-5.631011089999999797e+01,-2.729128469999999993e+02,-2.731293919999999957e+02,-2.731608190000000036e+02
7.961411999999999534e+05,-3.820217389999999824e+01,-5.087047969999999708e+01,-5.671203880000000197e+01,-2.745872499999999832e+02,-2.747945910000000254e+02,-2.748246619999999893e+02
8.332821509999999544e+05,-3.859457199999999943e+01,-5.126298950000000332e+01,-5.710456779999999810e+01,-2.762615319999999883e+02,-2.764600649999999860e+02,-2.764888399999999820e+02
8.721557719999999972e+05,-3.897762809999999689e+01,-5.164614980000000344e+01,-5.748774619999999658e+01,-2.779363720000000058e+02,-2.781264760000000251e+02,-2.781540100000000280e+02
9.128428950000000186e+05,-3.935136260000000163e+01,-5.201998119999999659e+01,-5.786159459999999655e+01,-2.796123329999999783e+02,-2.797943720000000098e+02,-2.798207189999999969e+02
9.554281210000000428e+05,-3.971576989999999796e+01,-5.238447870000000250e+01,-5.822610809999999759e+01,-2.812898450000000139e+02,-2.814641700000000242e+02,-2.814893809999999803e+02
1.000000000000000000e+06,-4.007082119999999748e+01,-5.273961359999999843e+01,-5.858125799999999828e+01,-2.829691960000000108e+02,-2.831361420000000066e+02,-2.831602669999999762e+02
1.046651209999999963e+06,-4.041646639999999735e+01,-5.308533649999999682e+01,-5.892699489999999685e+01,-2.846505129999999895e+02,-2.848104020000000105e+02,-2.848334889999999859e+02
1.095478760000000009e+06,-4.075263790000000341e+01,-5.342157989999999756e+01,-5.926325159999999670e+01,-2.863337510000000066e+02,-2.864868930000000091e+02,-2.865089869999999905e+02
1.146584169999999925e+06,-4.107925339999999892e+01,-5.374826209999999804e+01,-5.958994619999999998e+01,-2.880186860000000024e+02,-2.881653779999999756e+02,-2.881865230000000224e+02
1.200073709999999963e+06,-4.139621979999999724e+01,-5.406529040000000208e+01,-5.990698629999999980e+01,-2.897049030000000016e+02,-2.898454310000000191e+02,-2.898656690000000253e+02
1.256058600000000093e+06,-4.170343739999999855e+01,-5.437256539999999916e+01,-6.021427239999999870e+01,-2.913917979999999943e+02,-2.915264339999999947e+02,-2.915458060000000273e+02
1.314655250000000000e+06,-4.200080369999999874e+01,-5.466998509999999811e+01,-6.051170249999999839e+01,-2.930785700000000134e+02,-2.932075780000000123e+02,-2.932261219999999753e+02
1.375985510000000009e+06,-4.228821769999999702e+01,-5.495744870000000049e+01,-6.079917619999999800e+01,-2.947642299999999977e+02,-2.948878609999999867e+02,-2.949056150000000116e+02
1.440176899999999907e+06,-4.256558420000000353e+01,-5.523486160000000211e+01,-6.107659850000000290e+01,-2.964476010000000201e+02,-2.965660960000000159e+02,-2.965830960000000118e+02
1.507362899999999907e+06,-4.283281800000000317e+01,-5.550213889999999850e+01,-6.134388479999999788e+01,-2.981273320000000240e+02,-2.982409240000000068e+02,-2.982572040000000015e+02
1.577683199999999953e+06,-4.308984780000000114e+01,-5.575920969999999954e+01,-6.160096440000000229e+01,-2.998019110000000182e+02,-2.999108209999999985e+02,-2.999264150000000200e+02
1.651284040000000037e+06,-4.333662040000000104e+01,-5.600602109999999811e+01,-6.184778409999999838e+01,-3.014696819999999775e+02,-3.015741219999999885e+02,-3.015890610000000152e+02
1.728318439999999944e+06,-4.357310350000000199e+01,-5.624254119999999801e+01,-6.208431230000000056e+01,-3.031288650000000189e+02,-3.032290380000000027e+02,-3.032433520000000158e+02
1.808946580000000075e+06,-4.379928929999999809e+01,-5.646876249999999686e+01,-6.231054149999999936e+01,-3.047775780000000054e+02,-3.048736799999999789e+02,-3.048873980000000188e+02
1.893336129999999888e+06,-4.401519650000000183e+01,-5.668470419999999876e+01,-6.252649079999999771e+01,-3.064138679999999795e+02,-3.065060849999999846e+02,-3.065192349999999806e+02
1.981662550000000047e+06,-4.422087259999999986e+01,-5.689041399999999982e+01,-6.273220810000000114e+01,-3.080357339999999908e+02,-3.081242409999999836e+02,-3.081368499999999813e+02
2.074109510000000009e+06,-4.441639539999999897e+01,-5.708597000000000321e+01,-6.292777149999999864e+01,-3.096411539999999718e+02,-3.097261229999999728e+02,-3.097382160000000226e+02
2.170869229999999981e+06,-4.460187340000000233e+01,-5.727148090000000025e+01,-6.311328970000000282e+01,-3.112281209999999874e+02,-3.113097129999999879e+02,-3.113213139999999726e+02
2.272142910000000149e+06,-4.477744589999999647e+01,-5.744708649999999750e+01,-6.328890260000000012e+01,-3.127946630000000141e+02,-3.128730310000000259e+02,-3.128841639999999984e+02
2.378141129999999888e+06,-4.494328300000000098e+01,-5.761295710000000270e+01,-6.345478049999999826e+01,-3.143388749999999732e+02,-3.144141670000000204e+02,-3.144248529999999846e+02
2.489084290000000037e+06,-4.509958449999999885e+01,-5.776929249999999882e+01,-6.361112330000000270e+01,-3.158589420000000132e+02,-3.159312969999999723e+02,-3.159415569999999889e+02
2.605203089999999851e+06,-4.524657799999999952e+01,-5.791632090000000233e+01,-6.375815899999999914e+01,-3.173531629999999950e+02,-3.174227129999999875e+02,-3.174325670000000059e+02
2.726738970000000205e+06,-4.538451740000000001e+01,-5.805429610000000196e+01,-6.389614170000000115e+01,-3.188199660000000222e+02,-3.188868360000000166e+02,-3.188963019999999915e+02
2.853944640000000130e+06,-4.551368070000000188e+01,-5.818349630000000161e+01,-6.402534939999999608e+01,-3.202579259999999977e+02,-3.203222339999999804e+02,-3.203313309999999774e+02
2.987084609999999870e+06,-4.563436680000000223e+01,-5.830422060000000073e+01,-6.414608130000000585e+01,-3.216657769999999914e+02,-3.217276350000000207e+02,-3.217363789999999995e+02
3.126435729999999981e+06,-4.574689359999999994e+01,-5.841678679999999702e+01,-6.425865530000000092e+01,-3.230424179999999978e+02,-3.231019299999999816e+02,-3.231103370000000155e+02
3.272287740000000224e+06,-4.585159420000000097e+01,-5.852152819999999878e+01,-6.436340450000000146e+01,-3.243869169999999826e+02,-3.244441830000000095e+02,-3.244522680000000037e+02
3.424943919999999925e+06,-4.594881449999999745e+01,-5.861879069999999814e+01,-6.446067499999999484e+01,-3.256985119999999938e+02,-3.257536249999999995e+02,-3.257613999999999805e+02
3.584721709999999963e+06,-4.603890990000000016e+01,-5.870892969999999877e+01,-6.455082190000000253e+01,-3.269766060000000039e+02,-3.270296519999999987e+02,-3.270371319999999855e+02
3.751953310000000056e+06,-4.612224230000000347e+01,-5.879230689999999981e+01,-6.463420729999999992e+01,-3.282207629999999767e+02,-3.282718239999999810e+02,-3.282790210000000002e+02
3.926986479999999981e+06,-4.619917740000000350e+01,-5.886928780000000216e+01,-6.471119640000000572e+01,-3.294306970000000092e+02,-3.294798499999999990e+02,-3.294867740000000254e+02
4.110185149999999907e+06,-4.627008150000000342e+01,-5.894023870000000187e+01,-6.478215559999999584e+01,-3.306062650000000076e+02,-3.306535799999999767e+02,-3.306602409999999850e+02
4.301930269999999553e+06,-4.633531920000000071e+01,-5.900552400000000119e+01,-6.484744910000000573e+01,-3.317474490000000173e+02,-3.317929930000000240e+02,-3.317994019999999864e+02
4.502620519999999553e+06,-4.639525050000000306e+01,-5.906550349999999838e+01,-6.490743679999999927e+01,-3.328543520000000058e+02,-3.328981860000000097e+02,-3.329043520000000171e+02
4.712673219999999739e+06,-4.645022920000000255e+01,-5.912053060000000215e+01,-6.496247209999999939e+01,-3.339271759999999745e+02,-3.339693579999999997e+02,-3.339752899999999727e+02
4.932525129999999888e+06,-4.650059989999999743e+01,-5.917094989999999655e+01,-6.501289959999999724e+01,-3.349662149999999770e+02,-3.350067999999999984e+02,-3.350125049999999760e+02
5.162633400000000373e+06,-4.654669710000000293e+01,-5.921709539999999805e+01,-6.505905309999999986e+01,-3.359718419999999810e+02,-3.360108809999999835e+02,-3.360163670000000025e+02
5.403476500000000000e+06,-4.658884280000000189e+01,-5.925928900000000255e+01,-6.510125460000000430e+01,-3.369444940000000202e+02,-3.369820359999999937e+02,-3.369873099999999795e+02
5.655555230000000447e+06,-4.662734569999999934e+01,-5.929783909999999736e+01,-6.513981230000000267e+01,-3.378846669999999790e+02,-3.379207569999999805e+02,-3.379258249999999748e+02
5.919393719999999739e+06,-4.666249990000000025e+01,-5.933303939999999699e+01,-6.517502009999999757e+01,-3.387929009999999721e+02,-3.388275820000000067e+02,-3.388324499999999944e+02
6.195540610000000335e+06,-4.669458389999999781e+01,-5.936516840000000172e+01,-6.520715629999999408e+01,-3.396697720000000231e+02,-3.397030869999999823e+02,-3.397077620000000024e+02
6.484570080000000075e+06,-4.672386050000000068e+01,-5.939448840000000018e+01,-6.523648330000000328e+01,-3.405158910000000105e+02,-3.405478790000000231e+02,-3.405523670000000038e+02
6.787083129999999888e+06,-4.675057580000000002e+01,-5.942124539999999655e+01,-6.526324700000000689e+01,-3.413318899999999871e+02,-3.413625910000000090e+02,-3.413668959999999970e+02
7.103708769999999553e+06,-4.677495950000000136e+01,-5.944566910000000348e+01,-6.528767689999999391e+01,-3.421184220000000096e+02,-3.421478730000000041e+02,-3.421520019999999818e+02
7.435105389999999665e+06,-4.679722499999999741e+01,-5.946797240000000073e+01,-6.530998619999999732e+01,-3.428761529999999880e+02,-3.429043909999999755e+02,-3.429083489999999870e+02
7.781962059999999590e+06,-4.681756930000000239e+01,-5.948835249999999775e+01,-6.533037190000000294e+01,-3.436057620000000270e+02,-3.436328240000000278e+02,-3.436366160000000036e+02
8.145000009999999776e+06,-4.683617379999999741e+01,-5.950699050000000057e+01,-6.534901510000000258e+01,-3.443079369999999813e+02,-3.443338590000000181e+02,-3.443374900000000025e+02
8.524974119999999180e+06,-4.685320449999999681e+01,-5.952405240000000219e+01,-6.536608180000000345e+01,-3.449833699999999794e+02,-3.450081870000000208e+02,-3.450116629999999986e+02
8.922674490000000224e+06,-4.686881290000000178e+01,-5.953968950000000149e+01,-6.538172350000000677e+01,-3.456327580000000239e+02,-3.456565059999999789e+02,-3.456598309999999969e+02
9.338928050000000745e+06,-4.688313639999999793e+01,-5.955403940000000063e+01,-6.539607750000000408e+01,-3.462568019999999933e+02,-3.462795160000000010e+02,-3.462826949999999897e+02
9.774600359999999404e+06,-4.689629949999999781e+01,-5.956722649999999675e+01,-6.540926829999999370e+01,-3.468562019999999961e+02,-3.468779160000000275e+02,-3.468809549999999717e+02
1.023059730000000075e+07,-4.690841420000000284e+01,-5.957936289999999957e+01,-6.542140809999999362e+01,-3.474316580000000272e+02,-3.474524079999999913e+02,-3.474553109999999947e+02
1.070786700000000000e+07,-4.691958120000000321e+01,-5.959054940000000045e+01,-6.543259749999999997e+01,-3.479838710000000219e+02,-3.480036910000000034e+02,-3.480064629999999966e+02
1.120740200000000000e+07,-4.692989060000000023e+01,-5.960087589999999835e+01,-6.544292670000000101e+01,-3.485135369999999853e+02,-3.485324610000000121e+02,-3.485351069999999822e+02
1.173024090000000037e+07,-4.693942249999999916e+01,-5.961042290000000321e+01,-6.545247609999999838e+01,-3.490213499999999840e+02,-3.490394130000000246e+02,-3.490419380000000160e+02
1.227747080000000075e+07,-4.694824830000000304e+01,-5.961926179999999675e+01,-6.546131699999999398e+01,-3.495080029999999738e+02,-3.495252370000000042e+02,-3.495276460000000043e+02
1.285022969999999925e+07,-4.695643119999999726e+01,-5.962745600000000223e+01,-6.546951289999999801e+01,-3.499741789999999924e+02,-3.499906189999999810e+02,-3.499929169999999772e+02
1.344970850000000000e+07,-4.696402710000000269e+01,-5.963506139999999789e+01,-6.547711979999999699e+01,-3.504205620000000181e+02,-3.504362390000000005e+02,-3.504384299999999826e+02
1.407715369999999925e+07,-4.697108539999999977e+01,-5.964212750000000085e+01,-6.548418719999999382e+01,-3.508478240000000028e+02,-3.508627720000000068e+02,-3.508648610000000190e+02
1.473386990000000037e+07,-4.697764949999999828e+01,-5.964869800000000311e+01,-6.549075879999999472e+01,-3.512566360000000145e+02,-3.512708860000000186e+02,-3.512728769999999940e+02
1.542122280000000075e+07,-4.698375779999999935e+01,-5.965481139999999982e+01,-6.549687289999999962e+01,-3.516476559999999836e+02,-3.516612390000000232e+02,-3.516631370000000061e+02
1.614064150000000000e+07,-4.698944399999999888e+01,-5.966050150000000230e+01,-6.550256369999999606e+01,-3.520215390000000184e+02,-3.520344850000000179e+02,-3.520362930000000006e+02
1.689362200000000000e+07,-4.699473809999999929e+01,-5.966579839999999990e+01,-6.550786109999999951e+01,-3.523789259999999786e+02,-3.523912649999999758e+02,-3.523929880000000026e+02
1.768172989999999851e+07,-4.699966649999999646e+01,-5.967072869999999796e+01,-6.551279169999999397e+01,-3.527204510000000255e+02,-3.527322120000000041e+02,-3.527338540000000080e+02
1.850660400000000000e+07,-4.700425270000000211e+01,-5.967531600000000225e+01,-6.551737939999999583e+01,-3.530467370000000074e+02,-3.530579470000000128e+02,-3.530595129999999813e+02
1.936995950000000000e+07,-4.700851790000000108e+01,-5.967958180000000112e+01,-6.552164519999999470e+01,-3.533583939999999757e+02,-3.533690799999999967e+02,-3.533705729999999789e+02
2.027359160000000149e+07,-4.701248120000000341e+01,-5.968354500000000229e+01,-6.552560850000000414e+01,-3.536560200000000123e+02,-3.536662089999999807e+02,-3.536676309999999717e+02
2.121937919999999925e+07,-4.701615989999999812e+01,-5.968722319999999826e+01,-6.552928670000000011e+01,-3.539402010000000018e+02,-3.539499159999999733e+02,-3.539512730000000147e+02
2.220928889999999851e+07,-4.701957000000000164e+01,-5.969063239999999837e+01,-6.553269589999999312e+01,-3.542115059999999858e+02,-3.542207710000000134e+02,-3.542220649999999864e+02
2.324537910000000149e+07,-4.702272620000000103e+01,-5.969378760000000028e+01,-6.553585099999999386e+01,-3.544704899999999839e+02,-3.544793290000000070e+02,-3.544805630000000178e+02
2.432980419999999925e+07,-4.702564240000000240e+01,-5.969670270000000301e+01,-6.553876590000000135e+01,-3.547176939999999945e+02,-3.547261270000000195e+02,-3.547273050000000012e+02
2.546481900000000000e+07,-4.702833179999999658e+01,-5.969939080000000331e+01,-6.554145389999999338e+01,-3.549536400000000071e+02,-3.549616889999999785e+02,-3.549628129999999828e+02
2.665278369999999925e+07,-4.703080690000000175e+01,-5.970186449999999923e+01,-6.554392749999999523e+01,-3.551788359999999898e+02,-3.551865199999999732e+02,-3.551875929999999926e+02
2.789616830000000075e+07,-4.703307960000000065e+01,-5.970413589999999715e+01,-6.554619870000000503e+01,-3.553937690000000202e+02,-3.554011070000000245e+02,-3.554021319999999946e+02
2.919755830000000075e+07,-4.703516150000000096e+01,-5.970621659999999764e+01,-6.554827930000000435e+01,-3.555989129999999818e+02,-3.556059210000000235e+02,-3.556068999999999960e+02
3.055965980000000075e+07,-4.703706389999999971e+01,-5.970811779999999658e+01,-6.555018040000000212e+01,-3.557947199999999839e+02,-3.558014160000000174e+02,-3.558023519999999849e+02
3.198530489999999851e+07,-4.703879770000000349e+01,-5.970985060000000288e+01,-6.555191309999999305e+01,-3.559816260000000057e+02,-3.559880259999999907e+02,-3.559889200000000073e+02
3.347745810000000149e+07,-4.704037350000000117e+01,-5.971142549999999716e+01,-6.555348789999999326e+01,-3.561600500000000125e+02,-3.561661680000000274e+02,-3.561670219999999745e+02
3.503922210000000149e+07,-4.704180159999999944e+01,-5.971285290000000145e+01,-6.555491530000000466e+01,-3.563303910000000201e+02,-3.563362409999999727e+02,-3.563370580000000132e+02
3.667384420000000298e+07,-4.704309219999999669e+01,-5.971414289999999880e+01,-6.555620519999999374e+01,-3.564930320000000279e+02,-3.564986260000000016e+02,-3.564994080000000167e+02
3.838472339999999851e+07,-4.704425499999999971e+01,-5.971530529999999715e+01,-6.555736760000000629e+01,-3.566483370000000264e+02,-3.566536889999999858e+02,-3.566544369999999731e+02
4.017541729999999702e+07,-4.704529939999999755e+01,-5.971634949999999975e+01,-6.555841180000000179e+01,-3.567966549999999870e+02,-3.568017750000000206e+02,-3.568024909999999750e+02
4.204964910000000149e+07,-4.704623459999999824e+01,-5.971728470000000044e+01,-6.555934700000000248e+01,-3.569383159999999862e+02,-3.569432160000000067e+02,-3.569439009999999826e+02
4.401131620000000298e+07,-4.704706949999999921e+01,-5.971811960000000141e+01,-6.556018199999999752e+01,-3.570736350000000243e+02,-3.570783250000000066e+02,-3.570789800000000014e+02
4.606449739999999851e+07,-4.704781239999999798e+01,-5.971886279999999658e+01,-6.556092519999999979e+01,-3.572029120000000262e+02,-3.572074000000000069e+02,-3.572080280000000130e+02
4.821346189999999851e+07,-4.704847149999999800e+01,-5.971952209999999894e+01,-6.556158460000000332e+01,-3.573264300000000162e+02,-3.573307270000000244e+02,-3.573313269999999875e+02
5.046267829999999702e+07,-4.704905430000000166e+01,-5.972010540000000134e+01,-6.556216799999999978e+01,-3.574444579999999974e+02,-3.574485720000000128e+02,-3.574491469999999822e+02
5.281682339999999851e+07,-4.704956800000000072e+01,-5.972061970000000031e+01,-6.556268230000000585e+01,-3.575572530000000029e+02,-3.575611920000000055e+02,-3.575617419999999811e+02
5.528079210000000149e+07,-4.705001949999999766e+01,-5.972107179999999715e+01,-6.556313459999999793e+01,-3.576650559999999928e+02,-3.576688270000000216e+02,-3.576693549999999959e+02
5.785970800000000000e+07,-4.705041500000000099e+01,-5.972146810000000272e+01,-6.556353090000000350e+01,-3.577680970000000116e+02,-3.577717079999999896e+02,-3.577722130000000220e+02
6.055893339999999851e+07,-4.705076050000000265e+01,-5.972181429999999835e+01,-6.556387730000000147e+01,-3.578665940000000205e+02,-3.578700519999999869e+02,-3.578705360000000155e+02
6.338408100000000000e+07,-4.705106140000000181e+01,-5.972211599999999976e+01,-6.556417919999999810e+01,-3.579607540000000085e+02,-3.579640650000000051e+02,-3.579645279999999730e+02
6.634102510000000149e+07,-4.705132270000000005e+01,-5.972237820000000141e+01,-6.556444140000000687e+01,-3.580507719999999949e+02,-3.580539430000000038e+02,-3.580543860000000222e+02
6.943591429999999702e+07,-4.705154890000000023e+01,-5.972260529999999790e+01,-6.556466869999999858e+01,-3.581368350000000191e+02,-3.581398710000000278e+02,-3.581402949999999805e+02
7.267518379999999702e+07,-4.705174430000000285e+01,-5.972280150000000276e+01,-6.556486499999999751e+01,-3.582191189999999779e+02,-3.582220249999999737e+02,-3.582224320000000262e+02
7.606556909999999404e+07,-4.705191250000000025e+01,-5.972297059999999647e+01,-6.556503429999999355e+01,-3.582977920000000154e+02,-3.583005749999999807e+02,-3.583009640000000218e+02
7.961412000000000000e+07,-4.705205699999999780e+01,-5.972311599999999743e+01,-6.556517979999999568e+01,-3.583730140000000119e+02,-3.583756779999999935e+02,-3.583760510000000181e+02
8.332821509999999404e+07,-4.705218090000000331e+01,-5.972324069999999807e+01,-6.556530460000000460e+01,-3.584449369999999817e+02,-3.584474870000000237e+02,-3.584478439999999750e+02
8.721557720000000298e+07,-4.705228670000000335e+01,-5.972334740000000153e+01,-6.556541140000000212e+01,-3.585137050000000158e+02,-3.585161469999999895e+02,-3.585164889999999787e+02
9.128428950000000000e+07,-4.705237689999999873e+01,-5.972343839999999915e+01,-6.556550260000000208e+01,-3.585794569999999908e+02,-3.585817949999999996e+02,-3.585821220000000267e+02
9.554281209999999404e+07,-4.705245370000000094e+01,-5.972351599999999650e+01,-6.556558029999999349e+01,-3.586423250000000280e+02,-3.586445620000000076e+02,-3.586448750000000132e+02
1.000000000000000000e+08,-4.705251890000000259e+01,-5.972358189999999922e+01,-6.556564629999999738e+01,-3.587024329999999850e+02,-3.587045749999999771e+02,-3.587048750000000155e+02
1.046651210000000000e+08,-4.705257399999999990e+01,-5.972363779999999878e+01,-6.556570229999999810e+01,-3.587599020000000110e+02,-3.587619520000000080e+02,-3.587622390000000223e+02
1.095478760000000000e+08,-4.705262069999999852e+01,-5.972368509999999731e+01,-6.556574969999999780e+01,-3.588148469999999861e+02,-3.588168089999999779e+02,-3.588170840000000226e+02
1.146584170000000000e+08,-4.705266000000000304e+01,-5.972372510000000290e+01,-6.556578980000000456e+01,-3.588673769999999763e+02,-3.588692550000000097e+02,-3.588695180000000278e+02
1.200073710000000000e+08,-4.705269309999999905e+01,-5.972375879999999881e+01,-6.556582360000000165e+01,-3.589175970000000007e+02,-3.589193940000000111e+02,-3.589196450000000027e+02
1.256058600000000000e+08,-4.705272089999999707e+01,-5.972378719999999674e+01,-6.556585210000000075e+01,-3.589656069999999772e+02,-3.589673270000000116e+02,-3.589675669999999741e+02
1.314655250000000000e+08,-4.705274419999999935e+01,-5.972381109999999893e+01,-6.556587600000000293e+01,-3.590115020000000072e+02,-3.590131480000000010e+02,-3.590133789999999863e+02
1.375985510000000000e+08,-4.705276369999999986e+01,-5.972383109999999817e+01,-6.556589610000000334e+01,-3.590553760000000239e+02,-3.590569510000000264e+02,-3.590571719999999800e+02
1.440176900000000000e+08,-4.705277999999999849e+01,-5.972384780000000148e+01,-6.556591290000000072e+01,-3.590973149999999805e+02,-3.590988229999999817e+02,-3.590990340000000174e+02
1.507362900000000000e+08,-4.705279349999999994e+01,-5.972386180000000167e+01,-6.556592700000000207e+01,-3.591374040000000036e+02,-3.591388469999999984e+02,-3.591390490000000000e+02
1.577683200000000000e+08,-4.705280479999999699e+01,-5.972387350000000339e+01,-6.556593870000000379e+01,-3.591757230000000050e+02,-3.591771039999999857e+02,-3.591772970000000100e+02
1.651284040000000000e+08,-4.705281409999999909e+01,-5.972388320000000306e+01,-6.556594850000000463e+01,-3.592123500000000149e+02,-3.592136709999999766e+02,-3.592138560000000211e+02
1.728318440000000000e+08,-4.705282189999999787e+01,-5.972389129999999824e+01,-6.556595670000000098e+01,-3.592473580000000197e+02,-3.592486230000000091e+02,-3.592488000000000170e+02
1.808946580000000000e+08,-4.705282820000000044e+01,-5.972389799999999838e+01,-6.556596340000000112e+01,-3.592808170000000132e+02,-3.592820280000000253e+02,-3.592821979999999940e+02
1.893336130000000000e+08,-4.705283349999999842e+01,-5.972390359999999987e+01,-6.556596899999999550e+01,-3.593127969999999891e+02,-3.593139560000000188e+02,-3.593141180000000077e+02
1.981662550000000000e+08,-4.705283779999999894e+01,-5.972390819999999678e+01,-6.556597370000000069e+01,-3.593433600000000183e+02,-3.593444700000000012e+02,-3.593446250000000077e+02
2.074109510000000000e+08,-4.705284129999999720e+01,-5.972391199999999856e+01,-6.556597750000000246e+01,-3.593725699999999961e+02,-3.593736329999999839e+02,-3.593737810000000081e+02
2.170869230000000000e+08,-4.705284420000000267e+01,-5.972391509999999926e+01,-6.556598060000000316e+01,-3.594004860000000008e+02,-3.594015029999999911e+02,-3.594016460000000279e+02
2.272142910000000000e+08,-4.705284650000000113e+01,-5.972391760000000005e+01,-6.556598320000000513e+01,-3.594271640000000048e+02,-3.594281389999999874e+02,-3.594282749999999851e+02
2.378141130000000000e+08,-4.705284840000000202e+01,-5.972391970000000327e+01,-6.556598529999999414e+01,-3.594526599999999803e+02,-3.594535930000000121e+02,-3.594537240000000224e+02
2.489084290000000000e+08,-4.705284989999999823e+01,-5.972392140000000182e+01,-6.556598710000000096e+01,-3.594770239999999717e+02,-3.594779179999999883e+02,-3.594780440000000112e+02
2.605203090000000000e+08,-4.705285109999999804e+01,-5.972392279999999687e+01,-6.556598850000000311e+01,-3.595003070000000207e+02,-3.595011640000000170e+02,-3.595012839999999983e+02
2.726738970000000000e+08,-4.705285210000000262e+01,-5.972392390000000262e+01,-6.556598959999999465e+01,-3.595225570000000062e+02,-3.595233779999999797e+02,-3.595234929999999736e+02
2.853944640000000000e+08,-4.705285279999999659e+01,-5.972392479999999892e+01,-6.556599049999999806e+01,-3.595438189999999850e+02,-3.595446059999999875e+02,-3.595447159999999940e+02
2.987084610000000000e+08,-4.705285339999999650e+01,-5.972392550000000000e+01,-6.556599129999999320e+01,-3.595641360000000191e+02,-3.595648909999999887e+02,-3.595649970000000053e+02
3.126435730000000000e+08,-4.705285380000000117e+01,-5.972392609999999991e+01,-6.556599190000000021e+01,-3.595835509999999999e+02,-3.595842749999999910e+02,-3.595843770000000177e+02
3.272287740000000000e+08,-4.705285419999999874e+01,-5.972392659999999864e+01,-6.556599230000000489e+01,-3.596021039999999971e+02,-3.596027980000000071e+02,-3.596028959999999870e+02
3.424943920000000000e+08,-4.705285440000000108e+01,-5.972392690000000215e+01,-6.556599269999999535e+01,-3.596198309999999765e+02,-3.596204979999999978e+02,-3.596205919999999878e+02
3.584721710000000000e+08,-4.705285460000000342e+01,-5.972392719999999855e+01,-6.556599300000000596e+01,-3.596367710000000102e+02,-3.596374119999999834e+02,-3.596375019999999836e+02
3.751953310000000000e+08,-4.705285469999999748e+01,-5.972392740000000089e+01,-6.556599319999999409e+01,-3.596529580000000124e+02,-3.596535729999999944e+02,-3.596536600000000021e+02
3.926986480000000000e+08,-4.705285479999999865e+01,-5.972392750000000206e+01,-6.556599339999999643e+01,-3.596684250000000134e+02,-3.596690169999999966e+02,-3.596691000000000145e+02
4.110185150000000000e+08,-4.705285479999999865e+01,-5.972392769999999729e+01,-6.556599350000000470e+01,-3.596832049999999867e+02,-3.596837729999999738e+02,-3.596838529999999992e+02
4.301930270000000000e+08,-4.705285479999999865e+01,-5.972392769999999729e+01,-6.556599359999999876e+01,-3.596973269999999729e+02,-3.596978740000000130e+02,-3.596979509999999891e+02
4.502620520000000000e+08,-4.705285479999999865e+01,-5.972392779999999846e+01,-6.556599359999999876e+01,-3.597108210000000099e+02,-3.597113469999999893e+02,-3.597114209999999730e+02
4.712673220000000000e+08,-4.705285479999999865e+01,-5.972392779999999846e+01,-6.556599370000000704e+01,-3.597237150000000270e+02,-3.597242219999999975e+02,-3.597242929999999888e+02
4.932525130000000000e+08,-4.705285479999999865e+01,-5.972392779999999846e+01,-6.556599370000000704e+01,-3.597360350000000153e+02,-3.597365239999999744e+02,-3.597365930000000276e+02
5.162633400000000000e+08,-4.705285469999999748e+01,-5.972392779999999846e+01,-6.556599370000000704e+01,-3.597478080000000205e+02,-3.597482790000000250e+02,-3.597483460000000264e+02
5.403476500000000000e+08,-4.705285469999999748e+01,-5.972392779999999846e+01,-6.556599370000000704e+01,-3.597590559999999869e+02,-3.597595119999999724e+02,-3.597595759999999814e+02
5.655555230000000000e+08,-4.705285460000000342e+01,-5.972392779999999846e+01,-6.556599370000000704e+01,-3.597698050000000194e+02,-3.597702449999999885e+02,-3.597703070000000025e+02
5.919393720000000000e+08,-4.705285450000000225e+01,-5.972392779999999846e+01,-6.556599359999999876e+01,-3.597800750000000107e+02,-3.597805010000000152e+02,-3.597805609999999774e+02
6.195540610000000000e+08,-4.705285450000000225e+01,-5.972392769999999729e+01,-6.556599359999999876e+01,-3.597898890000000165e+02,-3.597903009999999995e+02,-3.597903590000000236e+02
6.484570080000000000e+08,-4.705285440000000108e+01,-5.972392769999999729e+01,-6.556599359999999876e+01,-3.597992659999999887e+02,-3.597996650000000045e+02,-3.597997209999999768e+02
6.787083130000000000e+08,-4.705285429999999991e+01,-5.972392769999999729e+01,-6.556599359999999876e+01,-3.598082259999999906e+02,-3.598086129999999798e+02,-3.598086680000000115e+02
7.103708770000000000e+08,-4.705285429999999991e+01,-5.972392760000000322e+01,-6.556599350000000470e+01,-3.598167879999999741e+02,-3.598171639999999911e+02,-3.598172170000000278e+02
7.435105390000000000e+08,-4.705285419999999874e+01,-5.972392760000000322e+01,-6.556599350000000470e+01,-3.598249690000000101e+02,-3.598253349999999955e+02,-3.598253859999999804e+02
7.781962060000000000e+08,-4.705285419999999874e+01,-5.972392760000000322e+01,-6.556599350000000470e+01,-3.598327859999999987e+02,-3.598331420000000094e+02,-3.598331929999999943e+02
8.145000010000000000e+08,-4.705285409999999757e+01,-5.972392750000000206e+01,-6.556599350000000470e+01,-3.598402560000000108e+02,-3.598406029999999873e+02,-3.598406529999999748e+02
8.524974120000000000e+08,-4.705285409999999757e+01,-5.972392750000000206e+01,-6.556599339999999643e+01,-3.598473940000000084e+02,-3.598477330000000052e+02,-3.598477809999999977e+02
8.922674490000000000e+08,-4.705285400000000351e+01,-5.972392750000000206e+01,-6.556599339999999643e+01,-3.598542150000000106e+02,-3.598545470000000250e+02,-3.598545940000000201e+02
9.338928050000000000e+08,-4.705285400000000351e+01,-5.972392750000000206e+01,-6.556599339999999643e+01,-3.598607319999999845e+02,-3.598610580000000141e+02,-3.598611040000000116e+02
9.774600360000000000e+08,-4.705285400000000351e+01,-5.972392740000000089e+01,-6.556599339999999643e+01,-3.598669610000000034e+02,-3.598672799999999938e+02,-3.598673249999999939e+02
