time,Vind,Vinp,Vinn,Voutp,Voutn,Vout
1.990095270000000083e+00,0.000000000000000000e+00,7.500000000000000000e-01,7.500000000000000000e-01,9.034110189999999818e-03,1.496941349999999948e+00,-1.487907239999999964e+00
1.990220269999999791e+00,0.000000000000000000e+00,7.500000000000000000e-01,7.500000000000000000e-01,9.034110059999999470e-03,1.496941349999999948e+00,-1.487907239999999964e+00
1.990345269999999944e+00,0.000000000000000000e+00,7.500000000000000000e-01,7.500000000000000000e-01,9.034110169999999898e-03,1.496941349999999948e+00,-1.487907239999999964e+00
1.990470270000000097e+00,0.000000000000000000e+00,7.500000000000000000e-01,7.500000000000000000e-01,9.034110629999999795e-03,1.496941349999999948e+00,-1.487907239999999964e+00
1.990595270000000250e+00,0.000000000000000000e+00,7.500000000000000000e-01,7.500000000000000000e-01,9.034110450000000514e-03,1.496941349999999948e+00,-1.487907230000000025e+00
1.990720269999999958e+00,0.000000000000000000e+00,7.500000000000000000e-01,7.500000000000000000e-01,9.034110320000000166e-03,1.496941340000000009e+00,-1.487907230000000025e+00
1.990845269999999889e+00,0.000000000000000000e+00,7.500000000000000000e-01,7.500000000000000000e-01,9.034110149999999978e-03,1.496941340000000009e+00,-1.487907230000000025e+00
1.990970270000000042e+00,0.000000000000000000e+00,7.500000000000000000e-01,7.500000000000000000e-01,9.034110189999999818e-03,1.496941340000000009e+00,-1.487907230000000025e+00
1.991095269999999751e+00,0.000000000000000000e+00,7.500000000000000000e-01,7.500000000000000000e-01,9.034109849999999442e-03,1.496941340000000009e+00,-1.487907230000000025e+00
1.991220269999999903e+00,0.000000000000000000e+00,7.500000000000000000e-01,7.500000000000000000e-01,9.034109970000000697e-03,1.496941340000000009e+00,-1.487907230000000025e+00
1.991345270000000056e+00,0.000000000000000000e+00,7.500000000000000000e-01,7.500000000000000000e-01,9.034111290000000627e-03,1.496941340000000009e+00,-1.487907230000000025e+00
1.991470270000000209e+00,0.000000000000000000e+00,7.500000000000000000e-01,7.500000000000000000e-01,9.034111549999999588e-03,1.496941340000000009e+00,-1.487907230000000025e+00
1.991595269999999918e+00,0.000000000000000000e+00,7.500000000000000000e-01,7.500000000000000000e-01,9.034112789999999837e-03,1.496941340000000009e+00,-1.487907230000000025e+00
1.991720270000000070e+00,0.000000000000000000e+00,7.500000000000000000e-01,7.500000000000000000e-01,9.034113159999999226e-03,1.496941340000000009e+00,-1.487907230000000025e+00
1.991845270000000223e+00,0.000000000000000000e+00,7.500000000000000000e-01,7.500000000000000000e-01,9.034113280000000482e-03,1.496941340000000009e+00,-1.487907230000000025e+00
1.991970269999999710e+00,0.000000000000000000e+00,7.500000000000000000e-01,7.500000000000000000e-01,9.034113110000000293e-03,1.496941340000000009e+00,-1.487907230000000025e+00
1.992095269999999863e+00,0.000000000000000000e+00,7.500000000000000000e-01,7.500000000000000000e-01,9.034112630000000477e-03,1.496941340000000009e+00,-1.487907230000000025e+00
1.992220270000000015e+00,0.000000000000000000e+00,7.500000000000000000e-01,7.500000000000000000e-01,9.034112840000000505e-03,1.496941340000000009e+00,-1.487907230000000025e+00
1.992345270000000168e+00,0.000000000000000000e+00,7.500000000000000000e-01,7.500000000000000000e-01,9.034112960000000025e-03,1.496941340000000009e+00,-1.487907230000000025e+00
1.992470269999999877e+00,0.000000000000000000e+00,7.500000000000000000e-01,7.500000000000000000e-01,9.034113099999999466e-03,1.496941340000000009e+00,-1.487907230000000025e+00
1.992595270000000029e+00,0.000000000000000000e+00,7.500000000000000000e-01,7.500000000000000000e-01,9.034113430000000750e-03,1.496941340000000009e+00,-1.487907230000000025e+00
1.992720270000000182e+00,0.000000000000000000e+00,7.500000000000000000e-01,7.500000000000000000e-01,9.034113640000000778e-03,1.496941340000000009e+00,-1.487907230000000025e+00
1.992845269999999891e+00,0.000000000000000000e+00,7.500000000000000000e-01,7.500000000000000000e-01,9.034113640000000778e-03,1.496941340000000009e+00,-1.487907230000000025e+00
1.992970270000000044e+00,0.000000000000000000e+00,7.500000000000000000e-01,7.500000000000000000e-01,9.034113599999999203e-03,1.496941340000000009e+00,-1.487907230000000025e+00
1.993095269999999974e+00,0.000000000000000000e+00,7.500000000000000000e-01,7.500000000000000000e-01,9.034113189999999974e-03,1.496941340000000009e+00,-1.487907230000000025e+00
1.993220270000000127e+00,0.000000000000000000e+00,7.500000000000000000e-01,7.500000000000000000e-01,9.034114160000000435e-03,1.496941340000000009e+00,-1.487907230000000025e+00
1.993345269999999836e+00,0.000000000000000000e+00,7.500000000000000000e-01,7.500000000000000000e-01,9.034114439999999316e-03,1.496941340000000009e+00,-1.487907230000000025e+00
1.993470269999999989e+00,0.000000000000000000e+00,7.500000000000000000e-01,7.500000000000000000e-01,9.034115080000000228e-03,1.496941340000000009e+00,-1.487907230000000025e+00
1.993595270000000141e+00,0.000000000000000000e+00,7.500000000000000000e-01,7.500000000000000000e-01,9.034115520000000205e-03,1.496941340000000009e+00,-1.487907230000000025e+00
1.993720269999999850e+00,0.000000000000000000e+00,7.500000000000000000e-01,7.500000000000000000e-01,9.034115920000000341e-03,1.496941340000000009e+00,-1.487907220000000086e+00
1.993845270000000003e+00,0.000000000000000000e+00,7.500000000000000000e-01,7.500000000000000000e-01,9.034116369999999410e-03,1.496941340000000009e+00,-1.487907220000000086e+00
1.993970270000000156e+00,0.000000000000000000e+00,7.500000000000000000e-01,7.500000000000000000e-01,9.034116459999999918e-03,1.496941340000000009e+00,-1.487907220000000086e+00
1.994095270000000308e+00,0.000000000000000000e+00,7.500000000000000000e-01,7.500000000000000000e-01,9.034116579999999438e-03,1.496941340000000009e+00,-1.487907220000000086e+00
1.994220269999999795e+00,0.000000000000000000e+00,7.500000000000000000e-01,7.500000000000000000e-01,9.034116590000000266e-03,1.496941340000000009e+00,-1.487907220000000086e+00
1.994345269999999948e+00,0.000000000000000000e+00,7.500000000000000000e-01,7.500000000000000000e-01,9.034116599999999359e-03,1.496941340000000009e+00,-1.487907220000000086e+00
1.994470270000000101e+00,0.000000000000000000e+00,7.500000000000000000e-01,7.500000000000000000e-01,9.034117200000000431e-03,1.496941340000000009e+00,-1.487907220000000086e+00
1.994595269999999809e+00,0.000000000000000000e+00,7.500000000000000000e-01,7.500000000000000000e-01,9.034117149999999763e-03,1.496941340000000009e+00,-1.487907220000000086e+00
1.994720269999999962e+00,0.000000000000000000e+00,7.500000000000000000e-01,7.500000000000000000e-01,9.034116550000000426e-03,1.496941340000000009e+00,-1.487907220000000086e+00
1.994845270000000115e+00,0.000000000000000000e+00,7.500000000000000000e-01,7.500000000000000000e-01,9.034116689999999866e-03,1.496941340000000009e+00,-1.487907220000000086e+00
1.994970270000000268e+00,0.000000000000000000e+00,7.500000000000000000e-01,7.500000000000000000e-01,9.034116749999999627e-03,1.496941340000000009e+00,-1.487907220000000086e+00
1.995095269999999976e+00,0.000000000000000000e+00,7.500000000000000000e-01,7.500000000000000000e-01,9.034116919999999815e-03,1.496941340000000009e+00,-1.487907220000000086e+00
1.995220270000000129e+00,0.000000000000000000e+00,7.500000000000000000e-01,7.500000000000000000e-01,9.034116999999999495e-03,1.496941340000000009e+00,-1.487907220000000086e+00
1.995345270000000060e+00,0.000000000000000000e+00,7.500000000000000000e-01,7.500000000000000000e-01,9.034117059999999255e-03,1.496941340000000009e+00,-1.487907220000000086e+00
1.995470269999999768e+00,0.000000000000000000e+00,7.500000000000000000e-01,7.500000000000000000e-01,9.034117010000000322e-03,1.496941340000000009e+00,-1.487907220000000086e+00
1.995595269999999921e+00,0.000000000000000000e+00,7.500000000000000000e-01,7.500000000000000000e-01,9.034116899999999895e-03,1.496941340000000009e+00,-1.487907220000000086e+00
1.995720270000000074e+00,0.000000000000000000e+00,7.500000000000000000e-01,7.500000000000000000e-01,9.034117019999999415e-03,1.496941340000000009e+00,-1.487907220000000086e+00
1.995845269999999783e+00,0.000000000000000000e+00,7.500000000000000000e-01,7.500000000000000000e-01,9.034116650000000026e-03,1.496941340000000009e+00,-1.487907220000000086e+00
1.995970269999999935e+00,0.000000000000000000e+00,7.500000000000000000e-01,7.500000000000000000e-01,9.034116380000000238e-03,1.496941340000000009e+00,-1.487907220000000086e+00
1.996095270000000088e+00,0.000000000000000000e+00,7.500000000000000000e-01,7.500000000000000000e-01,9.034116070000000609e-03,1.496941340000000009e+00,-1.487907220000000086e+00
1.996220270000000241e+00,0.000000000000000000e+00,7.500000000000000000e-01,7.500000000000000000e-01,9.034115679999999565e-03,1.496941330000000070e+00,-1.487907220000000086e+00
1.996345269999999950e+00,0.000000000000000000e+00,7.500000000000000000e-01,7.500000000000000000e-01,9.034115179999999828e-03,1.496941330000000070e+00,-1.487907220000000086e+00
1.996470269999999880e+00,0.000000000000000000e+00,7.500000000000000000e-01,7.500000000000000000e-01,9.034115540000000125e-03,1.496941330000000070e+00,-1.487907220000000086e+00
1.996595270000000033e+00,0.000000000000000000e+00,7.500000000000000000e-01,7.500000000000000000e-01,9.034115089999999321e-03,1.496941330000000070e+00,-1.487907220000000086e+00
1.996720269999999742e+00,0.000000000000000000e+00,7.500000000000000000e-01,7.500000000000000000e-01,9.034115230000000496e-03,1.496941330000000070e+00,-1.487907220000000086e+00
1.996845269999999894e+00,0.000000000000000000e+00,7.500000000000000000e-01,7.500000000000000000e-01,9.034115190000000656e-03,1.496941330000000070e+00,-1.487907220000000086e+00
1.996970270000000047e+00,0.000000000000000000e+00,7.500000000000000000e-01,7.500000000000000000e-01,9.034115599999999885e-03,1.496941330000000070e+00,-1.487907220000000086e+00
1.997095270000000200e+00,0.000000000000000000e+00,7.500000000000000000e-01,7.500000000000000000e-01,9.034115650000000552e-03,1.496941330000000070e+00,-1.487907220000000086e+00
1.997220269999999909e+00,0.000000000000000000e+00,7.500000000000000000e-01,7.500000000000000000e-01,9.034116019999999941e-03,1.496941330000000070e+00,-1.487907220000000086e+00
1.997345270000000061e+00,0.000000000000000000e+00,7.500000000000000000e-01,7.500000000000000000e-01,9.034116090000000529e-03,1.496941330000000070e+00,-1.487907209999999925e+00
1.997470270000000214e+00,0.000000000000000000e+00,7.500000000000000000e-01,7.500000000000000000e-01,9.034116119999999542e-03,1.496941330000000070e+00,-1.487907209999999925e+00
1.997595269999999701e+00,0.000000000000000000e+00,7.500000000000000000e-01,7.500000000000000000e-01,9.034116010000000849e-03,1.496941330000000070e+00,-1.487907209999999925e+00
1.997720269999999854e+00,0.000000000000000000e+00,7.500000000000000000e-01,7.500000000000000000e-01,9.034116619999999279e-03,1.496941330000000070e+00,-1.487907209999999925e+00
1.997845270000000006e+00,0.000000000000000000e+00,7.500000000000000000e-01,7.500000000000000000e-01,9.034116660000000854e-03,1.496941330000000070e+00,-1.487907209999999925e+00
1.997970270000000159e+00,0.000000000000000000e+00,7.500000000000000000e-01,7.500000000000000000e-01,9.034117160000000590e-03,1.496941330000000070e+00,-1.487907209999999925e+00
1.998095269999999868e+00,0.000000000000000000e+00,7.500000000000000000e-01,7.500000000000000000e-01,9.034116899999999895e-03,1.496941330000000070e+00,-1.487907209999999925e+00
1.998220270000000021e+00,0.000000000000000000e+00,7.500000000000000000e-01,7.500000000000000000e-01,9.034117120000000750e-03,1.496941330000000070e+00,-1.487907209999999925e+00
1.998345270000000173e+00,0.000000000000000000e+00,7.500000000000000000e-01,7.500000000000000000e-01,9.034117700000000167e-03,1.496941330000000070e+00,-1.487907209999999925e+00
1.998470269999999882e+00,0.000000000000000000e+00,7.500000000000000000e-01,7.500000000000000000e-01,9.034117549999999899e-03,1.496941330000000070e+00,-1.487907209999999925e+00
1.998595270000000035e+00,0.000000000000000000e+00,7.500000000000000000e-01,7.500000000000000000e-01,9.034117100000000830e-03,1.496941330000000070e+00,-1.487907209999999925e+00
1.998720269999999966e+00,0.000000000000000000e+00,7.500000000000000000e-01,7.500000000000000000e-01,9.034116970000000482e-03,1.496941330000000070e+00,-1.487907209999999925e+00
1.998845270000000118e+00,0.000000000000000000e+00,7.500000000000000000e-01,7.500000000000000000e-01,9.034116910000000722e-03,1.496941330000000070e+00,-1.487907209999999925e+00
1.998970269999999827e+00,0.000000000000000000e+00,7.500000000000000000e-01,7.500000000000000000e-01,9.034116849999999227e-03,1.496941330000000070e+00,-1.487907209999999925e+00
1.999095269999999980e+00,0.000000000000000000e+00,7.500000000000000000e-01,7.500000000000000000e-01,9.034116800000000294e-03,1.496941319999999909e+00,-1.487907209999999925e+00
1.999220270000000133e+00,0.000000000000000000e+00,7.500000000000000000e-01,7.500000000000000000e-01,9.034116550000000426e-03,1.496941319999999909e+00,-1.487907209999999925e+00
1.999345269999999841e+00,0.000000000000000000e+00,7.500000000000000000e-01,7.500000000000000000e-01,9.034116680000000774e-03,1.496941319999999909e+00,-1.487907209999999925e+00
1.999470269999999994e+00,0.000000000000000000e+00,7.500000000000000000e-01,7.500000000000000000e-01,9.034117629999999580e-03,1.496941319999999909e+00,-1.487907209999999925e+00
1.999595270000000147e+00,0.000000000000000000e+00,7.500000000000000000e-01,7.500000000000000000e-01,9.034117779999999848e-03,1.496941319999999909e+00,-1.487907209999999925e+00
1.999720270000000300e+00,0.000000000000000000e+00,7.500000000000000000e-01,7.500000000000000000e-01,9.034118379999999185e-03,1.496941319999999909e+00,-1.487907209999999925e+00
1.999845269999999786e+00,0.000000000000000000e+00,7.500000000000000000e-01,7.500000000000000000e-01,9.034118710000000468e-03,1.496941319999999909e+00,-1.487907199999999985e+00
1.999970269999999939e+00,0.000000000000000000e+00,7.500000000000000000e-01,7.500000000000000000e-01,9.034118770000000229e-03,1.496941319999999909e+00,-1.487907199999999985e+00
2.000000000000000000e+00,0.000000000000000000e+00,7.500000000000000000e-01,7.500000000000000000e-01,9.034118969999999429e-03,1.496941319999999909e+00,-1.487907199999999985e+00
2.000000000000000000e+00,1.499999989999999950e-01,8.249999999999999556e-01,6.750000000000000444e-01,-3.837811420000000057e-02,1.536338250000000016e+00,-1.574716360000000037e+00
2.000000000000000000e+00,4.499999980000000122e-01,9.749999990000000061e-01,5.250000009999999939e-01,-1.465458109999999980e-01,1.568246489999999937e+00,-1.714792300000000047e+00
2.000000000000000000e+00,6.822883400000000487e-01,1.091144169999999969e+00,4.088558299999999757e-01,-2.345140810000000131e-01,1.565789829999999938e+00,-1.800303910000000007e+00
2.000000009999999939e+00,9.097155319999999934e-01,1.204857770000000050e+00,2.951422340000000033e-01,-3.218604880000000001e-01,1.551178769999999929e+00,-1.873039260000000095e+00
2.000000009999999939e+00,1.311849199999999938e+00,1.405924600000000080e+00,9.407540150000000267e-02,-4.779357739999999799e-01,1.501799880000000087e+00,-1.979735660000000008e+00
2.000000009999999939e+00,1.499999990000000061e+00,1.500000000000000000e+00,2.996852099999999890e-09,-5.524261879999999847e-01,1.467437090000000000e+00,-2.019863280000000039e+00
2.000000009999999939e+00,1.500000000000000000e+00,1.500000000000000000e+00,-0.000000000000000000e+00,-5.523901159999999866e-01,1.467153820000000053e+00,-2.019543940000000148e+00
2.000000009999999939e+00,1.500000000000000000e+00,1.500000000000000000e+00,-0.000000000000000000e+00,-5.523457630000000451e-01,1.467187639999999904e+00,-2.019533399999999812e+00
2.000000009999999939e+00,1.500000000000000000e+00,1.500000000000000000e+00,-0.000000000000000000e+00,-5.523409940000000296e-01,1.467214840000000020e+00,-2.019555840000000213e+00
2.000000009999999939e+00,1.500000000000000000e+00,1.500000000000000000e+00,-0.000000000000000000e+00,-5.523284090000000202e-01,1.467266780000000104e+00,-2.019595189999999985e+00
2.000000009999999939e+00,1.500000000000000000e+00,1.500000000000000000e+00,-0.000000000000000000e+00,-5.522951179999999738e-01,1.467375319999999927e+00,-2.019670440000000067e+00
2.000000019999999878e+00,1.500000000000000000e+00,1.500000000000000000e+00,-0.000000000000000000e+00,-5.522280880000000058e-01,1.467592079999999966e+00,-2.019820170000000026e+00
2.000000029999999818e+00,1.500000000000000000e+00,1.500000000000000000e+00,-0.000000000000000000e+00,-5.520953309999999670e-01,1.468024219999999991e+00,-2.020119549999999986e+00
2.000000049999999696e+00,1.500000000000000000e+00,1.500000000000000000e+00,-0.000000000000000000e+00,-5.518323019999999968e-01,1.468885549999999984e+00,-2.020717859999999977e+00
2.000000089999999897e+00,1.500000000000000000e+00,1.500000000000000000e+00,-0.000000000000000000e+00,-5.513122310000000414e-01,1.470601810000000009e+00,-2.021914039999999968e+00
2.000000169999999855e+00,1.500000000000000000e+00,1.500000000000000000e+00,-0.000000000000000000e+00,-5.502883570000000057e-01,1.474017689999999936e+00,-2.024306049999999857e+00
2.000000330000000215e+00,1.500000000000000000e+00,1.500000000000000000e+00,-0.000000000000000000e+00,-5.482868789999999493e-01,1.480807030000000024e+00,-2.029093899999999895e+00
2.000000640000000107e+00,1.500000000000000000e+00,1.500000000000000000e+00,-0.000000000000000000e+00,-5.444277450000000185e-01,1.494262479999999949e+00,-2.038690219999999886e+00
2.000001270000000275e+00,1.500000000000000000e+00,1.500000000000000000e+00,-0.000000000000000000e+00,-5.371771669999999554e-01,1.520767200000000097e+00,-2.057944369999999967e+00
2.000002529999999723e+00,1.500000000000000000e+00,1.500000000000000000e+00,-0.000000000000000000e+00,-5.240719820000000473e-01,1.572306360000000014e+00,-2.096378339999999785e+00
2.000005060000000334e+00,1.500000000000000000e+00,1.500000000000000000e+00,-0.000000000000000000e+00,-5.011885369999999895e-01,1.669116540000000093e+00,-2.170305079999999887e+00
2.000008760000000052e+00,1.500000000000000000e+00,1.500000000000000000e+00,-0.000000000000000000e+00,-4.753800730000000141e-01,1.772495230000000088e+00,-2.247875300000000021e+00
2.000009200000000043e+00,1.500000000000000000e+00,1.500000000000000000e+00,-0.000000000000000000e+00,-4.738003239999999949e-01,1.776466740000000044e+00,-2.250267060000000097e+00
2.000010070000000084e+00,1.500000000000000000e+00,1.500000000000000000e+00,-0.000000000000000000e+00,-4.710493470000000071e-01,1.782233729999999960e+00,-2.253283080000000105e+00
2.000010099999999902e+00,1.500000000000000000e+00,1.500000000000000000e+00,-0.000000000000000000e+00,-4.709694030000000087e-01,1.782382359999999943e+00,-2.253351760000000148e+00
2.000010149999999598e+00,1.500000000000000000e+00,1.500000000000000000e+00,-0.000000000000000000e+00,-4.708101199999999986e-01,1.782675130000000108e+00,-2.253485250000000217e+00
2.000010259999999818e+00,1.500000000000000000e+00,1.500000000000000000e+00,-0.000000000000000000e+00,-4.704940470000000263e-01,1.783243560000000061e+00,-2.253737609999999947e+00
2.000010479999999813e+00,1.500000000000000000e+00,1.500000000000000000e+00,-0.000000000000000000e+00,-4.698735940000000055e-01,1.784320750000000011e+00,-2.254194350000000124e+00
2.000010920000000247e+00,1.500000000000000000e+00,1.500000000000000000e+00,-0.000000000000000000e+00,-4.686821449999999945e-01,1.786264279999999927e+00,-2.254946420000000007e+00
2.000011790000000289e+00,1.500000000000000000e+00,1.500000000000000000e+00,-0.000000000000000000e+00,-4.664671029999999941e-01,1.789489359999999918e+00,-2.255956460000000163e+00
2.000013540000000312e+00,1.500000000000000000e+00,1.500000000000000000e+00,-0.000000000000000000e+00,-4.625242820000000088e-01,1.794196200000000019e+00,-2.256720479999999807e+00
2.000017029999999973e+00,1.500000000000000000e+00,1.500000000000000000e+00,-0.000000000000000000e+00,-4.558590829999999983e-01,1.799715820000000077e+00,-2.255574900000000049e+00
2.000024009999999741e+00,1.500000000000000000e+00,1.500000000000000000e+00,-0.000000000000000000e+00,-4.451159230000000244e-01,1.803541609999999906e+00,-2.248657530000000015e+00
2.000034480000000059e+00,1.500000000000000000e+00,1.500000000000000000e+00,-0.000000000000000000e+00,-4.320475970000000054e-01,1.802347989999999900e+00,-2.234395580000000159e+00
2.000052809999999681e+00,1.500000000000000000e+00,1.500000000000000000e+00,-0.000000000000000000e+00,-4.124996080000000176e-01,1.795420959999999955e+00,-2.207920570000000193e+00
2.000078789999999884e+00,1.500000000000000000e+00,1.500000000000000000e+00,-0.000000000000000000e+00,-3.878259009999999729e-01,1.785037800000000008e+00,-2.172863700000000176e+00
2.000122090000000075e+00,1.500000000000000000e+00,1.500000000000000000e+00,-0.000000000000000000e+00,-3.513405829999999841e-01,1.770362999999999909e+00,-2.121703580000000144e+00
2.000184690000000209e+00,1.500000000000000000e+00,1.500000000000000000e+00,-0.000000000000000000e+00,-3.065453770000000078e-01,1.752190560000000064e+00,-2.058735940000000042e+00
2.000285399999999658e+00,1.500000000000000000e+00,1.500000000000000000e+00,-0.000000000000000000e+00,-2.486813870000000037e-01,1.726348089999999891e+00,-1.975029479999999893e+00
2.000410399999999811e+00,1.500000000000000000e+00,1.500000000000000000e+00,-0.000000000000000000e+00,-1.941752810000000051e-01,1.698293059999999910e+00,-1.892468349999999910e+00
2.000535399999999964e+00,1.500000000000000000e+00,1.500000000000000000e+00,-0.000000000000000000e+00,-1.535167430000000111e-01,1.673859329999999979e+00,-1.827376080000000069e+00
2.000660400000000116e+00,1.500000000000000000e+00,1.500000000000000000e+00,-0.000000000000000000e+00,-1.228329130000000019e-01,1.652465129999999949e+00,-1.775298040000000022e+00
2.000785399999999825e+00,1.500000000000000000e+00,1.500000000000000000e+00,-0.000000000000000000e+00,-9.935988530000000596e-02,1.633677349999999917e+00,-1.733037230000000095e+00
2.000910399999999978e+00,1.500000000000000000e+00,1.500000000000000000e+00,-0.000000000000000000e+00,-8.113157729999999346e-02,1.617158819999999997e+00,-1.698290389999999928e+00
2.001035400000000131e+00,1.500000000000000000e+00,1.500000000000000000e+00,-0.000000000000000000e+00,-6.675780639999999433e-02,1.602635480000000001e+00,-1.669393279999999979e+00
2.001160399999999839e+00,1.500000000000000000e+00,1.500000000000000000e+00,-0.000000000000000000e+00,-5.526431629999999789e-02,1.589877289999999999e+00,-1.645141610000000032e+00
2.001285399999999992e+00,1.500000000000000000e+00,1.500000000000000000e+00,-0.000000000000000000e+00,-4.597020339999999955e-02,1.578685949999999893e+00,-1.624656160000000016e+00
2.001410400000000145e+00,1.500000000000000000e+00,1.500000000000000000e+00,-0.000000000000000000e+00,-3.839378489999999838e-02,1.568886430000000054e+00,-1.607280220000000037e+00
2.001535400000000298e+00,1.500000000000000000e+00,1.500000000000000000e+00,-0.000000000000000000e+00,-3.218505929999999904e-02,1.560321590000000036e+00,-1.592506640000000084e+00
2.001660400000000006e+00,1.500000000000000000e+00,1.500000000000000000e+00,-0.000000000000000000e+00,-2.708076800000000159e-02,1.552849060000000003e+00,-1.579929829999999980e+00
2.001785400000000159e+00,1.500000000000000000e+00,1.500000000000000000e+00,-0.000000000000000000e+00,-2.287652830000000068e-02,1.546339679999999994e+00,-1.569216210000000000e+00
2.001910400000000312e+00,1.500000000000000000e+00,1.500000000000000000e+00,-0.000000000000000000e+00,-1.941011330000000021e-02,1.540676549999999922e+00,-1.560086670000000009e+00
2.002035400000000021e+00,1.500000000000000000e+00,1.500000000000000000e+00,-0.000000000000000000e+00,-1.655121459999999919e-02,1.535754309999999956e+00,-1.552305529999999933e+00
2.002160399999999729e+00,1.500000000000000000e+00,1.500000000000000000e+00,-0.000000000000000000e+00,-1.419472549999999979e-02,1.531478359999999928e+00,-1.545673080000000033e+00
2.002285399999999882e+00,1.500000000000000000e+00,1.500000000000000000e+00,-0.000000000000000000e+00,-1.225591739999999999e-02,1.527763790000000066e+00,-1.540019709999999931e+00
2.002410400000000035e+00,1.500000000000000000e+00,1.500000000000000000e+00,-0.000000000000000000e+00,-1.066671490000000062e-02,1.524534119999999993e+00,-1.535200839999999900e+00
2.002535399999999743e+00,1.500000000000000000e+00,1.500000000000000000e+00,-0.000000000000000000e+00,-9.372641339999999641e-03,1.521719480000000013e+00,-1.531092120000000056e+00
2.002660399999999896e+00,1.500000000000000000e+00,1.500000000000000000e+00,-0.000000000000000000e+00,-8.330130879999999780e-03,1.519254209999999938e+00,-1.527584349999999924e+00
2.002785400000000049e+00,1.500000000000000000e+00,1.500000000000000000e+00,-0.000000000000000000e+00,-7.503958370000000065e-03,1.517073649999999940e+00,-1.524577599999999977e+00
2.002910399999999758e+00,1.500000000000000000e+00,1.500000000000000000e+00,-0.000000000000000000e+00,-6.864829539999999820e-03,1.515109779999999962e+00,-1.521974610000000006e+00
2.003035399999999910e+00,1.500000000000000000e+00,1.500000000000000000e+00,-0.000000000000000000e+00,-6.387503489999999881e-03,1.513286380000000042e+00,-1.519673880000000032e+00
2.003160400000000063e+00,1.500000000000000000e+00,1.500000000000000000e+00,-0.000000000000000000e+00,-6.049869549999999790e-03,1.511514379999999935e+00,-1.517564249999999948e+00
2.003285400000000216e+00,1.500000000000000000e+00,1.500000000000000000e+00,-0.000000000000000000e+00,-5.832877569999999658e-03,1.509688890000000061e+00,-1.515521770000000101e+00
2.003410399999999925e+00,1.500000000000000000e+00,1.500000000000000000e+00,-0.000000000000000000e+00,-5.720919649999999662e-03,1.507688680000000003e+00,-1.513409599999999910e+00
2.003535400000000077e+00,1.500000000000000000e+00,1.500000000000000000e+00,-0.000000000000000000e+00,-5.701922869999999886e-03,1.505377720000000030e+00,-1.511079639999999946e+00
2.003660400000000230e+00,1.500000000000000000e+00,1.500000000000000000e+00,-0.000000000000000000e+00,-5.764049240000000164e-03,1.502647960000000005e+00,-1.508412010000000025e+00
2.003785399999999939e+00,1.500000000000000000e+00,1.500000000000000000e+00,-0.000000000000000000e+00,-5.903226979999999686e-03,1.499285619999999986e+00,-1.505188849999999912e+00
2.003910400000000092e+00,1.500000000000000000e+00,1.500000000000000000e+00,-0.000000000000000000e+00,-6.119109969999999774e-03,1.495116719999999955e+00,-1.501235829999999938e+00
2.004035400000000244e+00,1.500000000000000000e+00,1.500000000000000000e+00,-0.000000000000000000e+00,-6.407531959999999797e-03,1.489964199999999961e+00,-1.496371729999999900e+00
2.004160400000000397e+00,1.500000000000000000e+00,1.500000000000000000e+00,-0.000000000000000000e+00,-6.761506920000000254e-03,1.483644210000000019e+00,-1.490405720000000045e+00
2.004285399999999662e+00,1.500000000000000000e+00,1.500000000000000000e+00,-0.000000000000000000e+00,-7.169774450000000222e-03,1.475969290000000100e+00,-1.483139070000000004e+00
2.004410399999999814e+00,1.500000000000000000e+00,1.500000000000000000e+00,-0.000000000000000000e+00,-7.607044510000000002e-03,1.466750149999999975e+00,-1.474357200000000034e+00
2.004535399999999967e+00,1.500000000000000000e+00,1.500000000000000000e+00,-0.000000000000000000e+00,-8.016861449999999195e-03,1.455800519999999931e+00,-1.463817380000000057e+00
2.004660399999999676e+00,1.500000000000000000e+00,1.500000000000000000e+00,-0.000000000000000000e+00,-8.273669770000000381e-03,1.442877699999999930e+00,-1.451151370000000052e+00
2.004785399999999829e+00,1.500000000000000000e+00,1.500000000000000000e+00,-0.000000000000000000e+00,-8.252133539999999615e-03,1.428119850000000080e+00,-1.436371980000000104e+00
2.004910399999999981e+00,1.500000000000000000e+00,1.500000000000000000e+00,-0.000000000000000000e+00,-7.759084079999999974e-03,1.411807459999999903e+00,-1.419566550000000094e+00
2.005035400000000134e+00,1.500000000000000000e+00,1.500000000000000000e+00,-0.000000000000000000e+00,-6.566082550000000399e-03,1.394350720000000043e+00,-1.400916810000000012e+00
2.005160399999999843e+00,1.500000000000000000e+00,1.500000000000000000e+00,-0.000000000000000000e+00,-4.423287239999999614e-03,1.376174409999999959e+00,-1.380597700000000039e+00
2.005285399999999996e+00,1.500000000000000000e+00,1.500000000000000000e+00,-0.000000000000000000e+00,-1.091565669999999995e-03,1.357620070000000068e+00,-1.358711640000000109e+00
2.005410400000000148e+00,1.500000000000000000e+00,1.500000000000000000e+00,-0.000000000000000000e+00,3.635362770000000014e-03,1.338905900000000093e+00,-1.335270540000000006e+00
2.005535399999999857e+00,1.500000000000000000e+00,1.500000000000000000e+00,-0.000000000000000000e+00,9.929507029999999623e-03,1.320132840000000085e+00,-1.310203329999999999e+00
2.005660400000000010e+00,1.500000000000000000e+00,1.500000000000000000e+00,-0.000000000000000000e+00,1.793588949999999974e-02,1.301311440000000097e+00,-1.283375549999999921e+00
2.005785400000000163e+00,1.500000000000000000e+00,1.500000000000000000e+00,-0.000000000000000000e+00,2.777109419999999884e-02,1.282388220000000079e+00,-1.254617120000000030e+00
2.005910400000000315e+00,1.500000000000000000e+00,1.500000000000000000e+00,-0.000000000000000000e+00,3.949304430000000199e-02,1.263262920000000067e+00,-1.223769869999999926e+00
2.006035400000000024e+00,1.500000000000000000e+00,1.500000000000000000e+00,-0.000000000000000000e+00,5.304779610000000256e-02,1.243795750000000089e+00,-1.190747949999999999e+00
2.006160400000000177e+00,1.500000000000000000e+00,1.500000000000000000e+00,-0.000000000000000000e+00,6.826421579999999989e-02,1.223810480000000034e+00,-1.155546259999999936e+00
2.006285400000000330e+00,1.500000000000000000e+00,1.500000000000000000e+00,-0.000000000000000000e+00,8.492203769999999430e-02,1.203107839999999928e+00,-1.118185800000000008e+00
2.006410400000000038e+00,1.500000000000000000e+00,1.500000000000000000e+00,-0.000000000000000000e+00,1.028127020000000058e-01,1.181520429999999955e+00,-1.078707730000000087e+00
2.006535399999999747e+00,1.500000000000000000e+00,1.500000000000000000e+00,-0.000000000000000000e+00,1.217600830000000051e-01,1.159008639999999923e+00,-1.037248560000000097e+00
2.006660399999999900e+00,1.500000000000000000e+00,1.500000000000000000e+00,-0.000000000000000000e+00,1.416187560000000123e-01,1.135652799999999907e+00,-9.940340420000000066e-01
2.006785400000000053e+00,1.500000000000000000e+00,1.500000000000000000e+00,-0.000000000000000000e+00,1.622647289999999964e-01,1.111560499999999951e+00,-9.492957690000000115e-01
2.006910399999999761e+00,1.500000000000000000e+00,1.500000000000000000e+00,-0.000000000000000000e+00,1.835904550000000135e-01,1.086835079999999953e+00,-9.032446250000000232e-01
2.007035399999999914e+00,1.500000000000000000e+00,1.500000000000000000e+00,-0.000000000000000000e+00,2.055035239999999930e-01,1.061571569999999909e+00,-8.560680470000000541e-01
2.007160400000000067e+00,1.500000000000000000e+00,1.500000000000000000e+00,-0.000000000000000000e+00,2.279181279999999976e-01,1.035869060000000008e+00,-8.079509280000000127e-01
2.007285399999999775e+00,1.500000000000000000e+00,1.500000000000000000e+00,-0.000000000000000000e+00,2.507582700000000053e-01,1.009815909999999928e+00,-7.590576390000000062e-01
2.007410399999999928e+00,1.500000000000000000e+00,1.500000000000000000e+00,-0.000000000000000000e+00,2.739559710000000203e-01,9.834912430000000150e-01,-7.095352719999999946e-01
2.007535400000000081e+00,1.500000000000000000e+00,1.500000000000000000e+00,-0.000000000000000000e+00,2.974478440000000168e-01,9.569686330000000130e-01,-6.595207899999999679e-01
2.007660399999999790e+00,1.500000000000000000e+00,1.500000000000000000e+00,-0.000000000000000000e+00,3.211787420000000171e-01,9.303054720000000222e-01,-6.091267289999999779e-01
2.007785399999999942e+00,1.500000000000000000e+00,1.500000000000000000e+00,-0.000000000000000000e+00,3.450964799999999832e-01,9.035527709999999768e-01,-5.584562910000000491e-01
2.007910400000000095e+00,1.500000000000000000e+00,1.500000000000000000e+00,-0.000000000000000000e+00,3.691519309999999887e-01,8.767531880000000166e-01,-5.076012570000000279e-01
2.008035400000000248e+00,1.500000000000000000e+00,1.500000000000000000e+00,-0.000000000000000000e+00,3.932992550000000143e-01,8.499411230000000206e-01,-4.566418680000000063e-01
2.008160399999999957e+00,1.500000000000000000e+00,1.500000000000000000e+00,-0.000000000000000000e+00,4.174961389999999883e-01,8.231435049999999976e-01,-4.056473660000000092e-01
2.008285400000000109e+00,1.500000000000000000e+00,1.500000000000000000e+00,-0.000000000000000000e+00,4.417040649999999791e-01,7.963808249999999589e-01,-3.546767610000000071e-01
2.008410400000000262e+00,1.500000000000000000e+00,1.500000000000000000e+00,-0.000000000000000000e+00,4.658885939999999892e-01,7.696682500000000537e-01,-3.037796569999999807e-01
2.008535399999999971e+00,1.500000000000000000e+00,1.500000000000000000e+00,-0.000000000000000000e+00,4.900211620000000101e-01,7.430152060000000391e-01,-2.529940430000000018e-01
2.008660400000000124e+00,1.500000000000000000e+00,1.500000000000000000e+00,-0.000000000000000000e+00,5.140720149999999933e-01,7.164306390000000357e-01,-2.023586239999999870e-01
2.008785399999999832e+00,1.500000000000000000e+00,1.500000000000000000e+00,-0.000000000000000000e+00,5.380202090000000270e-01,6.899205010000000193e-01,-1.519002909999999928e-01
2.008910399999999985e+00,1.500000000000000000e+00,1.500000000000000000e+00,-0.000000000000000000e+00,5.618504650000000211e-01,6.634892589999999979e-01,-1.016387940000000045e-01
2.009035399999999694e+00,1.500000000000000000e+00,1.500000000000000000e+00,-0.000000000000000000e+00,5.855514499999999734e-01,6.371402459999999657e-01,-5.158879570000000220e-02
2.009160399999999846e+00,1.500000000000000000e+00,1.500000000000000000e+00,-0.000000000000000000e+00,6.091152269999999813e-01,6.108758850000000074e-01,-1.760657560000000038e-03
2.009285399999999999e+00,1.500000000000000000e+00,1.500000000000000000e+00,-0.000000000000000000e+00,6.325370169999999792e-01,5.846980019999999945e-01,4.783901520000000129e-02
2.009410399999999708e+00,1.500000000000000000e+00,1.500000000000000000e+00,-0.000000000000000000e+00,6.558148630000000257e-01,5.586081410000000025e-01,9.720672230000000635e-02
2.009535399999999861e+00,1.500000000000000000e+00,1.500000000000000000e+00,-0.000000000000000000e+00,6.789491859999999823e-01,5.326078210000000368e-01,1.463413640000000016e-01
2.009660400000000013e+00,1.500000000000000000e+00,1.500000000000000000e+00,-0.000000000000000000e+00,7.019422939999999667e-01,5.066987299999999861e-01,1.952435640000000083e-01
2.009785400000000166e+00,1.500000000000000000e+00,1.500000000000000000e+00,-0.000000000000000000e+00,7.247979199999999844e-01,4.808829199999999915e-01,2.439149999999999929e-01
2.009910399999999875e+00,1.500000000000000000e+00,1.500000000000000000e+00,-0.000000000000000000e+00,7.475204800000000427e-01,4.551654569999999955e-01,2.923550229999999917e-01
2.010035400000000028e+00,1.500000000000000000e+00,1.500000000000000000e+00,-0.000000000000000000e+00,7.701159810000000050e-01,4.295522419999999730e-01,3.405637389999999765e-01
2.010160400000000180e+00,1.500000000000000000e+00,1.500000000000000000e+00,-0.000000000000000000e+00,7.925899100000000086e-01,4.040632880000000204e-01,3.885266219999999882e-01
2.010285399999999889e+00,1.500000000000000000e+00,1.500000000000000000e+00,-0.000000000000000000e+00,8.149476450000000538e-01,3.787577010000000022e-01,4.361899430000000244e-01
2.010410400000000042e+00,1.500000000000000000e+00,1.500000000000000000e+00,-0.000000000000000000e+00,8.371947730000000032e-01,3.537605990000000089e-01,4.834341739999999943e-01
2.010535400000000195e+00,1.500000000000000000e+00,1.500000000000000000e+00,-0.000000000000000000e+00,8.593375500000000056e-01,3.292341830000000136e-01,5.301033670000000475e-01
2.010660400000000347e+00,1.500000000000000000e+00,1.500000000000000000e+00,-0.000000000000000000e+00,8.813815950000000177e-01,3.053381490000000031e-01,5.760434460000000145e-01
2.010785400000000056e+00,1.500000000000000000e+00,1.500000000000000000e+00,-0.000000000000000000e+00,9.033301009999999964e-01,2.822215020000000130e-01,6.211085990000000390e-01
2.010910400000000209e+00,1.500000000000000000e+00,1.500000000000000000e+00,-0.000000000000000000e+00,9.251833760000000018e-01,2.600190669999999926e-01,6.651643090000000091e-01
2.011035399999999917e+00,1.500000000000000000e+00,1.500000000000000000e+00,-0.000000000000000000e+00,9.469387150000000419e-01,2.388471650000000002e-01,7.080915500000000140e-01
2.011160399999999626e+00,1.500000000000000000e+00,1.500000000000000000e+00,-0.000000000000000000e+00,9.685895140000000403e-01,2.188003639999999972e-01,7.497891490000000436e-01
2.011285399999999779e+00,1.500000000000000000e+00,1.500000000000000000e+00,-0.000000000000000000e+00,9.901228279999999549e-01,1.999495069999999985e-01,7.901733199999999568e-01
2.011410399999999932e+00,1.500000000000000000e+00,1.500000000000000000e+00,-0.000000000000000000e+00,1.011514849999999965e+00,1.823408940000000034e-01,8.291739540000000463e-01
2.011535400000000084e+00,1.500000000000000000e+00,1.500000000000000000e+00,-0.000000000000000000e+00,1.032724839999999977e+00,1.659965489999999932e-01,8.667282920000000113e-01
2.011660399999999793e+00,1.500000000000000000e+00,1.500000000000000000e+00,-0.000000000000000000e+00,1.053691369999999905e+00,1.509156379999999908e-01,9.027757280000000550e-01
2.011785399999999946e+00,1.500000000000000000e+00,1.500000000000000000e+00,-0.000000000000000000e+00,1.074337040000000076e+00,1.370770430000000095e-01,9.372599950000000124e-01
2.011910400000000099e+00,1.500000000000000000e+00,1.500000000000000000e+00,-0.000000000000000000e+00,1.094581990000000005e+00,1.244427879999999986e-01,9.701391980000000359e-01
2.012035399999999807e+00,1.500000000000000000e+00,1.500000000000000000e+00,-0.000000000000000000e+00,1.114356399999999914e+00,1.129616060000000061e-01,1.001394789999999979e+00
2.012160399999999960e+00,1.500000000000000000e+00,1.500000000000000000e+00,-0.000000000000000000e+00,1.133605430000000025e+00,1.025722119999999959e-01,1.031033220000000084e+00
2.012285400000000113e+00,1.500000000000000000e+00,1.500000000000000000e+00,-0.000000000000000000e+00,1.152288559999999906e+00,9.320625350000000253e-02,1.059082309999999971e+00
2.012410400000000266e+00,1.500000000000000000e+00,1.500000000000000000e+00,-0.000000000000000000e+00,1.170377250000000036e+00,8.479100400000000315e-02,1.085586249999999975e+00
2.012535399999999974e+00,1.500000000000000000e+00,1.500000000000000000e+00,-0.000000000000000000e+00,1.187852509999999917e+00,7.725173230000000058e-02,1.110600779999999954e+00
2.012660400000000127e+00,1.500000000000000000e+00,1.500000000000000000e+00,-0.000000000000000000e+00,1.204702839999999942e+00,7.051371350000000537e-02,1.134189120000000051e+00
2.012785400000000280e+00,1.500000000000000000e+00,1.500000000000000000e+00,-0.000000000000000000e+00,1.220922510000000072e+00,6.450384130000000327e-02,1.156418670000000093e+00
2.012910399999999989e+00,1.500000000000000000e+00,1.500000000000000000e+00,-0.000000000000000000e+00,1.236510180000000014e+00,5.915186620000000006e-02,1.177358310000000019e+00
2.013035400000000141e+00,1.500000000000000000e+00,1.500000000000000000e+00,-0.000000000000000000e+00,1.251467799999999908e+00,5.439128890000000105e-02,1.197076510000000038e+00
2.013160400000000294e+00,1.500000000000000000e+00,1.500000000000000000e+00,-0.000000000000000000e+00,1.265799810000000081e+00,5.015995069999999723e-02,1.215639850000000077e+00
2.013285400000000003e+00,1.500000000000000000e+00,1.500000000000000000e+00,-0.000000000000000000e+00,1.279512489999999891e+00,4.640038099999999749e-02,1.233112109999999984e+00
2.013410399999999711e+00,1.500000000000000000e+00,1.500000000000000000e+00,-0.000000000000000000e+00,1.292613589999999979e+00,4.305994109999999875e-02,1.249553649999999960e+00
2.013535399999999864e+00,1.500000000000000000e+00,1.500000000000000000e+00,-0.000000000000000000e+00,1.305131899999999900e+00,4.008962719999999841e-02,1.265042269999999913e+00
2.013660400000000017e+00,1.500000000000000000e+00,1.500000000000000000e+00,-0.000000000000000000e+00,1.317055499999999935e+00,3.744718030000000059e-02,1.279608319999999910e+00
2.013785399999999726e+00,1.500000000000000000e+00,1.500000000000000000e+00,-0.000000000000000000e+00,1.328375939999999922e+00,3.509492820000000013e-02,1.293281010000000064e+00
2.013910399999999878e+00,1.500000000000000000e+00,1.500000000000000000e+00,-0.000000000000000000e+00,1.339122939999999984e+00,3.299842640000000271e-02,1.306124510000000072e+00
2.014035400000000031e+00,1.500000000000000000e+00,1.500000000000000000e+00,-0.000000000000000000e+00,1.349310769999999993e+00,3.112713560000000129e-02,1.318183639999999990e+00
2.014160399999999740e+00,1.500000000000000000e+00,1.500000000000000000e+00,-0.000000000000000000e+00,1.358952240000000034e+00,2.945404269999999866e-02,1.329498199999999963e+00
2.014285399999999893e+00,1.500000000000000000e+00,1.500000000000000000e+00,-0.000000000000000000e+00,1.368060739999999997e+00,2.795536870000000021e-02,1.340105370000000073e+00
2.014410400000000045e+00,1.500000000000000000e+00,1.500000000000000000e+00,-0.000000000000000000e+00,1.376650630000000097e+00,2.661023790000000000e-02,1.350040389999999979e+00
2.014535400000000198e+00,1.500000000000000000e+00,1.500000000000000000e+00,-0.000000000000000000e+00,1.384737359999999917e+00,2.540036349999999846e-02,1.359337000000000018e+00
2.014660399999999907e+00,1.500000000000000000e+00,1.500000000000000000e+00,-0.000000000000000000e+00,1.392337399999999947e+00,2.430975150000000071e-02,1.368027649999999928e+00
2.014785400000000060e+00,1.500000000000000000e+00,1.500000000000000000e+00,-0.000000000000000000e+00,1.399468209999999990e+00,2.332441730000000060e-02,1.376143799999999917e+00
2.014910400000000212e+00,1.500000000000000000e+00,1.500000000000000000e+00,-0.000000000000000000e+00,1.406148100000000012e+00,2.243213599999999835e-02,1.383715959999999967e+00
2.015035399999999921e+00,1.500000000000000000e+00,1.500000000000000000e+00,-0.000000000000000000e+00,1.412396130000000083e+00,2.162220990000000148e-02,1.390773919999999997e+00
2.015160400000000074e+00,1.500000000000000000e+00,1.500000000000000000e+00,-0.000000000000000000e+00,1.418231969999999897e+00,2.088527139999999879e-02,1.397346699999999942e+00
2.015285400000000227e+00,1.500000000000000000e+00,1.500000000000000000e+00,-0.000000000000000000e+00,1.423675730000000028e+00,2.021311500000000025e-02,1.403462610000000055e+00
2.015410400000000379e+00,1.500000000000000000e+00,1.500000000000000000e+00,-0.000000000000000000e+00,1.428747779999999912e+00,1.959854810000000169e-02,1.409149229999999919e+00
2.015535399999999644e+00,1.500000000000000000e+00,1.500000000000000000e+00,-0.000000000000000000e+00,1.433468519999999913e+00,1.903526499999999913e-02,1.414433260000000026e+00
2.015660399999999797e+00,1.500000000000000000e+00,1.500000000000000000e+00,-0.000000000000000000e+00,1.437858220000000076e+00,1.851774000000000128e-02,1.419340480000000015e+00
2.015785399999999949e+00,1.500000000000000000e+00,1.500000000000000000e+00,-0.000000000000000000e+00,1.441936810000000069e+00,1.804113049999999871e-02,1.423895679999999997e+00
2.015910399999999658e+00,1.500000000000000000e+00,1.500000000000000000e+00,-0.000000000000000000e+00,1.445723719999999934e+00,1.760119450000000030e-02,1.428122520000000062e+00
2.016035399999999811e+00,1.500000000000000000e+00,1.500000000000000000e+00,-0.000000000000000000e+00,1.449237759999999930e+00,1.719421520000000148e-02,1.432043549999999943e+00
2.016160399999999964e+00,1.500000000000000000e+00,1.500000000000000000e+00,-0.000000000000000000e+00,1.452497039999999906e+00,1.681693819999999923e-02,1.435680099999999904e+00
2.016285400000000116e+00,1.500000000000000000e+00,1.500000000000000000e+00,-0.000000000000000000e+00,1.455518819999999991e+00,1.646650989999999884e-02,1.439052309999999890e+00
2.016410399999999825e+00,1.500000000000000000e+00,1.500000000000000000e+00,-0.000000000000000000e+00,1.458319549999999909e+00,1.614042809999999967e-02,1.442179120000000037e+00
2.016535399999999978e+00,1.500000000000000000e+00,1.500000000000000000e+00,-0.000000000000000000e+00,1.460914779999999968e+00,1.583649629999999905e-02,1.445078279999999937e+00
2.016660400000000131e+00,1.500000000000000000e+00,1.500000000000000000e+00,-0.000000000000000000e+00,1.463319199999999931e+00,1.555278080000000070e-02,1.447766419999999998e+00
2.016785399999999839e+00,1.500000000000000000e+00,1.500000000000000000e+00,-0.000000000000000000e+00,1.465546599999999922e+00,1.528757499999999943e-02,1.450259020000000065e+00
2.016910399999999992e+00,1.500000000000000000e+00,1.500000000000000000e+00,-0.000000000000000000e+00,1.467609919999999901e+00,1.503937059999999916e-02,1.452570549999999905e+00
2.017035400000000145e+00,1.500000000000000000e+00,1.500000000000000000e+00,-0.000000000000000000e+00,1.469521260000000051e+00,1.480682720000000077e-02,1.454714429999999892e+00
2.017160400000000298e+00,1.500000000000000000e+00,1.500000000000000000e+00,-0.000000000000000000e+00,1.471294019999999980e+00,1.458860439999999994e-02,1.456705420000000029e+00
2.017285400000000006e+00,1.500000000000000000e+00,1.500000000000000000e+00,-0.000000000000000000e+00,1.472936840000000025e+00,1.438380640000000085e-02,1.458553030000000028e+00
2.017410400000000159e+00,1.500000000000000000e+00,1.500000000000000000e+00,-0.000000000000000000e+00,1.474457190000000084e+00,1.419163000000000022e-02,1.460265549999999912e+00
2.017535400000000312e+00,1.500000000000000000e+00,1.500000000000000000e+00,-0.000000000000000000e+00,1.475865600000000111e+00,1.401103799999999996e-02,1.461854559999999914e+00
2.017660400000000021e+00,1.500000000000000000e+00,1.500000000000000000e+00,-0.000000000000000000e+00,1.477172479999999899e+00,1.384108029999999920e-02,1.463331399999999949e+00
2.017785399999999729e+00,1.500000000000000000e+00,1.500000000000000000e+00,-0.000000000000000000e+00,1.478384539999999969e+00,1.368116479999999940e-02,1.464703370000000060e+00
2.017910399999999882e+00,1.500000000000000000e+00,1.500000000000000000e+00,-0.000000000000000000e+00,1.479508700000000010e+00,1.353066430000000007e-02,1.465978030000000043e+00
2.018035400000000035e+00,1.500000000000000000e+00,1.500000000000000000e+00,-0.000000000000000000e+00,1.480551579999999978e+00,1.338896269999999972e-02,1.467162620000000084e+00
2.018160399999999743e+00,1.500000000000000000e+00,1.500000000000000000e+00,-0.000000000000000000e+00,1.481519409999999981e+00,1.325548070000000071e-02,1.468263929999999995e+00
2.018285399999999896e+00,1.500000000000000000e+00,1.500000000000000000e+00,-0.000000000000000000e+00,1.482417939999999934e+00,1.312968370000000030e-02,1.469288259999999902e+00
2.018410400000000049e+00,1.500000000000000000e+00,1.500000000000000000e+00,-0.000000000000000000e+00,1.483252529999999902e+00,1.301107699999999937e-02,1.470241450000000061e+00
2.018535399999999758e+00,1.500000000000000000e+00,1.500000000000000000e+00,-0.000000000000000000e+00,1.484028090000000022e+00,1.289920139999999917e-02,1.471128889999999911e+00
2.018660399999999910e+00,1.500000000000000000e+00,1.500000000000000000e+00,-0.000000000000000000e+00,1.484749169999999951e+00,1.279362900000000081e-02,1.471955539999999951e+00
2.018785400000000063e+00,1.500000000000000000e+00,1.500000000000000000e+00,-0.000000000000000000e+00,1.485419959999999984e+00,1.269395849999999971e-02,1.472725999999999980e+00
2.018910400000000216e+00,1.500000000000000000e+00,1.500000000000000000e+00,-0.000000000000000000e+00,1.486044300000000096e+00,1.259981580000000059e-02,1.473444490000000107e+00
2.019035399999999925e+00,1.500000000000000000e+00,1.500000000000000000e+00,-0.000000000000000000e+00,1.486625759999999907e+00,1.251084969999999991e-02,1.474114909999999945e+00
2.019160400000000077e+00,1.500000000000000000e+00,1.500000000000000000e+00,-0.000000000000000000e+00,1.487167600000000034e+00,1.242673170000000056e-02,1.474740869999999981e+00
2.019285400000000230e+00,1.500000000000000000e+00,1.500000000000000000e+00,-0.000000000000000000e+00,1.487672840000000107e+00,1.234715270000000080e-02,1.475325680000000084e+00
2.019410399999999939e+00,1.500000000000000000e+00,1.500000000000000000e+00,-0.000000000000000000e+00,1.488144240000000007e+00,1.227182299999999941e-02,1.475872419999999963e+00
2.019535400000000092e+00,1.500000000000000000e+00,1.500000000000000000e+00,-0.000000000000000000e+00,1.488584359999999940e+00,1.220047099999999919e-02,1.476383889999999921e+00
2.019660400000000244e+00,1.500000000000000000e+00,1.500000000000000000e+00,-0.000000000000000000e+00,1.488995559999999996e+00,1.213284310000000039e-02,1.476862710000000023e+00
2.019785400000000397e+00,1.500000000000000000e+00,1.500000000000000000e+00,-0.000000000000000000e+00,1.489379989999999987e+00,1.206870049999999965e-02,1.477311290000000055e+00
2.019910400000000106e+00,1.500000000000000000e+00,1.500000000000000000e+00,-0.000000000000000000e+00,1.489739649999999971e+00,1.200782029999999945e-02,1.477731829999999968e+00
2.020035399999999814e+00,1.500000000000000000e+00,1.500000000000000000e+00,-0.000000000000000000e+00,1.490076369999999928e+00,1.194999350000000050e-02,1.478126379999999962e+00
2.020160399999999967e+00,1.500000000000000000e+00,1.500000000000000000e+00,-0.000000000000000000e+00,1.490391849999999963e+00,1.189502389999999923e-02,1.478496819999999934e+00
2.020285399999999676e+00,1.500000000000000000e+00,1.500000000000000000e+00,-0.000000000000000000e+00,1.490687630000000041e+00,1.184272790000000068e-02,1.478844899999999907e+00
2.020410399999999829e+00,1.500000000000000000e+00,1.500000000000000000e+00,-0.000000000000000000e+00,1.490965160000000012e+00,1.179293319999999944e-02,1.479172230000000088e+00
2.020535399999999981e+00,1.500000000000000000e+00,1.500000000000000000e+00,-0.000000000000000000e+00,1.491225770000000006e+00,1.174548000000000085e-02,1.479480289999999920e+00
2.020660400000000134e+00,1.500000000000000000e+00,1.500000000000000000e+00,-0.000000000000000000e+00,1.491470649999999898e+00,1.170021740000000074e-02,1.479770430000000081e+00
2.020785399999999843e+00,1.500000000000000000e+00,1.500000000000000000e+00,-0.000000000000000000e+00,1.491700950000000025e+00,1.165700379999999939e-02,1.480043940000000058e+00
2.020910399999999996e+00,1.500000000000000000e+00,1.500000000000000000e+00,-0.000000000000000000e+00,1.491917689999999963e+00,1.161570810000000023e-02,1.480301979999999906e+00
2.021035400000000148e+00,1.500000000000000000e+00,1.500000000000000000e+00,-0.000000000000000000e+00,1.492121830000000093e+00,1.157620690000000022e-02,1.480545620000000007e+00
2.021160399999999857e+00,1.500000000000000000e+00,1.500000000000000000e+00,-0.000000000000000000e+00,1.492314249999999953e+00,1.153838559999999930e-02,1.480775860000000055e+00
2.021285400000000010e+00,1.500000000000000000e+00,1.500000000000000000e+00,-0.000000000000000000e+00,1.492495770000000110e+00,1.150213639999999975e-02,1.480993629999999950e+00
2.021410400000000163e+00,1.500000000000000000e+00,1.500000000000000000e+00,-0.000000000000000000e+00,1.492667140000000003e+00,1.146735920000000082e-02,1.481199780000000077e+00
2.021535399999999871e+00,1.500000000000000000e+00,1.500000000000000000e+00,-0.000000000000000000e+00,1.492829050000000102e+00,1.143395889999999915e-02,1.481395089999999914e+00
2.021660400000000024e+00,1.500000000000000000e+00,1.500000000000000000e+00,-0.000000000000000000e+00,1.492982140000000069e+00,1.140184860000000022e-02,1.481580289999999911e+00
2.021785400000000177e+00,1.500000000000000000e+00,1.500000000000000000e+00,-0.000000000000000000e+00,1.493127019999999971e+00,1.137094620000000077e-02,1.481756070000000092e+00
2.021910400000000330e+00,1.500000000000000000e+00,1.500000000000000000e+00,-0.000000000000000000e+00,1.493264219999999920e+00,1.134117530000000075e-02,1.481923040000000080e+00
2.022035400000000038e+00,1.500000000000000000e+00,1.500000000000000000e+00,-0.000000000000000000e+00,1.493394249999999923e+00,1.131246389999999991e-02,1.482081790000000066e+00
2.022160400000000191e+00,1.500000000000000000e+00,1.500000000000000000e+00,-0.000000000000000000e+00,1.493517589999999950e+00,1.128474569999999948e-02,1.482232849999999935e+00
2.022285399999999900e+00,1.500000000000000000e+00,1.500000000000000000e+00,-0.000000000000000000e+00,1.493634670000000053e+00,1.125795740000000086e-02,1.482376710000000042e+00
2.022410399999999608e+00,1.500000000000000000e+00,1.500000000000000000e+00,-0.000000000000000000e+00,1.493745890000000021e+00,1.123204109999999950e-02,1.482513849999999911e+00
2.022535399999999761e+00,1.500000000000000000e+00,1.500000000000000000e+00,-0.000000000000000000e+00,1.493851629999999986e+00,1.120694229999999979e-02,1.482644690000000098e+00
2.022660399999999914e+00,1.500000000000000000e+00,1.500000000000000000e+00,-0.000000000000000000e+00,1.493952230000000103e+00,1.118261000000000081e-02,1.482769620000000010e+00
2.022785400000000067e+00,1.500000000000000000e+00,1.500000000000000000e+00,-0.000000000000000000e+00,1.494048019999999921e+00,1.115899759999999970e-02,1.482889020000000002e+00
2.022910399999999775e+00,1.500000000000000000e+00,1.500000000000000000e+00,-0.000000000000000000e+00,1.494139279999999959e+00,1.113605879999999930e-02,1.483003220000000066e+00
2.023035399999999928e+00,1.500000000000000000e+00,1.500000000000000000e+00,-0.000000000000000000e+00,1.494226309999999946e+00,1.111375340000000066e-02,1.483112549999999974e+00
2.023160400000000081e+00,1.500000000000000000e+00,1.500000000000000000e+00,-0.000000000000000000e+00,1.494309349999999981e+00,1.109204180000000067e-02,1.483217309999999900e+00
2.023285399999999790e+00,1.500000000000000000e+00,1.500000000000000000e+00,-0.000000000000000000e+00,1.494388650000000096e+00,1.107088770000000041e-02,1.483317760000000041e+00
2.023410399999999942e+00,1.500000000000000000e+00,1.500000000000000000e+00,-0.000000000000000000e+00,1.494464419999999905e+00,1.105025720000000003e-02,1.483414170000000087e+00
2.023535400000000095e+00,1.500000000000000000e+00,1.500000000000000000e+00,-0.000000000000000000e+00,1.494536880000000068e+00,1.103011859999999955e-02,1.483506769999999975e+00
2.023660400000000248e+00,1.500000000000000000e+00,1.500000000000000000e+00,-0.000000000000000000e+00,1.494606220000000096e+00,1.101044259999999983e-02,1.483595779999999920e+00
2.023785399999999957e+00,1.500000000000000000e+00,1.500000000000000000e+00,-0.000000000000000000e+00,1.494672620000000007e+00,1.099120089999999945e-02,1.483681419999999918e+00
2.023910400000000109e+00,1.500000000000000000e+00,1.500000000000000000e+00,-0.000000000000000000e+00,1.494736239999999938e+00,1.097236799999999970e-02,1.483763869999999985e+00
2.024035400000000262e+00,1.500000000000000000e+00,1.500000000000000000e+00,-0.000000000000000000e+00,1.494797240000000027e+00,1.095391989999999934e-02,1.483843320000000077e+00
2.024160399999999971e+00,1.500000000000000000e+00,1.500000000000000000e+00,-0.000000000000000000e+00,1.494855770000000028e+00,1.093583409999999978e-02,1.483919940000000048e+00
2.024285400000000124e+00,1.500000000000000000e+00,1.500000000000000000e+00,-0.000000000000000000e+00,1.494911960000000040e+00,1.091808820000000034e-02,1.483993869999999937e+00
2.024410400000000276e+00,1.500000000000000000e+00,1.500000000000000000e+00,-0.000000000000000000e+00,1.494965939999999938e+00,1.090066339999999981e-02,1.484065280000000042e+00
2.024535399999999985e+00,1.500000000000000000e+00,1.500000000000000000e+00,-0.000000000000000000e+00,1.495017830000000103e+00,1.088354040000000071e-02,1.484134290000000078e+00
2.024660399999999694e+00,1.500000000000000000e+00,1.500000000000000000e+00,-0.000000000000000000e+00,1.495067729999999928e+00,1.086670210000000025e-02,1.484201029999999921e+00
2.024785399999999846e+00,1.500000000000000000e+00,1.500000000000000000e+00,-0.000000000000000000e+00,1.495115760000000016e+00,1.085013219999999938e-02,1.484265629999999891e+00
2.024910399999999999e+00,1.500000000000000000e+00,1.500000000000000000e+00,-0.000000000000000000e+00,1.495162010000000041e+00,1.083381519999999931e-02,1.484328190000000047e+00
2.025035399999999708e+00,1.500000000000000000e+00,1.500000000000000000e+00,-0.000000000000000000e+00,1.495206559999999962e+00,1.081773769999999982e-02,1.484388830000000103e+00
2.025160399999999861e+00,1.500000000000000000e+00,1.500000000000000000e+00,-0.000000000000000000e+00,1.495249519999999999e+00,1.080188579999999919e-02,1.484447630000000018e+00
2.025285400000000013e+00,1.500000000000000000e+00,1.500000000000000000e+00,-0.000000000000000000e+00,1.495290950000000008e+00,1.078624670000000001e-02,1.484504700000000010e+00
2.025410400000000166e+00,1.500000000000000000e+00,1.500000000000000000e+00,-0.000000000000000000e+00,1.495330920000000008e+00,1.077080910000000058e-02,1.484560110000000099e+00
2.025535399999999875e+00,1.500000000000000000e+00,1.500000000000000000e+00,-0.000000000000000000e+00,1.495369519999999897e+00,1.075556239999999990e-02,1.484613959999999899e+00
2.025660400000000028e+00,1.500000000000000000e+00,1.500000000000000000e+00,-0.000000000000000000e+00,1.495406809999999975e+00,1.074049619999999962e-02,1.484666309999999934e+00
2.025785400000000180e+00,1.500000000000000000e+00,1.500000000000000000e+00,-0.000000000000000000e+00,1.495442850000000101e+00,1.072560080000000034e-02,1.484717250000000099e+00
2.025910399999999889e+00,1.500000000000000000e+00,1.500000000000000000e+00,-0.000000000000000000e+00,1.495477689999999971e+00,1.071086700000000065e-02,1.484766819999999932e+00
2.026035400000000042e+00,1.500000000000000000e+00,1.500000000000000000e+00,-0.000000000000000000e+00,1.495511400000000046e+00,1.069628639999999943e-02,1.484815109999999994e+00
2.026160400000000195e+00,1.500000000000000000e+00,1.500000000000000000e+00,-0.000000000000000000e+00,1.495544020000000085e+00,1.068185200000000036e-02,1.484862169999999981e+00
2.026285400000000347e+00,1.500000000000000000e+00,1.500000000000000000e+00,-0.000000000000000000e+00,1.495575600000000005e+00,1.066755510000000004e-02,1.484908050000000035e+00
2.026410400000000056e+00,1.500000000000000000e+00,1.500000000000000000e+00,-0.000000000000000000e+00,1.495606200000000108e+00,1.065338910000000056e-02,1.484952810000000012e+00
2.026535400000000209e+00,1.500000000000000000e+00,1.500000000000000000e+00,-0.000000000000000000e+00,1.495635849999999989e+00,1.063934840000000000e-02,1.484996500000000053e+00
2.026660400000000362e+00,1.500000000000000000e+00,1.500000000000000000e+00,-0.000000000000000000e+00,1.495664590000000072e+00,1.062542650000000005e-02,1.485039159999999914e+00
2.026785399999999626e+00,1.500000000000000000e+00,1.500000000000000000e+00,-0.000000000000000000e+00,1.495692459999999890e+00,1.061161679999999934e-02,1.485080849999999897e+00
2.026910399999999779e+00,1.500000000000000000e+00,1.500000000000000000e+00,-0.000000000000000000e+00,1.495719510000000030e+00,1.059791529999999996e-02,1.485121590000000102e+00
2.027035399999999932e+00,1.500000000000000000e+00,1.500000000000000000e+00,-0.000000000000000000e+00,1.495745759999999924e+00,1.058431649999999960e-02,1.485161439999999944e+00
2.027160400000000084e+00,1.500000000000000000e+00,1.500000000000000000e+00,-0.000000000000000000e+00,1.495771240000000057e+00,1.057081590000000064e-02,1.485200419999999966e+00
2.027285399999999793e+00,1.500000000000000000e+00,1.500000000000000000e+00,-0.000000000000000000e+00,1.495795989999999964e+00,1.055740949999999997e-02,1.485238590000000025e+00
2.027410399999999946e+00,1.500000000000000000e+00,1.500000000000000000e+00,-0.000000000000000000e+00,1.495820050000000068e+00,1.054409289999999957e-02,1.485275949999999900e+00
2.027535400000000099e+00,1.500000000000000000e+00,1.500000000000000000e+00,-0.000000000000000000e+00,1.495843419999999924e+00,1.053086139999999914e-02,1.485312559999999893e+00
2.027660399999999807e+00,1.500000000000000000e+00,1.500000000000000000e+00,-0.000000000000000000e+00,1.495866149999999895e+00,1.051771209999999984e-02,1.485348440000000103e+00
2.027785399999999960e+00,1.500000000000000000e+00,1.500000000000000000e+00,-0.000000000000000000e+00,1.495888260000000081e+00,1.050464270000000047e-02,1.485383609999999965e+00
2.027910400000000113e+00,1.500000000000000000e+00,1.500000000000000000e+00,-0.000000000000000000e+00,1.495909759999999977e+00,1.049164950000000020e-02,1.485418109999999903e+00
2.028035399999999822e+00,1.500000000000000000e+00,1.500000000000000000e+00,-0.000000000000000000e+00,1.495930690000000007e+00,1.047872889999999953e-02,1.485451960000000016e+00
2.028160399999999974e+00,1.500000000000000000e+00,1.500000000000000000e+00,-0.000000000000000000e+00,1.495951070000000049e+00,1.046587860000000071e-02,1.485485189999999900e+00
2.028285400000000127e+00,1.500000000000000000e+00,1.500000000000000000e+00,-0.000000000000000000e+00,1.495970910000000043e+00,1.045309590000000066e-02,1.485517809999999939e+00
2.028410400000000280e+00,1.500000000000000000e+00,1.500000000000000000e+00,-0.000000000000000000e+00,1.495990230000000087e+00,1.044037859999999950e-02,1.485549849999999950e+00
2.028535399999999989e+00,1.500000000000000000e+00,1.500000000000000000e+00,-0.000000000000000000e+00,1.496009060000000002e+00,1.042772470000000000e-02,1.485581339999999972e+00
2.028660400000000141e+00,1.500000000000000000e+00,1.500000000000000000e+00,-0.000000000000000000e+00,1.496027409999999946e+00,1.041513160000000042e-02,1.485612280000000007e+00
2.028785400000000294e+00,1.500000000000000000e+00,1.500000000000000000e+00,-0.000000000000000000e+00,1.496045300000000022e+00,1.040259869999999968e-02,1.485642700000000094e+00
2.028910400000000003e+00,1.500000000000000000e+00,1.500000000000000000e+00,-0.000000000000000000e+00,1.496062739999999947e+00,1.039012310000000071e-02,1.485672620000000110e+00
2.029035399999999711e+00,1.500000000000000000e+00,1.500000000000000000e+00,-0.000000000000000000e+00,1.496079759999999981e+00,1.037770309999999988e-02,1.485702049999999996e+00
2.029160399999999864e+00,1.500000000000000000e+00,1.500000000000000000e+00,-0.000000000000000000e+00,1.496096349999999964e+00,1.036533729999999931e-02,1.485731020000000013e+00
2.029285400000000017e+00,1.500000000000000000e+00,1.500000000000000000e+00,-0.000000000000000000e+00,1.496112550000000097e+00,1.035302429999999940e-02,1.485759520000000000e+00
2.029410399999999726e+00,1.500000000000000000e+00,1.500000000000000000e+00,-0.000000000000000000e+00,1.496128359999999935e+00,1.034076320000000028e-02,1.485787589999999936e+00
2.029535399999999878e+00,1.500000000000000000e+00,1.500000000000000000e+00,-0.000000000000000000e+00,1.496143790000000084e+00,1.032855170000000072e-02,1.485815239999999982e+00
2.029660400000000031e+00,1.500000000000000000e+00,1.500000000000000000e+00,-0.000000000000000000e+00,1.496158859999999979e+00,1.031638940000000060e-02,1.485842469999999915e+00
2.029785399999999740e+00,1.500000000000000000e+00,1.500000000000000000e+00,-0.000000000000000000e+00,1.496173580000000003e+00,1.030427520000000083e-02,1.485869300000000059e+00
2.029910399999999893e+00,1.500000000000000000e+00,1.500000000000000000e+00,-0.000000000000000000e+00,1.496187960000000094e+00,1.029220749999999913e-02,1.485895750000000071e+00
2.030035400000000045e+00,1.500000000000000000e+00,1.500000000000000000e+00,-0.000000000000000000e+00,1.496202009999999971e+00,1.028018569999999965e-02,1.485921819999999949e+00
2.030160400000000198e+00,1.500000000000000000e+00,1.500000000000000000e+00,-0.000000000000000000e+00,1.496215740000000016e+00,1.026820919999999956e-02,1.485947530000000016e+00
2.030285399999999907e+00,1.500000000000000000e+00,1.500000000000000000e+00,-0.000000000000000000e+00,1.496229159999999947e+00,1.025627699999999941e-02,1.485972889999999991e+00
2.030410400000000060e+00,1.500000000000000000e+00,1.500000000000000000e+00,-0.000000000000000000e+00,1.496242290000000086e+00,1.024438870000000078e-02,1.485997900000000094e+00
2.030535400000000212e+00,1.500000000000000000e+00,1.500000000000000000e+00,-0.000000000000000000e+00,1.496255129999999989e+00,1.023254300000000019e-02,1.486022579999999982e+00
2.030660399999999921e+00,1.500000000000000000e+00,1.500000000000000000e+00,-0.000000000000000000e+00,1.496267680000000100e+00,1.022073870000000072e-02,1.486046940000000038e+00
2.030785400000000074e+00,1.500000000000000000e+00,1.500000000000000000e+00,-0.000000000000000000e+00,1.496279960000000075e+00,1.020897659999999915e-02,1.486070980000000041e+00
2.030910400000000227e+00,1.500000000000000000e+00,1.500000000000000000e+00,-0.000000000000000000e+00,1.496291980000000077e+00,1.019725619999999923e-02,1.486094720000000091e+00
2.031035400000000379e+00,1.500000000000000000e+00,1.500000000000000000e+00,-0.000000000000000000e+00,1.496303740000000104e+00,1.018557640000000014e-02,1.486118159999999966e+00
2.031160400000000088e+00,1.500000000000000000e+00,1.500000000000000000e+00,-0.000000000000000000e+00,1.496315250000000097e+00,1.017393590000000014e-02,1.486141310000000049e+00
2.031285399999999797e+00,1.500000000000000000e+00,1.500000000000000000e+00,-0.000000000000000000e+00,1.496326519999999993e+00,1.016233499999999977e-02,1.486164189999999996e+00
2.031410399999999949e+00,1.500000000000000000e+00,1.500000000000000000e+00,-0.000000000000000000e+00,1.496337559999999955e+00,1.015077380000000036e-02,1.486186779999999930e+00
2.031535399999999658e+00,1.500000000000000000e+00,1.500000000000000000e+00,-0.000000000000000000e+00,1.496348360000000044e+00,1.013925130000000070e-02,1.486209110000000111e+00
2.031660399999999811e+00,1.500000000000000000e+00,1.500000000000000000e+00,-0.000000000000000000e+00,1.496358950000000076e+00,1.012776750000000080e-02,1.486231180000000096e+00
2.031785399999999964e+00,1.500000000000000000e+00,1.500000000000000000e+00,-0.000000000000000000e+00,1.496369319999999892e+00,1.011632179999999957e-02,1.486253000000000046e+00
2.031910400000000116e+00,1.500000000000000000e+00,1.500000000000000000e+00,-0.000000000000000000e+00,1.496379480000000095e+00,1.010491380000000036e-02,1.486274569999999962e+00
2.032035399999999825e+00,1.500000000000000000e+00,1.500000000000000000e+00,-0.000000000000000000e+00,1.496389439999999960e+00,1.009354370000000063e-02,1.486295900000000003e+00
2.032160399999999978e+00,1.500000000000000000e+00,1.500000000000000000e+00,-0.000000000000000000e+00,1.496399210000000091e+00,1.008221119999999985e-02,1.486316989999999949e+00
2.032285400000000131e+00,1.500000000000000000e+00,1.500000000000000000e+00,-0.000000000000000000e+00,1.496408780000000105e+00,1.007091570000000040e-02,1.486337859999999900e+00
2.032410399999999839e+00,1.500000000000000000e+00,1.500000000000000000e+00,-0.000000000000000000e+00,1.496418159999999942e+00,1.005965690000000003e-02,1.486358499999999916e+00
2.032535399999999992e+00,1.500000000000000000e+00,1.500000000000000000e+00,-0.000000000000000000e+00,1.496427359999999984e+00,1.004843499999999966e-02,1.486378919999999937e+00
2.032660400000000145e+00,1.500000000000000000e+00,1.500000000000000000e+00,-0.000000000000000000e+00,1.496436380000000010e+00,1.003724970000000050e-02,1.486399129999999902e+00
2.032785400000000298e+00,1.500000000000000000e+00,1.500000000000000000e+00,-0.000000000000000000e+00,1.496445229999999960e+00,1.002610100000000080e-02,1.486419130000000033e+00
2.032910400000000006e+00,1.500000000000000000e+00,1.500000000000000000e+00,-0.000000000000000000e+00,1.496453919999999993e+00,1.001498919999999938e-02,1.486438930000000047e+00
2.033035400000000159e+00,1.500000000000000000e+00,1.500000000000000000e+00,-0.000000000000000000e+00,1.496462439999999949e+00,1.000391389999999957e-02,1.486458520000000005e+00
2.033160400000000312e+00,1.500000000000000000e+00,1.500000000000000000e+00,-0.000000000000000000e+00,1.496470799999999990e+00,9.992874210000000576e-03,1.486477929999999947e+00
2.033285400000000021e+00,1.500000000000000000e+00,1.500000000000000000e+00,-0.000000000000000000e+00,1.496479010000000054e+00,9.981870199999999527e-03,1.486497139999999995e+00
2.033410400000000173e+00,1.500000000000000000e+00,1.500000000000000000e+00,-0.000000000000000000e+00,1.496487059999999980e+00,9.970902400000000373e-03,1.486516160000000086e+00
2.033535399999999882e+00,1.500000000000000000e+00,1.500000000000000000e+00,-0.000000000000000000e+00,1.496494970000000091e+00,9.959970690000000126e-03,1.486534999999999940e+00
2.033660400000000035e+00,1.500000000000000000e+00,1.500000000000000000e+00,-0.000000000000000000e+00,1.496502739999999942e+00,9.949074509999999288e-03,1.486553659999999999e+00
2.033785399999999743e+00,1.500000000000000000e+00,1.500000000000000000e+00,-0.000000000000000000e+00,1.496510369999999979e+00,9.938214540000000347e-03,1.486572149999999981e+00
2.033910399999999896e+00,1.500000000000000000e+00,1.500000000000000000e+00,-0.000000000000000000e+00,1.496517859999999978e+00,9.927389789999999450e-03,1.486590470000000108e+00
2.034035400000000049e+00,1.500000000000000000e+00,1.500000000000000000e+00,-0.000000000000000000e+00,1.496525220000000100e+00,9.916600899999999247e-03,1.486608619999999936e+00
2.034160399999999758e+00,1.500000000000000000e+00,1.500000000000000000e+00,-0.000000000000000000e+00,1.496532449999999903e+00,9.905847279999999491e-03,1.486626599999999909e+00
2.034285399999999910e+00,1.500000000000000000e+00,1.500000000000000000e+00,-0.000000000000000000e+00,1.496539550000000052e+00,9.895128770000000823e-03,1.486644419999999966e+00
2.034410400000000063e+00,1.500000000000000000e+00,1.500000000000000000e+00,-0.000000000000000000e+00,1.496546530000000041e+00,9.884446170000000045e-03,1.486662090000000047e+00
2.034535400000000216e+00,1.500000000000000000e+00,1.500000000000000000e+00,-0.000000000000000000e+00,1.496553400000000034e+00,9.873799250000000680e-03,1.486679599999999990e+00
2.034660399999999925e+00,1.500000000000000000e+00,1.500000000000000000e+00,-0.000000000000000000e+00,1.496560139999999928e+00,9.863187370000000079e-03,1.486696950000000017e+00
2.034785400000000077e+00,1.500000000000000000e+00,1.500000000000000000e+00,-0.000000000000000000e+00,1.496566770000000046e+00,9.852611690000000547e-03,1.486714160000000007e+00
2.034910400000000230e+00,1.500000000000000000e+00,1.500000000000000000e+00,-0.000000000000000000e+00,1.496573289999999945e+00,9.842070180000000654e-03,1.486731220000000020e+00
2.035035399999999939e+00,1.500000000000000000e+00,1.500000000000000000e+00,-0.000000000000000000e+00,1.496579700000000068e+00,9.831563519999999418e-03,1.486748139999999996e+00
2.035160400000000092e+00,1.500000000000000000e+00,1.500000000000000000e+00,-0.000000000000000000e+00,1.496586009999999911e+00,9.821092590000000261e-03,1.486764919999999934e+00
2.035285400000000244e+00,1.500000000000000000e+00,1.500000000000000000e+00,-0.000000000000000000e+00,1.496592209999999978e+00,9.810656920000000725e-03,1.486781549999999896e+00
2.035410399999999953e+00,1.500000000000000000e+00,1.500000000000000000e+00,-0.000000000000000000e+00,1.496598309999999987e+00,9.800256060000000005e-03,1.486798049999999982e+00
2.035535400000000106e+00,1.500000000000000000e+00,1.500000000000000000e+00,-0.000000000000000000e+00,1.496604309999999938e+00,9.789890199999999945e-03,1.486814419999999970e+00
2.035660400000000259e+00,1.500000000000000000e+00,1.500000000000000000e+00,-0.000000000000000000e+00,1.496610219999999991e+00,9.779560099999999243e-03,1.486830660000000082e+00
2.035785399999999967e+00,1.500000000000000000e+00,1.500000000000000000e+00,-0.000000000000000000e+00,1.496616029999999986e+00,9.769264939999999439e-03,1.486846770000000095e+00
2.035910399999999676e+00,1.500000000000000000e+00,1.500000000000000000e+00,-0.000000000000000000e+00,1.496621750000000084e+00,9.759004820000000135e-03,1.486862750000000011e+00
2.036035399999999829e+00,1.500000000000000000e+00,1.500000000000000000e+00,-0.000000000000000000e+00,1.496627380000000063e+00,9.748779549999999489e-03,1.486878600000000050e+00
2.036160399999999981e+00,1.500000000000000000e+00,1.500000000000000000e+00,-0.000000000000000000e+00,1.496632919999999922e+00,9.738589319999999341e-03,1.486894340000000092e+00
2.036285399999999690e+00,1.500000000000000000e+00,1.500000000000000000e+00,-0.000000000000000000e+00,1.496638380000000046e+00,9.728433800000000145e-03,1.486909950000000036e+00
2.036410399999999843e+00,1.500000000000000000e+00,1.500000000000000000e+00,-0.000000000000000000e+00,1.496643759999999990e+00,9.718313900000000866e-03,1.486925440000000043e+00
2.036535399999999996e+00,1.500000000000000000e+00,1.500000000000000000e+00,-0.000000000000000000e+00,1.496649050000000036e+00,9.708228910000000003e-03,1.486940820000000052e+00
2.036660400000000148e+00,1.500000000000000000e+00,1.500000000000000000e+00,-0.000000000000000000e+00,1.496654259999999903e+00,9.698178380000000223e-03,1.486956079999999902e+00
2.036785399999999857e+00,1.500000000000000000e+00,1.500000000000000000e+00,-0.000000000000000000e+00,1.496659399999999973e+00,9.688162979999999716e-03,1.486971229999999977e+00
2.036910400000000010e+00,1.500000000000000000e+00,1.500000000000000000e+00,-0.000000000000000000e+00,1.496664449999999924e+00,9.678182369999999840e-03,1.486986270000000054e+00
2.037035400000000163e+00,1.500000000000000000e+00,1.500000000000000000e+00,-0.000000000000000000e+00,1.496669440000000018e+00,9.668236709999999956e-03,1.487001199999999912e+00
2.037160399999999871e+00,1.500000000000000000e+00,1.500000000000000000e+00,-0.000000000000000000e+00,1.496674349999999931e+00,9.658326499999999801e-03,1.487016019999999994e+00
2.037285400000000024e+00,1.500000000000000000e+00,1.500000000000000000e+00,-0.000000000000000000e+00,1.496679190000000048e+00,9.648450759999999821e-03,1.487030740000000018e+00
2.037410400000000177e+00,1.500000000000000000e+00,1.500000000000000000e+00,-0.000000000000000000e+00,1.496683959999999924e+00,9.638609129999999720e-03,1.487045350000000044e+00
2.037535400000000330e+00,1.500000000000000000e+00,1.500000000000000000e+00,-0.000000000000000000e+00,1.496688660000000004e+00,9.628802920000000334e-03,1.487059860000000011e+00
2.037660400000000038e+00,1.500000000000000000e+00,1.500000000000000000e+00,-0.000000000000000000e+00,1.496693300000000004e+00,9.619031059999999869e-03,1.487074269999999920e+00
2.037785400000000191e+00,1.500000000000000000e+00,1.500000000000000000e+00,-0.000000000000000000e+00,1.496697869999999986e+00,9.609293399999999791e-03,1.487088579999999993e+00
2.037910399999999900e+00,1.500000000000000000e+00,1.500000000000000000e+00,-0.000000000000000000e+00,1.496702380000000110e+00,9.599590470000000583e-03,1.487102790000000008e+00
2.038035399999999608e+00,1.500000000000000000e+00,1.500000000000000000e+00,-0.000000000000000000e+00,1.496706819999999993e+00,9.589922109999999417e-03,1.487116899999999964e+00
2.038160399999999761e+00,1.500000000000000000e+00,1.500000000000000000e+00,-0.000000000000000000e+00,1.496711200000000019e+00,9.580288319999999760e-03,1.487130920000000023e+00
2.038285399999999914e+00,1.500000000000000000e+00,1.500000000000000000e+00,-0.000000000000000000e+00,1.496715529999999905e+00,9.570688810000000171e-03,1.487144840000000023e+00
2.038410400000000067e+00,1.500000000000000000e+00,1.500000000000000000e+00,-0.000000000000000000e+00,1.496719789999999994e+00,9.561124009999999798e-03,1.487158669999999905e+00
2.038535399999999775e+00,1.500000000000000000e+00,1.500000000000000000e+00,-0.000000000000000000e+00,1.496723999999999943e+00,9.551593140000000023e-03,1.487172409999999889e+00
2.038660399999999928e+00,1.500000000000000000e+00,1.500000000000000000e+00,-0.000000000000000000e+00,1.496728150000000035e+00,9.542096689999999756e-03,1.487186050000000037e+00
2.038785400000000081e+00,1.500000000000000000e+00,1.500000000000000000e+00,-0.000000000000000000e+00,1.496732249999999986e+00,9.532634669999999824e-03,1.487199610000000005e+00
2.038910399999999790e+00,1.500000000000000000e+00,1.500000000000000000e+00,-0.000000000000000000e+00,1.496736290000000080e+00,9.523207060000000307e-03,1.487213080000000076e+00
2.039035399999999942e+00,1.500000000000000000e+00,1.500000000000000000e+00,-0.000000000000000000e+00,1.496740280000000034e+00,9.513813050000000104e-03,1.487226469999999967e+00
2.039160400000000095e+00,1.500000000000000000e+00,1.500000000000000000e+00,-0.000000000000000000e+00,1.496744220000000070e+00,9.504453629999999598e-03,1.487239769999999961e+00
2.039285400000000248e+00,1.500000000000000000e+00,1.500000000000000000e+00,-0.000000000000000000e+00,1.496748109999999965e+00,9.495128690000000093e-03,1.487252980000000058e+00
2.039410399999999957e+00,1.500000000000000000e+00,1.500000000000000000e+00,-0.000000000000000000e+00,1.496751949999999942e+00,9.485837080000000116e-03,1.487266109999999975e+00
2.039535400000000109e+00,1.500000000000000000e+00,1.500000000000000000e+00,-0.000000000000000000e+00,1.496755740000000001e+00,9.476578870000000251e-03,1.487279159999999933e+00
2.039660400000000262e+00,1.500000000000000000e+00,1.500000000000000000e+00,-0.000000000000000000e+00,1.496759479999999920e+00,9.467354569999999331e-03,1.487292129999999934e+00
2.039785399999999971e+00,1.500000000000000000e+00,1.500000000000000000e+00,-0.000000000000000000e+00,1.496763180000000082e+00,9.458164570000000132e-03,1.487305019999999978e+00
2.039910400000000124e+00,1.500000000000000000e+00,1.500000000000000000e+00,-0.000000000000000000e+00,1.496766830000000104e+00,9.449007909999999552e-03,1.487317830000000063e+00
2.040035400000000276e+00,1.500000000000000000e+00,1.500000000000000000e+00,-0.000000000000000000e+00,1.496770439999999924e+00,9.439884929999999702e-03,1.487330559999999968e+00
2.040160399999999985e+00,1.500000000000000000e+00,1.500000000000000000e+00,-0.000000000000000000e+00,1.496774009999999988e+00,9.430795489999999406e-03,1.487343209999999916e+00
2.040285399999999694e+00,1.500000000000000000e+00,1.500000000000000000e+00,-0.000000000000000000e+00,1.496777529999999912e+00,9.421739119999999676e-03,1.487355790000000066e+00
2.040410399999999846e+00,1.500000000000000000e+00,1.500000000000000000e+00,-0.000000000000000000e+00,1.496781010000000078e+00,9.412715970000000779e-03,1.487368290000000037e+00
2.040535399999999999e+00,1.500000000000000000e+00,1.500000000000000000e+00,-0.000000000000000000e+00,1.496784440000000105e+00,9.403726209999999433e-03,1.487380719999999990e+00
2.040660399999999708e+00,1.500000000000000000e+00,1.500000000000000000e+00,-0.000000000000000000e+00,1.496787840000000092e+00,9.394770360000000500e-03,1.487393069999999984e+00
2.040785399999999861e+00,1.500000000000000000e+00,1.500000000000000000e+00,-0.000000000000000000e+00,1.496791200000000099e+00,9.385847949999999787e-03,1.487405349999999959e+00
2.040910400000000013e+00,1.500000000000000000e+00,1.500000000000000000e+00,-0.000000000000000000e+00,1.496794519999999906e+00,9.376958079999999154e-03,1.487417559999999916e+00
2.041035400000000166e+00,1.500000000000000000e+00,1.500000000000000000e+00,-0.000000000000000000e+00,1.496797799999999956e+00,9.368101259999999167e-03,1.487429700000000077e+00
2.041160399999999875e+00,1.500000000000000000e+00,1.500000000000000000e+00,-0.000000000000000000e+00,1.496801049999999966e+00,9.359277209999999209e-03,1.487441769999999996e+00
2.041285400000000028e+00,1.500000000000000000e+00,1.500000000000000000e+00,-0.000000000000000000e+00,1.496804259999999998e+00,9.350485889999999439e-03,1.487453769999999897e+00
2.041410400000000180e+00,1.500000000000000000e+00,1.500000000000000000e+00,-0.000000000000000000e+00,1.496807430000000050e+00,9.341728080000000212e-03,1.487465700000000002e+00
2.041535399999999889e+00,1.500000000000000000e+00,1.500000000000000000e+00,-0.000000000000000000e+00,1.496810570000000062e+00,9.333002840000000078e-03,1.487477570000000027e+00
2.041660400000000042e+00,1.500000000000000000e+00,1.500000000000000000e+00,-0.000000000000000000e+00,1.496813680000000035e+00,9.324309700000000048e-03,1.487489370000000033e+00
2.041785400000000195e+00,1.500000000000000000e+00,1.500000000000000000e+00,-0.000000000000000000e+00,1.496816750000000029e+00,9.315648949999999831e-03,1.487501100000000021e+00
2.041910400000000347e+00,1.500000000000000000e+00,1.500000000000000000e+00,-0.000000000000000000e+00,1.496819780000000044e+00,9.307020239999999958e-03,1.487512759999999989e+00
2.042035400000000056e+00,1.500000000000000000e+00,1.500000000000000000e+00,-0.000000000000000000e+00,1.496822789999999959e+00,9.298423809999999470e-03,1.487524360000000101e+00
2.042160400000000209e+00,1.500000000000000000e+00,1.500000000000000000e+00,-0.000000000000000000e+00,1.496825759999999894e+00,9.289859629999999355e-03,1.487535899999999911e+00
2.042285400000000362e+00,1.500000000000000000e+00,1.500000000000000000e+00,-0.000000000000000000e+00,1.496828700000000012e+00,9.281327969999999400e-03,1.487547369999999924e+00
2.042410399999999626e+00,1.500000000000000000e+00,1.500000000000000000e+00,-0.000000000000000000e+00,1.496831610000000090e+00,9.272827900000000720e-03,1.487558780000000080e+00
2.042535399999999779e+00,1.500000000000000000e+00,1.500000000000000000e+00,-0.000000000000000000e+00,1.496834489999999906e+00,9.264359870000000649e-03,1.487570129999999935e+00
2.042660399999999932e+00,1.500000000000000000e+00,1.500000000000000000e+00,-0.000000000000000000e+00,1.496837339999999905e+00,9.255924299999999244e-03,1.487581419999999932e+00
2.042785399999999640e+00,1.500000000000000000e+00,1.500000000000000000e+00,-0.000000000000000000e+00,1.496840170000000025e+00,9.247520489999999302e-03,1.487592650000000072e+00
2.042910399999999793e+00,1.500000000000000000e+00,1.500000000000000000e+00,-0.000000000000000000e+00,1.496842959999999945e+00,9.239148690000000691e-03,1.487603809999999971e+00
2.043035399999999946e+00,1.500000000000000000e+00,1.500000000000000000e+00,-0.000000000000000000e+00,1.496845729999999985e+00,9.230808360000000365e-03,1.487614919999999952e+00
2.043160400000000099e+00,1.500000000000000000e+00,1.500000000000000000e+00,-0.000000000000000000e+00,1.496848469999999987e+00,9.222498710000000613e-03,1.487625970000000075e+00
2.043285399999999807e+00,1.500000000000000000e+00,1.500000000000000000e+00,-0.000000000000000000e+00,1.496851179999999948e+00,9.214220690000000241e-03,1.487636959999999897e+00
2.043410399999999960e+00,1.500000000000000000e+00,1.500000000000000000e+00,-0.000000000000000000e+00,1.496853870000000031e+00,9.205973750000000580e-03,1.487647900000000023e+00
2.043535400000000113e+00,1.500000000000000000e+00,1.500000000000000000e+00,-0.000000000000000000e+00,1.496856530000000074e+00,9.197757629999999199e-03,1.487658769999999908e+00
2.043660399999999822e+00,1.500000000000000000e+00,1.500000000000000000e+00,-0.000000000000000000e+00,1.496859170000000017e+00,9.189572959999999652e-03,1.487669590000000097e+00
2.043785399999999974e+00,1.500000000000000000e+00,1.500000000000000000e+00,-0.000000000000000000e+00,1.496861779999999920e+00,9.181418460000000115e-03,1.487680359999999924e+00
2.043910400000000127e+00,1.500000000000000000e+00,1.500000000000000000e+00,-0.000000000000000000e+00,1.496864360000000005e+00,9.173294990000000620e-03,1.487691069999999893e+00
2.044035400000000280e+00,1.500000000000000000e+00,1.500000000000000000e+00,-0.000000000000000000e+00,1.496866919999999990e+00,9.165202379999999246e-03,1.487701720000000005e+00
2.044160399999999989e+00,1.500000000000000000e+00,1.500000000000000000e+00,-0.000000000000000000e+00,1.496869460000000096e+00,9.157140669999999302e-03,1.487712319999999977e+00
2.044285400000000141e+00,1.500000000000000000e+00,1.500000000000000000e+00,-0.000000000000000000e+00,1.496871980000000102e+00,9.149109140000000195e-03,1.487722870000000031e+00
2.044410400000000294e+00,1.500000000000000000e+00,1.500000000000000000e+00,-0.000000000000000000e+00,1.496874470000000068e+00,9.141108449999999289e-03,1.487733360000000005e+00
2.044535400000000003e+00,1.500000000000000000e+00,1.500000000000000000e+00,-0.000000000000000000e+00,1.496876939999999934e+00,9.133137689999999351e-03,1.487743810000000000e+00
2.044660399999999711e+00,1.500000000000000000e+00,1.500000000000000000e+00,-0.000000000000000000e+00,1.496879389999999921e+00,9.125196719999999206e-03,1.487754199999999916e+00
2.044785399999999864e+00,1.500000000000000000e+00,1.500000000000000000e+00,-0.000000000000000000e+00,1.496881820000000030e+00,9.117286349999999956e-03,1.487764529999999974e+00
2.044910400000000017e+00,1.500000000000000000e+00,1.500000000000000000e+00,-0.000000000000000000e+00,1.496884230000000038e+00,9.109405830000000259e-03,1.487774820000000053e+00
2.045035399999999726e+00,1.500000000000000000e+00,1.500000000000000000e+00,-0.000000000000000000e+00,1.496886610000000006e+00,9.101555509999999585e-03,1.487785059999999993e+00
2.045160399999999878e+00,1.500000000000000000e+00,1.500000000000000000e+00,-0.000000000000000000e+00,1.496888980000000036e+00,9.093734569999999476e-03,1.487795240000000074e+00
2.045285400000000031e+00,1.500000000000000000e+00,1.500000000000000000e+00,-0.000000000000000000e+00,1.496891329999999964e+00,9.085943440000000815e-03,1.487805379999999955e+00
2.045410399999999740e+00,1.500000000000000000e+00,1.500000000000000000e+00,-0.000000000000000000e+00,1.496893650000000076e+00,9.078182040000000452e-03,1.487815469999999918e+00
2.045535399999999893e+00,1.500000000000000000e+00,1.500000000000000000e+00,-0.000000000000000000e+00,1.496895960000000025e+00,9.070450310000000363e-03,1.487825509999999962e+00
2.045660400000000045e+00,1.500000000000000000e+00,1.500000000000000000e+00,-0.000000000000000000e+00,1.496898250000000097e+00,9.062747660000000302e-03,1.487835500000000089e+00
2.045785400000000198e+00,1.500000000000000000e+00,1.500000000000000000e+00,-0.000000000000000000e+00,1.496900520000000068e+00,9.055074419999999819e-03,1.487845450000000014e+00
2.045910399999999907e+00,1.500000000000000000e+00,1.500000000000000000e+00,-0.000000000000000000e+00,1.496902769999999938e+00,9.047429699999999866e-03,1.487855340000000082e+00
2.046035400000000060e+00,1.500000000000000000e+00,1.500000000000000000e+00,-0.000000000000000000e+00,1.496905010000000091e+00,9.039813880000000662e-03,1.487865189999999949e+00
2.046160400000000212e+00,1.500000000000000000e+00,1.500000000000000000e+00,-0.000000000000000000e+00,1.496907219999999983e+00,9.032227199999999512e-03,1.487875000000000059e+00
2.046285399999999921e+00,1.500000000000000000e+00,1.500000000000000000e+00,-0.000000000000000000e+00,1.496909419999999935e+00,9.024669219999999908e-03,1.487884760000000028e+00
2.046410400000000074e+00,1.500000000000000000e+00,1.500000000000000000e+00,-0.000000000000000000e+00,1.496911609999999948e+00,9.017140220000000733e-03,1.487894470000000080e+00
2.046535400000000227e+00,1.500000000000000000e+00,1.500000000000000000e+00,-0.000000000000000000e+00,1.496913780000000083e+00,9.009639599999999179e-03,1.487904139999999931e+00
2.046660400000000379e+00,1.500000000000000000e+00,1.500000000000000000e+00,-0.000000000000000000e+00,1.496915919999999955e+00,9.002166980000000235e-03,1.487913760000000085e+00
2.046785400000000088e+00,1.500000000000000000e+00,1.500000000000000000e+00,-0.000000000000000000e+00,1.496918060000000050e+00,8.994722659999999231e-03,1.487923340000000039e+00
2.046910399999999797e+00,1.500000000000000000e+00,1.500000000000000000e+00,-0.000000000000000000e+00,1.496920180000000045e+00,8.987306460000000358e-03,1.487932870000000074e+00
2.047035399999999949e+00,1.500000000000000000e+00,1.500000000000000000e+00,-0.000000000000000000e+00,1.496922279999999938e+00,8.979918329999999477e-03,1.487942359999999908e+00
2.047160399999999658e+00,1.500000000000000000e+00,1.500000000000000000e+00,-0.000000000000000000e+00,1.496924369999999893e+00,8.972558950000000810e-03,1.487951809999999986e+00
2.047285399999999811e+00,1.500000000000000000e+00,1.500000000000000000e+00,-0.000000000000000000e+00,1.496926439999999969e+00,8.965226680000000503e-03,1.487961209999999923e+00
2.047410399999999964e+00,1.500000000000000000e+00,1.500000000000000000e+00,-0.000000000000000000e+00,1.496928500000000106e+00,8.957922579999999524e-03,1.487970570000000103e+00
2.047535400000000116e+00,1.500000000000000000e+00,1.500000000000000000e+00,-0.000000000000000000e+00,1.496930539999999921e+00,8.950646149999999870e-03,1.487979900000000022e+00
2.047660399999999825e+00,1.500000000000000000e+00,1.500000000000000000e+00,-0.000000000000000000e+00,1.496932570000000018e+00,8.943397199999999700e-03,1.487989170000000083e+00
2.047785399999999978e+00,1.500000000000000000e+00,1.500000000000000000e+00,-0.000000000000000000e+00,1.496934589999999954e+00,8.936175710000000827e-03,1.487998410000000105e+00
