time,vecg,vdac_upper,vdac_lower
1.000000000000000036e-10,5.957999999999999963e-01,0.000000000000000000e+00,0.000000000000000000e+00
5.625200000000000556e-04,5.961884339999999893e-01,0.000000000000000000e+00,0.000000000000000000e+00
1.126647599999999923e-03,5.965779780000000088e-01,0.000000000000000000e+00,0.000000000000000000e+00
1.750010800000000033e-03,5.970084260000000365e-01,0.000000000000000000e+00,0.000000000000000000e+00
2.315795999999999740e-03,5.973991149999999806e-01,0.000000000000000000e+00,0.000000000000000000e+00
2.937522400000000273e-03,5.978284329999999924e-01,0.000000000000000000e+00,0.000000000000000000e+00
3.501802760000000039e-03,5.982180820000000399e-01,2.083553280000000063e-01,1.852047360000000087e-01
4.128286000000000108e-03,5.984832570000000462e-01,8.477999999999999980e-01,7.536000000000000476e-01
4.838733599999999781e-03,5.984287480000000103e-01,8.477999999999999980e-01,7.536000000000000476e-01
5.575626399999999462e-03,5.983722099999999600e-01,8.477999999999999980e-01,7.536000000000000476e-01
6.250010000000000288e-03,5.983204680000000497e-01,8.477999999999999980e-01,7.536000000000000476e-01
6.937525600000000146e-03,5.982677180000000039e-01,8.477999999999999980e-01,7.536000000000000476e-01
7.687522400000000589e-03,5.982101749999999551e-01,8.477999999999999980e-01,7.536000000000000476e-01
8.250418800000000955e-03,5.988162500000000499e-01,8.477999999999999980e-01,7.536000000000000476e-01
8.927437999999999346e-03,5.997858769999999673e-01,8.477999999999999980e-01,7.536000000000000476e-01
9.562522400000000519e-03,6.006954450000000501e-01,8.477999999999999980e-01,7.536000000000000476e-01
1.018792880000000088e-02,6.015911520000000179e-01,8.477999999999999980e-01,7.536000000000000476e-01
1.086494799999999927e-02,6.025607790000000463e-01,8.477999999999999980e-01,7.536000000000000476e-01
1.156251299999999996e-02,6.035598309999999911e-01,8.477999999999999980e-01,7.536000000000000476e-01
1.212506040000000014e-02,6.044261020000000206e-01,8.477999999999999980e-01,7.536000000000000476e-01
1.274999999999999918e-02,6.054170370000000467e-01,8.477999999999999980e-01,7.536000000000000476e-01
1.337501559999999985e-02,6.064080929999999814e-01,8.477999999999999980e-01,7.536000000000000476e-01
1.400082840000000002e-02,6.074004139999999996e-01,8.477999999999999980e-01,7.536000000000000476e-01
1.468751000000000084e-02,6.084892499999999815e-01,8.477999999999999980e-01,7.536000000000000476e-01
1.531252560000000151e-02,6.094803060000000272e-01,8.477999999999999980e-01,7.536000000000000476e-01
1.593757040000000000e-02,6.103345479999999768e-01,8.477999999999999980e-01,7.536000000000000476e-01
1.656250999999999904e-02,6.110377930000000513e-01,8.477999999999999980e-01,7.536000000000000476e-01
1.712511159999999949e-02,6.116708880000000237e-01,8.477999999999999980e-01,7.536000000000000476e-01
1.775000100000000136e-02,6.123740760000000449e-01,8.477999999999999980e-01,7.536000000000000476e-01
1.831272399999999898e-02,6.130073080000000285e-01,8.477999999999999980e-01,7.536000000000000476e-01
1.893751299999999957e-02,6.137103830000000260e-01,8.477999999999999980e-01,7.536000000000000476e-01
1.956252240000000073e-02,6.144140179999999507e-01,8.477999999999999980e-01,7.536000000000000476e-01
2.013156280000000242e-02,6.150689120000000232e-01,8.477999999999999980e-01,7.536000000000000476e-01
2.081251700000000260e-02,6.158526060000000246e-01,8.477999999999999980e-01,7.536000000000000476e-01
2.137582839999999790e-02,6.165009070000000424e-01,8.477999999999999980e-01,7.536000000000000476e-01
2.206251000000000045e-02,6.172911909999999613e-01,8.477999999999999980e-01,7.536000000000000476e-01
2.262511160000000091e-02,6.179386749999999928e-01,8.477999999999999980e-01,7.536000000000000476e-01
2.326311640000000222e-02,6.186729389999999773e-01,8.477999999999999980e-01,7.536000000000000476e-01
2.387501080000000234e-02,6.190590510000000268e-01,8.477999999999999980e-01,7.536000000000000476e-01
2.444079600000000074e-02,6.192760999999999960e-01,8.477999999999999980e-01,7.536000000000000476e-01
2.506252239999999867e-02,6.195146099999999656e-01,8.477999999999999980e-01,7.536000000000000476e-01
2.563156280000000037e-02,6.197329080000000268e-01,8.477999999999999980e-01,7.536000000000000476e-01
2.625001559999999914e-02,6.199701619999999913e-01,8.477999999999999980e-01,7.536000000000000476e-01
2.687582839999999931e-02,6.202102400000000237e-01,8.477999999999999980e-01,7.536000000000000476e-01
2.750000000000000014e-02,6.202608750000000448e-01,8.477999999999999980e-01,7.536000000000000476e-01
2.812501560000000081e-02,6.195895139999999524e-01,8.477999999999999980e-01,7.536000000000000476e-01
2.870062639999999832e-02,6.189712219999999876e-01,8.477999999999999980e-01,7.536000000000000476e-01
2.937501000000000001e-02,6.182468330000000512e-01,8.477999999999999980e-01,7.536000000000000476e-01
2.993915760000000204e-02,6.176408540000000169e-01,8.477999999999999980e-01,7.536000000000000476e-01
3.062500100000000239e-02,6.169041549999999541e-01,8.477999999999999980e-01,7.536000000000000476e-01
3.118772400000000000e-02,6.162997059999999472e-01,8.477999999999999980e-01,7.536000000000000476e-01
3.180243800000000232e-02,6.156260639999999729e-01,8.477999999999999980e-01,7.536000000000000476e-01
3.237506039999999558e-02,6.149963370000000040e-01,8.477999999999999980e-01,7.536000000000000476e-01
3.300000000000000155e-02,6.143090749999999822e-01,8.477999999999999980e-01,7.536000000000000476e-01
3.356262160000000189e-02,6.136903460000000532e-01,8.477999999999999980e-01,7.536000000000000476e-01
3.418751100000000376e-02,6.130031390000000302e-01,8.477999999999999980e-01,7.536000000000000476e-01
3.475021400000000149e-02,6.123843209999999537e-01,8.477999999999999980e-01,7.536000000000000476e-01
3.533873359999999825e-02,6.118507549999999684e-01,8.477999999999999980e-01,7.536000000000000476e-01
3.593754479999999862e-02,6.116516650000000110e-01,8.477999999999999980e-01,7.536000000000000476e-01
3.655243800000000653e-02,6.114472279999999538e-01,8.477999999999999980e-01,7.536000000000000476e-01
3.712506039999999979e-02,6.112568459999999648e-01,8.477999999999999980e-01,7.536000000000000476e-01
3.775000000000000577e-02,6.110490690000000003e-01,8.477999999999999980e-01,7.536000000000000476e-01
3.831262159999999917e-02,6.108620110000000381e-01,8.477999999999999980e-01,7.536000000000000476e-01
3.893751100000000104e-02,6.106542510000000368e-01,8.477999999999999980e-01,7.536000000000000476e-01
3.950003480000000011e-02,6.107736280000000129e-01,8.477999999999999980e-01,7.536000000000000476e-01
4.011494800000000444e-02,6.110409770000000407e-01,8.477999999999999980e-01,7.536000000000000476e-01
4.068757039999999769e-02,6.112899379999999772e-01,8.477999999999999980e-01,7.536000000000000476e-01
4.131251000000000367e-02,6.115616470000000415e-01,8.477999999999999980e-01,7.536000000000000476e-01
4.187511160000000066e-02,6.118062520000000504e-01,8.477999999999999980e-01,7.536000000000000476e-01
4.250000099999999559e-02,6.120779379999999881e-01,8.477999999999999980e-01,7.536000000000000476e-01
4.306253200000000059e-02,6.124006429999999668e-01,8.477999999999999980e-01,7.536000000000000476e-01
4.365122359999999702e-02,6.135448829999999854e-01,8.477999999999999980e-01,7.536000000000000476e-01
4.425003479999999739e-02,6.147087930000000311e-01,8.477999999999999980e-01,7.536000000000000476e-01
4.486494800000000172e-02,6.159039990000000353e-01,8.477999999999999980e-01,7.536000000000000476e-01
4.543757039999999497e-02,6.170170059999999790e-01,8.477999999999999980e-01,7.536000000000000476e-01
4.606251000000000095e-02,6.182317010000000224e-01,8.477999999999999980e-01,7.536000000000000476e-01
4.662511160000000487e-02,6.193252289999999771e-01,8.477999999999999980e-01,7.536000000000000476e-01
4.721373359999999492e-02,6.204094039999999977e-01,8.477999999999999980e-01,7.536000000000000476e-01
4.781254480000000223e-02,6.214507970000000547e-01,8.477999999999999980e-01,7.536000000000000476e-01
4.842743800000000320e-02,6.225201569999999629e-01,8.477999999999999980e-01,7.536000000000000476e-01
4.900006040000000340e-02,6.235160050000000398e-01,8.477999999999999980e-01,7.536000000000000476e-01
4.962500000000000244e-02,6.246028380000000491e-01,8.477999999999999980e-01,7.536000000000000476e-01
5.018762160000000278e-02,6.255812929999999827e-01,8.477999999999999980e-01,7.536000000000000476e-01
5.081251099999999771e-02,6.266680380000000383e-01,8.477999999999999980e-01,7.536000000000000476e-01
5.137502199999999936e-02,6.271453179999999517e-01,8.477999999999999980e-01,7.536000000000000476e-01
5.196373359999999914e-02,6.276271199999999828e-01,8.477999999999999980e-01,7.536000000000000476e-01
5.256254479999999951e-02,6.281171869999999657e-01,8.477999999999999980e-01,7.536000000000000476e-01
5.317743800000000048e-02,6.286204149999999879e-01,8.477999999999999980e-01,7.536000000000000476e-01
5.375006040000000068e-02,6.290890489999999557e-01,8.477999999999999980e-01,7.536000000000000476e-01
5.437499999999999972e-02,6.296005000000000074e-01,8.477999999999999980e-01,7.536000000000000476e-01
5.493752559999999507e-02,6.296637210000000096e-01,8.477999999999999980e-01,7.536000000000000476e-01
5.551311639999999964e-02,6.289718460000000011e-01,8.477999999999999980e-01,7.536000000000000476e-01
5.612502200000000357e-02,6.282363199999999592e-01,8.477999999999999980e-01,7.536000000000000476e-01
5.671373359999999642e-02,6.275286740000000085e-01,8.477999999999999980e-01,7.536000000000000476e-01
5.731254479999999679e-02,6.268088880000000085e-01,8.477999999999999980e-01,7.536000000000000476e-01
5.792743799999999776e-02,6.260697710000000527e-01,8.477999999999999980e-01,7.536000000000000476e-01
5.850006040000000490e-02,6.253814650000000253e-01,8.477999999999999980e-01,7.536000000000000476e-01
5.907562639999999754e-02,6.244724369999999913e-01,8.477999999999999980e-01,7.536000000000000476e-01
5.968753200000000148e-02,6.234239219999999637e-01,8.477999999999999980e-01,7.536000000000000476e-01
6.027622360000000484e-02,6.224151839999999547e-01,8.477999999999999980e-01,7.536000000000000476e-01
6.087503479999999828e-02,6.213891059999999689e-01,8.477999999999999980e-01,7.536000000000000476e-01
6.148994800000000260e-02,6.203354370000000451e-01,8.477999999999999980e-01,7.536000000000000476e-01
6.212501240000000563e-02,6.192472380000000332e-01,8.477999999999999980e-01,7.536000000000000476e-01
6.268792880000000067e-02,6.183151049999999760e-01,8.477999999999999980e-01,7.536000000000000476e-01
6.331251699999999871e-02,6.174045959999999722e-01,8.477999999999999980e-01,7.536000000000000476e-01
6.387582840000000095e-02,6.165834140000000518e-01,8.477999999999999980e-01,7.536000000000000476e-01
6.450000999999999651e-02,6.156734980000000412e-01,8.477999999999999980e-01,7.536000000000000476e-01
6.506415759999999160e-02,6.148510980000000403e-01,8.477999999999999980e-01,7.536000000000000476e-01
6.568752080000000992e-02,6.139423739999999574e-01,8.477999999999999980e-01,7.536000000000000476e-01
6.625328599999999457e-02,6.131176160000000319e-01,8.477999999999999980e-01,7.536000000000000476e-01
6.687500700000000020e-02,6.129549250000000393e-01,8.477999999999999980e-01,7.536000000000000476e-01
6.743833839999999191e-02,6.131710329999999765e-01,8.477999999999999980e-01,7.536000000000000476e-01
6.806252000000000135e-02,6.134104839999999781e-01,8.477999999999999980e-01,7.536000000000000476e-01
6.862664759999999309e-02,6.136268980000000317e-01,8.477999999999999980e-01,7.536000000000000476e-01
6.925001079999999754e-02,6.138660350000000321e-01,8.477999999999999980e-01,7.536000000000000476e-01
6.981579599999999941e-02,6.140830849999999730e-01,8.477999999999999980e-01,7.536000000000000476e-01
7.043751299999999327e-02,6.143475000000000463e-01,8.477999999999999980e-01,7.536000000000000476e-01
7.100041880000000638e-02,6.148225779999999530e-01,8.477999999999999980e-01,7.536000000000000476e-01
7.162500700000000442e-02,6.153497150000000193e-01,8.477999999999999980e-01,7.536000000000000476e-01
7.218833840000001001e-02,6.158251529999999585e-01,8.477999999999999980e-01,7.536000000000000476e-01
7.281252000000000557e-02,6.163519469999999556e-01,8.477999999999999980e-01,7.536000000000000476e-01
7.337664759999999731e-02,6.168280560000000134e-01,8.477999999999999980e-01,7.536000000000000476e-01
7.400001080000000175e-02,6.173541590000000134e-01,8.477999999999999980e-01,7.536000000000000476e-01
7.456292879999999734e-02,6.180584959999999572e-01,8.477999999999999980e-01,7.536000000000000476e-01
7.518751700000000926e-02,6.191127690000000072e-01,8.477999999999999980e-01,7.536000000000000476e-01
7.575082839999999762e-02,6.200636109999999590e-01,8.477999999999999980e-01,7.536000000000000476e-01
7.637501000000000706e-02,6.211171979999999815e-01,8.477999999999999980e-01,7.536000000000000476e-01
7.693915760000000215e-02,6.220694509999999955e-01,8.477999999999999980e-01,7.536000000000000476e-01
7.756252079999999272e-02,6.231216569999999955e-01,8.477999999999999980e-01,7.536000000000000476e-01
7.812828600000000512e-02,6.240766399999999603e-01,8.477999999999999980e-01,7.536000000000000476e-01
7.875000299999999898e-02,6.249296290000000420e-01,8.477999999999999980e-01,7.536000000000000476e-01
7.931292879999998768e-02,6.256782640000000395e-01,8.477999999999999980e-01,7.536000000000000476e-01
7.993751699999999960e-02,6.265089040000000331e-01,8.477999999999999980e-01,7.536000000000000476e-01
8.050082840000000184e-02,6.272580519999999549e-01,8.477999999999999980e-01,7.536000000000000476e-01
8.112500999999999740e-02,6.280881510000000389e-01,8.477999999999999980e-01,7.536000000000000476e-01
8.168915759999999249e-02,6.288384110000000415e-01,8.477999999999999980e-01,7.536000000000000476e-01
8.231251300000000382e-02,6.292868649999999731e-01,8.477999999999999980e-01,7.536000000000000476e-01
8.287541880000000305e-02,6.289701460000000077e-01,8.477999999999999980e-01,7.536000000000000476e-01
8.350000700000000109e-02,6.286187210000000469e-01,8.477999999999999980e-01,7.536000000000000476e-01
8.406333839999999280e-02,6.283017629999999576e-01,8.477999999999999980e-01,7.536000000000000476e-01
8.468752000000000224e-02,6.279505669999999595e-01,8.477999999999999980e-01,7.536000000000000476e-01
8.525164759999999398e-02,6.276331600000000233e-01,8.477999999999999980e-01,7.536000000000000476e-01
8.587501079999999842e-02,6.272824249999999768e-01,8.477999999999999980e-01,7.536000000000000476e-01
8.643772400000000744e-02,6.272106450000000111e-01,8.477999999999999980e-01,7.536000000000000476e-01
8.706251299999999416e-02,6.272266239999999549e-01,8.477999999999999980e-01,7.536000000000000476e-01
8.762541879999999339e-02,6.272410200000000380e-01,8.477999999999999980e-01,7.536000000000000476e-01
8.825000700000000531e-02,6.272569940000000122e-01,8.477999999999999980e-01,7.536000000000000476e-01
8.881333839999999702e-02,6.272714010000000062e-01,8.477999999999999980e-01,7.536000000000000476e-01
8.943752000000000646e-02,6.272873650000000412e-01,8.477999999999999980e-01,7.536000000000000476e-01
9.000011160000000177e-02,6.273035059999999552e-01,8.477999999999999980e-01,7.536000000000000476e-01
9.062500099999999670e-02,6.273354690000000344e-01,8.477999999999999980e-01,7.536000000000000476e-01
9.118772399999999778e-02,6.273642520000000111e-01,8.477999999999999980e-01,7.536000000000000476e-01
9.181251299999999838e-02,6.273962100000000097e-01,8.477999999999999980e-01,7.536000000000000476e-01
9.237541880000001149e-02,6.274250030000000367e-01,8.477999999999999980e-01,7.536000000000000476e-01
9.300000699999999565e-02,6.274569500000000133e-01,8.477999999999999980e-01,7.536000000000000476e-01
9.356333840000000124e-02,6.274857649999999731e-01,8.477999999999999980e-01,7.536000000000000476e-01
9.418751100000000154e-02,6.278715150000000467e-01,8.477999999999999980e-01,7.536000000000000476e-01
9.475021399999999927e-02,6.284759420000000096e-01,8.477999999999999980e-01,7.536000000000000476e-01
9.537500299999999986e-02,6.291470590000000085e-01,8.477999999999999980e-01,7.536000000000000476e-01
9.593792880000000245e-02,6.297517259999999562e-01,8.477999999999999980e-01,7.536000000000000476e-01
9.656251700000000049e-02,6.304226280000000404e-01,8.477999999999999980e-01,7.536000000000000476e-01
9.712582839999998885e-02,6.310277090000000477e-01,8.477999999999999980e-01,7.536000000000000476e-01
9.775000999999999829e-02,6.316981729999999740e-01,8.477999999999999980e-01,7.536000000000000476e-01
9.831262160000001082e-02,6.322307759999999943e-01,8.477999999999999980e-01,7.536000000000000476e-01
9.893751099999999188e-02,6.328220930000000299e-01,8.477999999999999980e-01,7.536000000000000476e-01
9.950021400000000349e-02,6.333545649999999805e-01,8.477999999999999980e-01,7.536000000000000476e-01
1.001250029999999902e-01,6.339457870000000383e-01,8.477999999999999980e-01,7.536000000000000476e-01
1.006879289999999955e-01,6.344784700000000166e-01,8.477999999999999980e-01,7.536000000000000476e-01
1.013125170000000047e-01,6.350695020000000079e-01,8.477999999999999980e-01,7.536000000000000476e-01
1.018751119999999899e-01,6.353290719999999947e-01,8.477999999999999980e-01,7.536000000000000476e-01
1.025000009999999934e-01,6.351213119999999934e-01,8.477999999999999980e-01,7.536000000000000476e-01
1.030627240000000083e-01,6.349342209999999653e-01,8.477999999999999980e-01,7.536000000000000476e-01
1.036875129999999950e-01,6.347264940000000299e-01,8.477999999999999980e-01,7.536000000000000476e-01
1.042504190000000108e-01,6.345393419999999507e-01,8.477999999999999980e-01,7.536000000000000476e-01
1.048750070000000062e-01,6.343316820000000078e-01,8.477999999999999980e-01,7.536000000000000476e-01
1.054383379999999926e-01,6.341443879999999478e-01,8.477999999999999980e-01,7.536000000000000476e-01
1.060625099999999987e-01,6.330584580000000461e-01,8.477999999999999980e-01,7.536000000000000476e-01
1.066251120000000080e-01,6.318642100000000372e-01,8.477999999999999980e-01,7.536000000000000476e-01
1.072500009999999976e-01,6.305377420000000122e-01,8.477999999999999980e-01,7.536000000000000476e-01
1.078127239999999987e-01,6.293432350000000008e-01,8.477999999999999980e-01,7.536000000000000476e-01
1.084375129999999993e-01,6.280169799999999469e-01,8.477999999999999980e-01,7.536000000000000476e-01
1.090004190000000012e-01,6.268220860000000005e-01,8.477999999999999980e-01,7.536000000000000476e-01
1.096250000000000002e-01,6.256755809999999807e-01,8.477999999999999980e-01,7.536000000000000476e-01
1.101876219999999990e-01,6.251863539999999997e-01,8.477999999999999980e-01,7.536000000000000476e-01
1.108125110000000024e-01,6.246429810000000415e-01,8.477999999999999980e-01,7.536000000000000476e-01
1.113752140000000002e-01,6.241536829999999592e-01,8.477999999999999980e-01,7.536000000000000476e-01
1.120000030000000008e-01,6.236103969999999830e-01,8.477999999999999980e-01,7.536000000000000476e-01
1.125629289999999921e-01,6.231209049999999472e-01,8.477999999999999980e-01,7.536000000000000476e-01
1.131875170000000014e-01,6.225777949999999894e-01,8.477999999999999980e-01,7.536000000000000476e-01
1.137500600000000001e-01,6.223816840000000461e-01,8.477999999999999980e-01,7.536000000000000476e-01
1.143750000000000044e-01,6.223497190000000234e-01,8.477999999999999980e-01,7.536000000000000476e-01
1.149376219999999893e-01,6.223209410000000164e-01,8.477999999999999980e-01,7.536000000000000476e-01
1.155625109999999928e-01,6.222889780000000481e-01,8.477999999999999980e-01,7.536000000000000476e-01
1.161252140000000044e-01,6.222601949999999604e-01,8.477999999999999980e-01,7.536000000000000476e-01
1.167500029999999911e-01,6.222282369999999618e-01,8.477999999999999980e-01,7.536000000000000476e-01
1.173125700000000049e-01,6.222201739999999592e-01,8.477999999999999980e-01,7.536000000000000476e-01
1.179375099999999954e-01,6.234188859999999499e-01,8.477999999999999980e-01,7.536000000000000476e-01
1.185001119999999908e-01,6.244980270000000111e-01,8.477999999999999980e-01,7.536000000000000476e-01
1.191250010000000081e-01,6.256966430000000523e-01,8.477999999999999980e-01,7.536000000000000476e-01
1.196877239999999953e-01,6.267760159999999914e-01,8.477999999999999980e-01,7.536000000000000476e-01
1.203125130000000098e-01,6.279744390000000509e-01,8.477999999999999980e-01,7.536000000000000476e-01
1.208754189999999978e-01,6.290541630000000550e-01,8.477999999999999980e-01,7.536000000000000476e-01
1.214999999999999969e-01,6.303184499999999746e-01,8.477999999999999980e-01,7.536000000000000476e-01
1.220626220000000095e-01,6.315271300000000476e-01,8.477999999999999980e-01,7.536000000000000476e-01
1.228125699999999959e-01,6.331382450000000439e-01,8.477999999999999980e-01,7.536000000000000476e-01
1.236875110000000000e-01,6.350178800000000345e-01,8.477999999999999980e-01,7.536000000000000476e-01
1.244440730000000161e-01,6.366432020000000191e-01,8.477999999999999980e-01,7.536000000000000476e-01
1.251877240000000002e-01,6.382005619999999713e-01,8.477999999999999980e-01,7.536000000000000476e-01
1.260625169999999851e-01,6.395429320000000084e-01,8.477999999999999980e-01,7.536000000000000476e-01
1.268125129999999878e-01,6.406938009999999517e-01,8.477999999999999980e-01,7.536000000000000476e-01
1.275756259999999975e-01,6.418647990000000414e-01,8.477999999999999980e-01,7.536000000000000476e-01
1.283190730000000057e-01,6.430056170000000293e-01,8.477999999999999980e-01,7.536000000000000476e-01
1.290322580000000108e-01,6.441000000000000059e-01,8.477999999999999980e-01,7.536000000000000476e-01
1.297399479999999938e-01,6.449868589999999680e-01,8.477999999999999980e-01,7.536000000000000476e-01
1.304375130000000049e-01,6.458610299999999471e-01,8.477999999999999980e-01,7.536000000000000476e-01
1.311875110000000066e-01,6.468009089999999794e-01,8.477999999999999980e-01,7.536000000000000476e-01
1.318750100000000147e-01,6.476624659999999922e-01,8.477999999999999980e-01,7.536000000000000476e-01
1.325625260000000138e-01,6.485240429999999945e-01,8.477999999999999980e-01,7.536000000000000476e-01
1.331875700000000051e-01,6.487804759999999948e-01,8.477999999999999980e-01,7.536000000000000476e-01
1.338754189999999955e-01,6.481647659999999478e-01,8.477999999999999980e-01,7.536000000000000476e-01
1.345657959999999875e-01,6.475467919999999822e-01,8.477999999999999980e-01,7.536000000000000476e-01
1.352762240000000005e-01,6.469108700000000267e-01,8.477999999999999980e-01,7.536000000000000476e-01
1.360052429999999979e-01,6.462583069999999763e-01,8.477999999999999980e-01,7.536000000000000476e-01
1.367499999999999827e-01,6.455916560000000137e-01,8.477999999999999980e-01,7.536000000000000476e-01
1.374012239999999885e-01,6.447841490000000286e-01,8.477999999999999980e-01,7.536000000000000476e-01
1.381250009999999973e-01,6.438401080000000221e-01,8.477999999999999980e-01,7.536000000000000476e-01
1.388125199999999948e-01,6.429433599999999638e-01,8.477999999999999980e-01,7.536000000000000476e-01
1.394376219999999833e-01,6.421280240000000195e-01,8.477999999999999980e-01,7.536000000000000476e-01
1.401875700000000113e-01,6.411498469999999950e-01,8.477999999999999980e-01,7.536000000000000476e-01
1.408750160000000196e-01,6.402272890000000327e-01,8.477999999999999980e-01,7.536000000000000476e-01
1.415625699999999987e-01,6.391722359999999492e-01,8.477999999999999980e-01,7.536000000000000476e-01
1.422504189999999891e-01,6.381167319999999643e-01,8.477999999999999980e-01,7.536000000000000476e-01
1.429407960000000088e-01,6.370573489999999950e-01,8.477999999999999980e-01,7.536000000000000476e-01
1.436250030000000011e-01,6.360074329999999554e-01,8.477999999999999980e-01,7.536000000000000476e-01
1.443125209999999992e-01,6.349524370000000362e-01,8.477999999999999980e-01,7.536000000000000476e-01
1.450625100000000056e-01,6.341307099999999863e-01,8.477999999999999980e-01,7.536000000000000476e-01
1.456875259999999839e-01,6.336991210000000319e-01,8.477999999999999980e-01,7.536000000000000476e-01
1.463750600000000013e-01,6.332243610000000134e-01,8.477999999999999980e-01,7.536000000000000476e-01
1.470629290000000089e-01,6.327493709999999494e-01,8.477999999999999980e-01,7.536000000000000476e-01
1.477532860000000114e-01,6.322726619999999853e-01,8.477999999999999980e-01,7.536000000000000476e-01
1.484637340000000139e-01,6.317820800000000236e-01,8.477999999999999980e-01,7.536000000000000476e-01
1.491381159999999872e-01,6.316573779999999916e-01,8.477999999999999980e-01,7.536000000000000476e-01
1.498125199999999768e-01,6.316056340000000269e-01,8.477999999999999980e-01,7.536000000000000476e-01
1.505625170000000068e-01,6.315480909999999781e-01,8.477999999999999980e-01,7.536000000000000476e-01
1.512500119999999892e-01,6.314953429999999868e-01,8.477999999999999980e-01,7.536000000000000476e-01
1.519375450000000072e-01,6.314425919999999692e-01,8.477999999999999980e-01,7.536000000000000476e-01
1.526250219999999991e-01,6.316132509999999867e-01,8.477999999999999980e-01,7.536000000000000476e-01
1.533126219999999817e-01,6.327211289999999932e-01,8.477999999999999980e-01,7.536000000000000476e-01
1.540625700000000098e-01,6.339294650000000253e-01,8.477999999999999980e-01,7.536000000000000476e-01
1.547504190000000002e-01,6.350377440000000151e-01,8.477999999999999980e-01,7.536000000000000476e-01
1.554274380000000011e-01,6.361285740000000022e-01,8.477999999999999980e-01,7.536000000000000476e-01
1.561250030000000122e-01,6.372525079999999953e-01,8.477999999999999980e-01,7.536000000000000476e-01
1.568125129999999867e-01,6.380982410000000105e-01,8.477999999999999980e-01,7.536000000000000476e-01
1.575000109999999953e-01,6.387663850000000476e-01,8.477999999999999980e-01,7.536000000000000476e-01
1.581875319999999918e-01,6.394345529999999611e-01,8.477999999999999980e-01,7.536000000000000476e-01
1.589375260000000234e-01,6.401634339999999757e-01,8.477999999999999980e-01,7.536000000000000476e-01
1.596250599999999853e-01,6.408316149999999656e-01,8.477999999999999980e-01,7.536000000000000476e-01
1.603128050000000027e-01,6.414999999999999591e-01,8.477999999999999980e-01,7.536000000000000476e-01
1.610002140000000026e-01,6.414472589999999919e-01,8.477999999999999980e-01,7.536000000000000476e-01
1.616512239999999823e-01,6.413973099999999983e-01,8.477999999999999980e-01,7.536000000000000476e-01
1.623802430000000074e-01,6.413413759999999630e-01,8.477999999999999980e-01,7.536000000000000476e-01
1.631249999999999922e-01,6.412842340000000085e-01,8.477999999999999980e-01,7.536000000000000476e-01
1.638125169999999908e-01,6.412314850000000455e-01,8.477999999999999980e-01,7.536000000000000476e-01
1.645000070000000036e-01,6.413275779999999537e-01,8.477999999999999980e-01,7.536000000000000476e-01
1.651875220000000033e-01,6.416440759999999521e-01,8.477999999999999980e-01,7.536000000000000476e-01
1.658750350000000040e-01,6.419605720000000071e-01,8.477999999999999980e-01,7.536000000000000476e-01
1.665627239999999953e-01,6.422771499999999634e-01,8.477999999999999980e-01,7.536000000000000476e-01
1.673126220000000219e-01,6.426223650000000287e-01,8.477999999999999980e-01,7.536000000000000476e-01
1.679506260000000195e-01,6.429160710000000334e-01,8.477999999999999980e-01,7.536000000000000476e-01
1.686315630000000121e-01,6.434080709999999703e-01,8.477999999999999980e-01,7.536000000000000476e-01
1.693649480000000151e-01,6.440082729999999644e-01,8.477999999999999980e-01,7.536000000000000476e-01
1.700625129999999985e-01,6.445791610000000116e-01,8.477999999999999980e-01,7.536000000000000476e-01
1.708125110000000002e-01,6.451929589999999548e-01,8.477999999999999980e-01,7.536000000000000476e-01
1.715000100000000083e-01,6.457556079999999810e-01,8.477999999999999980e-01,7.536000000000000476e-01
1.721875200000000106e-01,6.464254449999999874e-01,8.477999999999999980e-01,7.536000000000000476e-01
1.728750159999999925e-01,6.474979899999999677e-01,8.477999999999999980e-01,7.536000000000000476e-01
1.735625699999999993e-01,6.485706270000000107e-01,8.477999999999999980e-01,7.536000000000000476e-01
1.741940730000000048e-01,6.495558179999999515e-01,8.477999999999999980e-01,7.536000000000000476e-01
1.749274379999999907e-01,6.506999230000000134e-01,8.477999999999999980e-01,7.536000000000000476e-01
1.756407289999999954e-01,6.518127099999999619e-01,8.477999999999999980e-01,7.536000000000000476e-01
1.763256260000000131e-01,6.525191420000000520e-01,8.477999999999999980e-01,7.536000000000000476e-01
1.770625099999999785e-01,6.529525950000000245e-01,8.477999999999999980e-01,7.536000000000000476e-01
1.777500070000000154e-01,6.533569980000000221e-01,8.477999999999999980e-01,7.536000000000000476e-01
1.784375219999999873e-01,6.537614120000000417e-01,8.477999999999999980e-01,7.536000000000000476e-01
1.791875210000000163e-01,6.542025790000000063e-01,8.477999999999999980e-01,7.536000000000000476e-01
1.798127240000000071e-01,6.545703400000000283e-01,8.477999999999999980e-01,7.536000000000000476e-01
1.804407959999999866e-01,6.544818129999999679e-01,8.477999999999999980e-01,7.536000000000000476e-01
1.811891579999999891e-01,6.543286980000000419e-01,8.477999999999999980e-01,7.536000000000000476e-01
1.818881159999999886e-01,6.541856910000000136e-01,8.477999999999999980e-01,7.536000000000000476e-01
1.826250000000000095e-01,6.540349250000000447e-01,8.477999999999999980e-01,7.536000000000000476e-01
1.833125170000000081e-01,6.538942589999999777e-01,8.477999999999999980e-01,7.536000000000000476e-01
1.840366999999999975e-01,6.533754680000000148e-01,8.477999999999999980e-01,7.536000000000000476e-01
1.847500029999999960e-01,6.522261759999999908e-01,8.477999999999999980e-01,7.536000000000000476e-01
1.854375209999999941e-01,6.511184309999999975e-01,8.477999999999999980e-01,7.536000000000000476e-01
1.860627240000000127e-01,6.501110879999999481e-01,8.477999999999999980e-01,7.536000000000000476e-01
1.867516479999999923e-01,6.490010769999999818e-01,8.477999999999999980e-01,7.536000000000000476e-01
1.874506259999999813e-01,6.478748640000000503e-01,8.477999999999999980e-01,7.536000000000000476e-01
1.881315630000000017e-01,6.467777230000000266e-01,8.477999999999999980e-01,7.536000000000000476e-01
1.888649480000000047e-01,6.455960739999999642e-01,8.477999999999999980e-01,7.536000000000000476e-01
1.895887340000000088e-01,6.444298929999999759e-01,8.477999999999999980e-01,7.536000000000000476e-01
1.902500109999999967e-01,6.433644259999999893e-01,8.477999999999999980e-01,7.536000000000000476e-01
1.909375320000000209e-01,6.422566750000000546e-01,8.477999999999999980e-01,7.536000000000000476e-01
1.916250220000000060e-01,6.411797519999999917e-01,8.477999999999999980e-01,7.536000000000000476e-01
1.922516480000000250e-01,6.407791029999999610e-01,8.477999999999999980e-01,7.536000000000000476e-01
1.929506259999999862e-01,6.403321929999999940e-01,8.477999999999999980e-01,7.536000000000000476e-01
1.936940730000000221e-01,6.398568519999999760e-01,8.477999999999999980e-01,7.536000000000000476e-01
1.944116999999999928e-01,6.393980190000000396e-01,8.477999999999999980e-01,7.536000000000000476e-01
1.951250029999999913e-01,6.389419509999999525e-01,8.477999999999999980e-01,7.536000000000000476e-01
1.958125109999999947e-01,6.390794389999999714e-01,8.477999999999999980e-01,7.536000000000000476e-01
1.964375319999999980e-01,6.398467140000000386e-01,8.477999999999999980e-01,7.536000000000000476e-01
1.971251119999999912e-01,6.406907870000000393e-01,8.477999999999999980e-01,7.536000000000000476e-01
1.978133380000000052e-01,6.415356540000000107e-01,8.477999999999999980e-01,7.536000000000000476e-01
1.985629289999999991e-01,6.424558510000000222e-01,8.477999999999999980e-01,7.536000000000000476e-01
1.992532860000000017e-01,6.433033339999999489e-01,8.477999999999999980e-01,7.536000000000000476e-01
1.999407960000000040e-01,6.446193260000000480e-01,8.477999999999999980e-01,7.536000000000000476e-01
2.006266480000000185e-01,6.460752010000000434e-01,8.477999999999999980e-01,7.536000000000000476e-01
2.013256259999999798e-01,6.475589400000000273e-01,8.477999999999999980e-01,7.536000000000000476e-01
2.020625100000000007e-01,6.491231419999999863e-01,8.477999999999999980e-01,7.536000000000000476e-01
2.026875259999999790e-01,6.504498779999999813e-01,8.477999999999999980e-01,7.536000000000000476e-01
2.034375130000000143e-01,6.520914389999999949e-01,8.477999999999999980e-01,7.536000000000000476e-01
2.041250109999999951e-01,6.538497149999999980e-01,8.477999999999999980e-01,7.536000000000000476e-01
2.048125319999999916e-01,6.556080509999999695e-01,8.477999999999999980e-01,7.536000000000000476e-01
2.055001119999999848e-01,6.573665349999999741e-01,8.477999999999999980e-01,7.536000000000000476e-01
2.061883379999999988e-01,6.591266749999999952e-01,8.477999999999999980e-01,7.536000000000000476e-01
2.069379289999999927e-01,6.610437529999999562e-01,8.477999999999999980e-01,7.536000000000000476e-01
2.076251120000000006e-01,6.621003669999999675e-01,8.477999999999999980e-01,7.536000000000000476e-01
2.082631159999999981e-01,6.625898759999999665e-01,8.477999999999999980e-01,7.536000000000000476e-01
2.090000000000000191e-01,6.631552499999999739e-01,8.477999999999999980e-01,7.536000000000000476e-01
2.096875170000000177e-01,6.636827469999999618e-01,8.477999999999999980e-01,7.536000000000000476e-01
2.103750120000000001e-01,6.642102279999999581e-01,8.477999999999999980e-01,7.536000000000000476e-01
2.110625449999999903e-01,6.647377370000000507e-01,8.477999999999999980e-01,7.536000000000000476e-01
2.118125169999999780e-01,6.634829060000000389e-01,8.477999999999999980e-01,7.536000000000000476e-01
2.125000119999999881e-01,6.621290380000000031e-01,8.477999999999999980e-01,7.536000000000000476e-01
2.131875450000000061e-01,6.607750980000000052e-01,8.477999999999999980e-01,7.536000000000000476e-01
2.138752139999999802e-01,6.594208879999999828e-01,8.477999999999999980e-01,7.536000000000000476e-01
2.145262240000000153e-01,6.581388710000000142e-01,8.477999999999999980e-01,7.536000000000000476e-01
2.152006259999999782e-01,6.569798070000000267e-01,8.477999999999999980e-01,7.536000000000000476e-01
2.159440730000000142e-01,6.563713709999999812e-01,8.477999999999999980e-01,7.536000000000000476e-01
2.166617000000000126e-01,6.557840649999999716e-01,8.477999999999999980e-01,7.536000000000000476e-01
2.173750030000000111e-01,6.552002980000000143e-01,8.477999999999999980e-01,7.536000000000000476e-01
2.180625209999999814e-01,6.546376329999999966e-01,8.477999999999999980e-01,7.536000000000000476e-01
2.187500219999999884e-01,6.540749820000000270e-01,8.477999999999999980e-01,7.536000000000000476e-01
2.194375199999999970e-01,6.538636559999999598e-01,8.477999999999999980e-01,7.536000000000000476e-01
2.201875169999999993e-01,6.538061130000000221e-01,8.477999999999999980e-01,7.536000000000000476e-01
2.208125699999999858e-01,6.537581559999999792e-01,8.477999999999999980e-01,7.536000000000000476e-01
2.215004190000000039e-01,6.537053800000000026e-01,8.477999999999999980e-01,7.536000000000000476e-01
2.221907959999999960e-01,6.536524110000000443e-01,8.477999999999999980e-01,7.536000000000000476e-01
2.228766480000000105e-01,6.535986649999999676e-01,8.477999999999999980e-01,7.536000000000000476e-01
2.235756259999999995e-01,6.532590139999999712e-01,8.477999999999999980e-01,7.536000000000000476e-01
2.243190730000000077e-01,6.528977550000000241e-01,8.477999999999999980e-01,7.536000000000000476e-01
2.250367000000000062e-01,6.525490409999999963e-01,8.477999999999999980e-01,7.536000000000000476e-01
2.257500030000000046e-01,6.522024299999999997e-01,8.477999999999999980e-01,7.536000000000000476e-01
2.264375210000000027e-01,6.518683480000000419e-01,8.477999999999999980e-01,7.536000000000000476e-01
2.270625450000000045e-01,6.520206060000000026e-01,8.477999999999999980e-01,7.536000000000000476e-01
2.277502139999999786e-01,6.528120280000000442e-01,8.477999999999999980e-01,7.536000000000000476e-01
2.284391580000000033e-01,6.536049160000000358e-01,8.477999999999999980e-01,7.536000000000000476e-01
2.291883379999999915e-01,6.544671290000000363e-01,8.477999999999999980e-01,7.536000000000000476e-01
2.298815630000000110e-01,6.552649440000000158e-01,8.477999999999999980e-01,7.536000000000000476e-01
2.305625169999999946e-01,6.560486370000000456e-01,8.477999999999999980e-01,7.536000000000000476e-01
2.312500030000000095e-01,6.570815669999999775e-01,8.477999999999999980e-01,7.536000000000000476e-01
2.319375209999999798e-01,6.581717299999999549e-01,8.477999999999999980e-01,7.536000000000000476e-01
2.326250219999999869e-01,6.592618660000000297e-01,8.477999999999999980e-01,7.536000000000000476e-01
2.332516480000000059e-01,6.602554750000000361e-01,8.477999999999999980e-01,7.536000000000000476e-01
2.339506259999999949e-01,6.613638109999999681e-01,8.477999999999999980e-01,7.536000000000000476e-01
2.346877240000000142e-01,6.624449089999999707e-01,8.477999999999999980e-01,7.536000000000000476e-01
2.353766479999999939e-01,6.628149129999999500e-01,8.477999999999999980e-01,7.536000000000000476e-01
2.360756260000000106e-01,6.631903169999999736e-01,8.477999999999999980e-01,7.536000000000000476e-01
2.367500099999999830e-01,6.635525119999999832e-01,8.477999999999999980e-01,7.536000000000000476e-01
2.374375259999999821e-01,6.639217589999999447e-01,8.477999999999999980e-01,7.536000000000000476e-01
2.381875220000000126e-01,6.643245639999999508e-01,8.477999999999999980e-01,7.536000000000000476e-01
2.388125259999999972e-01,6.643931749999999470e-01,8.477999999999999980e-01,7.536000000000000476e-01
2.395625220000000000e-01,6.641246389999999611e-01,8.477999999999999980e-01,7.536000000000000476e-01
2.402500350000000007e-01,6.638784749999999679e-01,8.477999999999999980e-01,7.536000000000000476e-01
2.409377239999999920e-01,6.636322479999999802e-01,8.477999999999999980e-01,7.536000000000000476e-01
2.416266479999999994e-01,6.633855789999999475e-01,8.477999999999999980e-01,7.536000000000000476e-01
2.423256259999999884e-01,6.631353089999999506e-01,8.477999999999999980e-01,7.536000000000000476e-01
2.429999999999999938e-01,6.628791250000000135e-01,8.477999999999999980e-01,7.536000000000000476e-01
2.437399480000000118e-01,6.625952619999999627e-01,8.477999999999999980e-01,7.536000000000000476e-01
2.443750120000000303e-01,6.623516360000000214e-01,8.477999999999999980e-01,7.536000000000000476e-01
2.449440730000000122e-01,6.621333299999999644e-01,8.477999999999999980e-01,7.536000000000000476e-01
2.455625260000000032e-01,6.618960759999999999e-01,8.477999999999999980e-01,7.536000000000000476e-01
2.461381159999999901e-01,6.616752649999999569e-01,8.477999999999999980e-01,7.536000000000000476e-01
2.467500100000000196e-01,6.617275780000000385e-01,8.477999999999999980e-01,7.536000000000000476e-01
2.473141580000000062e-01,6.619007150000000284e-01,8.477999999999999980e-01,7.536000000000000476e-01
2.479375210000000218e-01,6.620920249999999729e-01,8.477999999999999980e-01,7.536000000000000476e-01
2.485032860000000177e-01,6.622656580000000348e-01,8.477999999999999980e-01,7.536000000000000476e-01
2.491250120000000068e-01,6.624564659999999661e-01,8.477999999999999980e-01,7.536000000000000476e-01
2.496940729999999886e-01,6.626311110000000504e-01,8.477999999999999980e-01,7.536000000000000476e-01
2.503125169999999566e-01,6.628261389999999809e-01,8.477999999999999980e-01,7.536000000000000476e-01
2.508758280000000229e-01,6.630422400000000049e-01,8.477999999999999980e-01,7.536000000000000476e-01
2.515000099999999961e-01,6.632816910000000066e-01,8.477999999999999980e-01,7.536000000000000476e-01
2.520641579999999826e-01,6.634981119999999732e-01,8.477999999999999980e-01,7.536000000000000476e-01
2.526875210000000260e-01,6.637372499999999453e-01,8.477999999999999980e-01,7.536000000000000476e-01
2.532532859999999664e-01,6.639542920000000015e-01,8.477999999999999980e-01,7.536000000000000476e-01
2.538750120000000110e-01,6.641928019999999711e-01,8.477999999999999980e-01,7.536000000000000476e-01
2.544383379999999861e-01,6.644669920000000340e-01,8.477999999999999980e-01,7.536000000000000476e-01
2.550625200000000148e-01,6.648341509999999843e-01,8.477999999999999980e-01,7.536000000000000476e-01
2.556266480000000119e-01,6.651659850000000151e-01,8.477999999999999980e-01,7.536000000000000476e-01
2.562500109999999998e-01,6.655326630000000243e-01,8.477999999999999980e-01,7.536000000000000476e-01
2.568157959999999851e-01,6.658654720000000138e-01,8.477999999999999980e-01,7.536000000000000476e-01
2.574375219999999742e-01,6.662311869999999470e-01,8.477999999999999980e-01,7.536000000000000476e-01
2.580065630000000221e-01,6.665659099999999837e-01,8.477999999999999980e-01,7.536000000000000476e-01
2.586250069999999623e-01,6.671590480000000323e-01,8.477999999999999980e-01,7.536000000000000476e-01
2.591883379999999626e-01,6.677209280000000469e-01,8.477999999999999980e-01,7.536000000000000476e-01
2.598125199999999912e-01,6.683435030000000054e-01,8.477999999999999980e-01,7.536000000000000476e-01
2.603766479999999883e-01,6.689061779999999624e-01,8.477999999999999980e-01,7.536000000000000476e-01
2.610000110000000317e-01,6.695279360000000457e-01,8.477999999999999980e-01,7.536000000000000476e-01
2.615657960000000171e-01,6.700922639999999930e-01,8.477999999999999980e-01,7.536000000000000476e-01
2.621875169999999811e-01,6.703148450000000480e-01,8.477999999999999980e-01,7.536000000000000476e-01
2.627508279999999918e-01,6.698250169999999670e-01,8.477999999999999980e-01,7.536000000000000476e-01
2.633750100000000205e-01,6.692822600000000177e-01,8.477999999999999980e-01,7.536000000000000476e-01
2.639391580000000070e-01,6.687917060000000413e-01,8.477999999999999980e-01,7.536000000000000476e-01
2.645625209999999949e-01,6.682496599999999676e-01,8.477999999999999980e-01,7.536000000000000476e-01
2.651282859999999908e-01,6.677576990000000379e-01,8.477999999999999980e-01,7.536000000000000476e-01
2.657500119999999799e-01,6.672170769999999917e-01,8.477999999999999980e-01,7.536000000000000476e-01
2.663129290000000315e-01,6.666290139999999642e-01,8.477999999999999980e-01,7.536000000000000476e-01
2.669375170000000130e-01,6.659421389999999885e-01,8.477999999999999980e-01,7.536000000000000476e-01
2.675008279999999683e-01,6.653226509999999871e-01,8.477999999999999980e-01,7.536000000000000476e-01
2.681250099999999970e-01,6.646362230000000260e-01,8.477999999999999980e-01,7.536000000000000476e-01
2.686891579999999835e-01,6.640158160000000365e-01,8.477999999999999980e-01,7.536000000000000476e-01
2.693125209999999714e-01,6.633302880000000457e-01,8.477999999999999980e-01,7.536000000000000476e-01
2.698754190000000053e-01,6.626307649999999549e-01,8.477999999999999980e-01,7.536000000000000476e-01
2.705000069999999868e-01,6.613209100000000396e-01,8.477999999999999980e-01,7.536000000000000476e-01
2.710633379999999870e-01,6.601395199999999797e-01,8.477999999999999980e-01,7.536000000000000476e-01
2.716875199999999602e-01,6.588305169999999489e-01,8.477999999999999980e-01,7.536000000000000476e-01
2.722516480000000128e-01,6.576474570000000464e-01,8.477999999999999980e-01,7.536000000000000476e-01
2.728750110000000006e-01,6.563401709999999722e-01,8.477999999999999980e-01,7.536000000000000476e-01
2.734407959999999860e-01,6.551536350000000120e-01,8.477999999999999980e-01,7.536000000000000476e-01
2.740625130000000076e-01,6.549019090000000043e-01,8.477999999999999980e-01,7.536000000000000476e-01
2.746254189999999817e-01,6.553769879999999937e-01,8.477999999999999980e-01,7.536000000000000476e-01
2.752500070000000187e-01,6.559041249999999490e-01,8.477999999999999980e-01,7.536000000000000476e-01
2.758133379999999635e-01,6.563795620000000275e-01,8.477999999999999980e-01,7.536000000000000476e-01
2.764375199999999921e-01,6.569063560000000246e-01,8.477999999999999980e-01,7.536000000000000476e-01
2.770016479999999892e-01,6.573824660000000542e-01,8.477999999999999980e-01,7.536000000000000476e-01
2.776250029999999813e-01,6.579363230000000451e-01,8.477999999999999980e-01,7.536000000000000476e-01
2.781879290000000005e-01,6.599518789999999635e-01,8.477999999999999980e-01,7.536000000000000476e-01
2.788125170000000375e-01,6.621882169999999679e-01,8.477999999999999980e-01,7.536000000000000476e-01
2.793758279999999927e-01,6.642051540000000198e-01,8.477999999999999980e-01,7.536000000000000476e-01
2.800000099999999659e-01,6.664400360000000134e-01,8.477999999999999980e-01,7.536000000000000476e-01
2.805641580000000079e-01,6.684599660000000165e-01,8.477999999999999980e-01,7.536000000000000476e-01
2.811875209999999958e-01,6.706919180000000535e-01,8.477999999999999980e-01,7.536000000000000476e-01
2.817504189999999742e-01,6.723728909999999725e-01,8.477999999999999980e-01,7.536000000000000476e-01
2.823750070000000112e-01,6.736827459999999990e-01,8.477999999999999980e-01,7.536000000000000476e-01
2.829383380000000114e-01,6.748641359999999478e-01,8.477999999999999980e-01,7.536000000000000476e-01
2.835625199999999846e-01,6.761731389999999786e-01,8.477999999999999980e-01,7.536000000000000476e-01
2.841266479999999817e-01,6.773561989999999922e-01,8.477999999999999980e-01,7.536000000000000476e-01
2.847500110000000251e-01,6.786634849999999552e-01,8.477999999999999980e-01,7.536000000000000476e-01
2.853157959999999549e-01,6.798500219999999983e-01,8.477999999999999980e-01,7.536000000000000476e-01
2.859375130000000320e-01,6.801000000000000378e-01,8.477999999999999980e-01,7.536000000000000476e-01
2.865004189999999507e-01,6.801000000000000378e-01,8.477999999999999980e-01,7.536000000000000476e-01
2.871250070000000432e-01,6.801000000000000378e-01,8.477999999999999980e-01,7.536000000000000476e-01
2.876883379999999879e-01,6.801000000000000378e-01,8.477999999999999980e-01,7.536000000000000476e-01
2.883125200000000166e-01,6.801000000000000378e-01,8.477999999999999980e-01,7.536000000000000476e-01
2.888766480000000136e-01,6.801000000000000378e-01,8.477999999999999980e-01,7.536000000000000476e-01
2.895000029999999502e-01,6.797988440000000132e-01,8.477999999999999980e-01,7.536000000000000476e-01
2.900629289999999694e-01,6.787046850000000298e-01,8.477999999999999980e-01,7.536000000000000476e-01
2.906875170000000064e-01,6.774906729999999877e-01,8.477999999999999980e-01,7.536000000000000476e-01
2.912508280000000171e-01,6.763957649999999822e-01,8.477999999999999980e-01,7.536000000000000476e-01
2.918750099999999903e-01,6.751825430000000239e-01,8.477999999999999980e-01,7.536000000000000476e-01
2.924391579999999768e-01,6.740860090000000415e-01,8.477999999999999980e-01,7.536000000000000476e-01
2.930625210000000203e-01,6.728743780000000507e-01,8.477999999999999980e-01,7.536000000000000476e-01
2.936252140000000233e-01,6.719888979999999457e-01,8.477999999999999980e-01,7.536000000000000476e-01
2.942500030000000377e-01,6.711260329999999552e-01,8.477999999999999980e-01,7.536000000000000476e-01
2.948129290000000013e-01,6.703486050000000418e-01,8.477999999999999980e-01,7.536000000000000476e-01
2.954375169999999828e-01,6.694860169999999888e-01,8.477999999999999980e-01,7.536000000000000476e-01
2.960008279999999936e-01,6.687080560000000506e-01,8.477999999999999980e-01,7.536000000000000476e-01
2.966250099999999668e-01,6.678460299999999794e-01,8.477999999999999980e-01,7.536000000000000476e-01
2.971877239999999865e-01,6.670544929999999706e-01,8.477999999999999980e-01,7.536000000000000476e-01
2.978125130000000009e-01,6.657921530000000532e-01,8.477999999999999980e-01,7.536000000000000476e-01
2.983754189999999751e-01,6.646548439999999669e-01,8.477999999999999980e-01,7.536000000000000476e-01
2.990000069999999566e-01,6.633929109999999740e-01,8.477999999999999980e-01,7.536000000000000476e-01
2.995633379999999568e-01,6.622547420000000074e-01,8.477999999999999980e-01,7.536000000000000476e-01
3.001875199999999855e-01,6.609936299999999987e-01,8.477999999999999980e-01,7.536000000000000476e-01
3.007500160000000089e-01,6.598571500000000034e-01,8.006999999999999673e-01,7.065000000000000169e-01
3.013125700000000018e-01,6.592606899999999825e-01,8.006999999999999673e-01,7.065000000000000169e-01
3.018750220000000484e-01,6.594045370000000128e-01,8.006999999999999673e-01,7.065000000000000169e-01
3.024637339999999841e-01,6.595550999999999497e-01,8.006999999999999673e-01,7.065000000000000169e-01
3.030625449999999610e-01,6.597082459999999982e-01,8.006999999999999673e-01,7.065000000000000169e-01
3.036774380000000217e-01,6.598655049999999633e-01,8.006999999999999673e-01,7.065000000000000169e-01
3.042500120000000141e-01,6.600119410000000464e-01,8.477999999999999980e-01,7.536000000000000476e-01
3.048190729999999959e-01,6.601574780000000198e-01,8.477999999999999980e-01,7.536000000000000476e-01
3.054375200000000179e-01,6.609054389999999835e-01,8.477999999999999980e-01,7.536000000000000476e-01
3.060016479999999595e-01,6.617855200000000160e-01,8.477999999999999980e-01,7.536000000000000476e-01
3.066250110000000029e-01,6.627580140000000064e-01,8.477999999999999980e-01,7.536000000000000476e-01
3.071875319999999854e-01,6.636355889999999702e-01,8.949000000000000288e-01,8.006999999999999673e-01
3.077762239999999871e-01,6.645539919999999823e-01,8.949000000000000288e-01,8.006999999999999673e-01
3.083750350000000195e-01,6.654881820000000392e-01,8.949000000000000288e-01,8.006999999999999673e-01
3.089407960000000175e-01,6.663058039999999460e-01,8.949000000000000288e-01,8.006999999999999673e-01
3.095625220000000066e-01,6.663853079999999540e-01,8.949000000000000288e-01,8.006999999999999673e-01
3.101254190000000133e-01,6.664572880000000366e-01,9.419999999999999485e-01,8.477999999999999980e-01
3.107500069999999948e-01,6.665371570000000467e-01,9.419999999999999485e-01,8.477999999999999980e-01
3.113133380000000505e-01,6.666091929999999888e-01,9.419999999999999485e-01,8.477999999999999980e-01
3.119375200000000237e-01,6.666890100000000263e-01,9.419999999999999485e-01,8.477999999999999980e-01
3.125016479999999652e-01,6.667611479999999702e-01,9.419999999999999485e-01,8.477999999999999980e-01
3.131250009999999584e-01,6.664159210000000222e-01,9.419999999999999485e-01,8.477999999999999980e-01
3.136875319999999912e-01,6.657397440000000222e-01,9.890999999999999792e-01,8.949000000000000288e-01
3.142762240000000484e-01,6.650321219999999478e-01,9.890999999999999792e-01,8.949000000000000288e-01
3.148750350000000253e-01,6.643123359999999478e-01,9.890999999999999792e-01,8.949000000000000288e-01
3.154899480000000200e-01,6.635731950000000046e-01,9.890999999999999792e-01,8.949000000000000288e-01
3.160625699999999871e-01,6.628848889999999772e-01,9.890999999999999792e-01,8.949000000000000288e-01
3.166315630000000048e-01,6.622009460000000125e-01,1.036200000000000010e+00,9.419999999999999485e-01
3.172500100000000267e-01,6.608561200000000468e-01,1.036200000000000010e+00,9.419999999999999485e-01
3.178141580000000133e-01,6.595431659999999585e-01,1.036200000000000010e+00,9.419999999999999485e-01
3.184375210000000012e-01,6.580923969999999956e-01,1.036200000000000010e+00,9.419999999999999485e-01
3.190032859999999970e-01,6.567756769999999467e-01,1.036200000000000010e+00,9.419999999999999485e-01
3.196250119999999861e-01,6.553287180000000323e-01,1.036200000000000010e+00,9.419999999999999485e-01
3.201879290000000378e-01,6.540186289999999625e-01,1.083299999999999930e+00,9.890999999999999792e-01
3.208024380000000231e-01,6.527512709999999663e-01,1.083299999999999930e+00,9.890999999999999792e-01
3.213750600000000457e-01,6.519458059999999611e-01,1.083299999999999930e+00,9.890999999999999792e-01
3.220000000000000084e-01,6.510667500000000274e-01,1.083299999999999930e+00,9.890999999999999792e-01
3.225626219999999655e-01,6.502753519999999732e-01,1.083299999999999930e+00,9.890999999999999792e-01
3.231875110000000384e-01,6.493963670000000299e-01,1.083299999999999930e+00,9.890999999999999792e-01
3.237502139999999806e-01,6.486048549999999802e-01,1.083299999999999930e+00,9.890999999999999792e-01
3.243387340000000174e-01,6.477770290000000042e-01,1.130400000000000071e+00,1.036200000000000010e+00
3.249375219999999787e-01,6.473047339999999927e-01,1.130400000000000071e+00,1.036200000000000010e+00
3.255065630000000265e-01,6.470282229999999579e-01,1.130400000000000071e+00,1.036200000000000010e+00
3.261250159999999898e-01,6.467277019999999599e-01,1.130400000000000071e+00,1.036200000000000010e+00
3.267006259999999940e-01,6.464479979999999681e-01,1.130400000000000071e+00,1.036200000000000010e+00
3.273125319999999894e-01,6.461506580000000444e-01,1.130400000000000071e+00,1.036200000000000010e+00
3.279012239999999911e-01,6.458645979999999565e-01,1.130400000000000071e+00,1.036200000000000010e+00
3.285000009999999859e-01,6.456027749999999621e-01,1.177499999999999991e+00,1.083299999999999930e+00
3.290627240000000286e-01,6.456315580000000498e-01,1.177499999999999991e+00,1.083299999999999930e+00
3.296875129999999876e-01,6.456635160000000484e-01,1.177499999999999991e+00,1.083299999999999930e+00
3.302504189999999618e-01,6.456923089999999643e-01,1.177499999999999991e+00,1.083299999999999930e+00
3.308750069999999988e-01,6.457242570000000237e-01,1.177499999999999991e+00,1.083299999999999930e+00
3.314383379999999990e-01,6.457530710000000118e-01,1.177499999999999991e+00,1.083299999999999930e+00
3.320625199999999722e-01,6.457849979999999990e-01,1.177499999999999991e+00,1.083299999999999930e+00
3.326252140000000024e-01,6.456897619999999449e-01,1.177499999999999991e+00,1.083299999999999930e+00
3.332500029999999613e-01,6.454340990000000389e-01,1.177499999999999991e+00,1.083299999999999930e+00
3.338125450000000161e-01,6.452039069999999654e-01,1.224599999999999911e+00,1.130400000000000071e+00
3.344274380000000213e-01,6.449522920000000381e-01,1.224599999999999911e+00,1.130400000000000071e+00
3.350000599999999884e-01,6.447179750000000542e-01,1.224599999999999911e+00,1.130400000000000071e+00
3.356250000000000067e-01,6.444622500000000143e-01,1.224599999999999911e+00,1.130400000000000071e+00
3.361876220000000193e-01,6.442320249999999859e-01,1.224599999999999911e+00,1.130400000000000071e+00
3.367631159999999735e-01,6.441491329999999849e-01,1.224599999999999911e+00,1.130400000000000071e+00
3.373750220000000244e-01,6.440865350000000156e-01,1.224599999999999911e+00,1.130400000000000071e+00
3.379637339999999601e-01,6.440263099999999907e-01,1.224599999999999911e+00,1.130400000000000071e+00
3.385625449999999925e-01,6.439650519999999823e-01,1.224599999999999911e+00,1.130400000000000071e+00
3.391774379999999978e-01,6.439021480000000075e-01,1.224599999999999911e+00,1.130400000000000071e+00
3.397500600000000204e-01,6.438435689999999489e-01,1.224599999999999911e+00,1.130400000000000071e+00
3.403256259999999922e-01,6.435588429999999915e-01,1.224599999999999911e+00,1.130400000000000071e+00
3.409375199999999939e-01,6.425729439999999792e-01,1.271700000000000053e+00,1.177499999999999991e+00
3.415016479999999910e-01,6.416640080000000079e-01,1.271700000000000053e+00,1.177499999999999991e+00
3.421250109999999789e-01,6.406596289999999527e-01,1.271700000000000053e+00,1.177499999999999991e+00
3.426907960000000197e-01,6.397480220000000273e-01,1.271700000000000053e+00,1.177499999999999991e+00
3.433125220000000088e-01,6.387462809999999713e-01,1.271700000000000053e+00,1.177499999999999991e+00
3.438815630000000012e-01,6.378294289999999478e-01,1.271700000000000053e+00,1.177499999999999991e+00
3.445000099999999676e-01,6.365788650000000493e-01,1.271700000000000053e+00,1.177499999999999991e+00
3.450641579999999542e-01,6.353236230000000040e-01,1.271700000000000053e+00,1.177499999999999991e+00
3.456875209999999976e-01,6.339366239999999486e-01,1.271700000000000053e+00,1.177499999999999991e+00
3.462532859999999935e-01,6.326777820000000219e-01,1.271700000000000053e+00,1.177499999999999991e+00
3.468750120000000381e-01,6.312944259999999641e-01,1.271700000000000053e+00,1.177499999999999991e+00
3.474440730000000199e-01,6.300282520000000108e-01,1.271700000000000053e+00,1.177499999999999991e+00
3.480625170000000157e-01,6.287235509999999916e-01,1.271700000000000053e+00,1.177499999999999991e+00
3.486258279999999710e-01,6.280752499999999738e-01,1.271700000000000053e+00,1.177499999999999991e+00
3.492500099999999996e-01,6.273568950000000255e-01,1.271700000000000053e+00,1.177499999999999991e+00
3.498141580000000417e-01,6.267076310000000428e-01,1.271700000000000053e+00,1.177499999999999991e+00
3.504375210000000296e-01,6.259902179999999872e-01,1.271700000000000053e+00,1.177499999999999991e+00
3.510032860000000254e-01,6.253390930000000125e-01,1.271700000000000053e+00,1.177499999999999991e+00
3.516250120000000146e-01,6.246235639999999645e-01,1.271700000000000053e+00,1.177499999999999991e+00
3.521883379999999897e-01,6.250649759999999944e-01,1.271700000000000053e+00,1.177499999999999991e+00
3.528125200000000183e-01,6.267571010000000387e-01,1.271700000000000053e+00,1.177499999999999991e+00
3.533766479999999599e-01,6.282864230000000383e-01,1.271700000000000053e+00,1.177499999999999991e+00
3.540000110000000033e-01,6.299763290000000016e-01,1.271700000000000053e+00,1.177499999999999991e+00
3.545657959999999886e-01,6.315101450000000227e-01,1.271700000000000053e+00,1.177499999999999991e+00
3.551875219999999778e-01,6.331956140000000177e-01,1.271700000000000053e+00,1.177499999999999991e+00
3.557565630000000256e-01,6.347382539999999462e-01,1.271700000000000053e+00,1.177499999999999991e+00
3.563750070000000214e-01,6.365434420000000149e-01,1.271700000000000053e+00,1.177499999999999991e+00
3.569383380000000217e-01,6.382002709999999857e-01,1.271700000000000053e+00,1.177499999999999991e+00
3.575625199999999948e-01,6.400360670000000418e-01,1.271700000000000053e+00,1.177499999999999991e+00
3.581266479999999919e-01,6.416952360000000022e-01,1.271700000000000053e+00,1.177499999999999991e+00
3.587500109999999798e-01,6.435286260000000480e-01,1.271700000000000053e+00,1.177499999999999991e+00
3.593157959999999651e-01,6.451926709999999954e-01,1.271700000000000053e+00,1.177499999999999991e+00
3.599375169999999846e-01,6.466106780000000498e-01,1.271700000000000053e+00,1.177499999999999991e+00
3.605008279999999954e-01,6.471725390000000466e-01,1.271700000000000053e+00,1.177499999999999991e+00
3.611250100000000240e-01,6.477951130000000335e-01,1.271700000000000053e+00,1.177499999999999991e+00
3.616891580000000106e-01,6.483578079999999799e-01,1.271700000000000053e+00,1.177499999999999991e+00
3.623125209999999985e-01,6.489795659999999522e-01,1.271700000000000053e+00,1.177499999999999991e+00
3.628782859999999943e-01,6.495438740000000211e-01,1.271700000000000053e+00,1.177499999999999991e+00
3.635000119999999835e-01,6.501639999999999642e-01,1.271700000000000053e+00,1.177499999999999991e+00
3.640629289999999796e-01,6.496890730000000058e-01,1.271700000000000053e+00,1.177499999999999991e+00
3.646875169999999611e-01,6.487945379999999762e-01,1.271700000000000053e+00,1.177499999999999991e+00
3.652508280000000274e-01,6.479877640000000216e-01,1.271700000000000053e+00,1.177499999999999991e+00
3.658750100000000005e-01,6.470938109999999632e-01,1.271700000000000053e+00,1.177499999999999991e+00
3.664391579999999871e-01,6.462858379999999459e-01,1.271700000000000053e+00,1.177499999999999991e+00
3.670625210000000305e-01,6.453930580000000194e-01,1.271700000000000053e+00,1.177499999999999991e+00
3.676254190000000088e-01,6.445808149999999737e-01,1.271700000000000053e+00,1.177499999999999991e+00
3.682399479999999836e-01,6.436535359999999706e-01,1.224599999999999911e+00,1.130400000000000071e+00
3.688125700000000062e-01,6.427894920000000178e-01,1.224599999999999911e+00,1.130400000000000071e+00
3.694375099999999690e-01,6.418465049999999561e-01,1.224599999999999911e+00,1.130400000000000071e+00
3.700001119999999921e-01,6.409975820000000102e-01,1.224599999999999911e+00,1.130400000000000071e+00
3.706250010000000095e-01,6.400546700000000477e-01,1.224599999999999911e+00,1.130400000000000071e+00
3.711877239999999967e-01,6.392055639999999483e-01,1.224599999999999911e+00,1.130400000000000071e+00
3.717762239999999885e-01,6.383666230000000219e-01,1.224599999999999911e+00,1.130400000000000071e+00
3.723750350000000209e-01,6.375549499999999536e-01,1.224599999999999911e+00,1.130400000000000071e+00
3.729899480000000156e-01,6.367214500000000221e-01,1.224599999999999911e+00,1.130400000000000071e+00
3.735625220000000080e-01,6.359453400000000256e-01,1.177499999999999991e+00,1.083299999999999930e+00
3.741315630000000003e-01,6.351740200000000058e-01,1.177499999999999991e+00,1.083299999999999930e+00
3.747500160000000191e-01,6.343357229999999625e-01,1.177499999999999991e+00,1.083299999999999930e+00
3.753256260000000233e-01,6.335554970000000230e-01,1.177499999999999991e+00,1.083299999999999930e+00
3.759375200000000250e-01,6.333393769999999812e-01,1.177499999999999991e+00,1.083299999999999930e+00
3.765016480000000221e-01,6.331806739999999989e-01,1.177499999999999991e+00,1.083299999999999930e+00
3.771250109999999545e-01,6.330053060000000453e-01,1.177499999999999991e+00,1.083299999999999930e+00
3.776877240000000024e-01,6.328470010000000201e-01,1.130400000000000071e+00,1.036200000000000010e+00
3.783125130000000169e-01,6.326712319999999723e-01,1.130400000000000071e+00,1.036200000000000010e+00
3.788754189999999911e-01,6.325128730000000310e-01,1.130400000000000071e+00,1.036200000000000010e+00
3.794637339999999970e-01,6.325866140000000470e-01,1.130400000000000071e+00,1.036200000000000010e+00
3.800625450000000294e-01,6.331838840000000301e-01,1.130400000000000071e+00,1.036200000000000010e+00
3.806774379999999791e-01,6.337971940000000082e-01,1.130400000000000071e+00,1.036200000000000010e+00
3.812500119999999715e-01,6.343682940000000547e-01,1.083299999999999930e+00,9.890999999999999792e-01
3.818190730000000088e-01,6.349358889999999755e-01,1.083299999999999930e+00,9.890999999999999792e-01
3.824375260000000276e-01,6.355527490000000279e-01,1.083299999999999930e+00,9.890999999999999792e-01
3.830131159999999868e-01,6.361268580000000172e-01,1.083299999999999930e+00,9.890999999999999792e-01
3.836250099999999885e-01,6.366923370000000526e-01,1.083299999999999930e+00,9.890999999999999792e-01
3.841891580000000306e-01,6.371973199999999560e-01,1.083299999999999930e+00,9.890999999999999792e-01
3.848125110000000237e-01,6.377552990000000532e-01,1.036200000000000010e+00,9.419999999999999485e-01
3.853752139999999660e-01,6.382589880000000271e-01,1.036200000000000010e+00,9.419999999999999485e-01
3.859637340000000028e-01,6.387857869999999938e-01,1.036200000000000010e+00,9.419999999999999485e-01
3.865625449999999796e-01,6.393217979999999967e-01,1.036200000000000010e+00,9.419999999999999485e-01
3.871315630000000119e-01,6.398969789999999769e-01,1.036200000000000010e+00,9.419999999999999485e-01
3.877500160000000307e-01,6.416210249999999560e-01,1.036200000000000010e+00,9.419999999999999485e-01
3.883133380000000079e-01,6.431913860000000316e-01,9.890999999999999792e-01,8.949000000000000288e-01
3.889375199999999810e-01,6.449314010000000152e-01,9.890999999999999792e-01,8.949000000000000288e-01
3.895016480000000336e-01,6.465040050000000482e-01,9.890999999999999792e-01,8.949000000000000288e-01
3.901250110000000215e-01,6.482417390000000390e-01,9.890999999999999792e-01,8.949000000000000288e-01
3.906907959999999513e-01,6.498189650000000261e-01,9.890999999999999792e-01,8.949000000000000288e-01
3.912762240000000058e-01,6.514096099999999723e-01,9.419999999999999485e-01,8.477999999999999980e-01
3.918750349999999827e-01,6.529870140000000323e-01,9.419999999999999485e-01,8.477999999999999980e-01
3.924899479999999774e-01,6.546068329999999991e-01,9.419999999999999485e-01,8.477999999999999980e-01
3.930625700000000000e-01,6.561152500000000387e-01,9.419999999999999485e-01,8.477999999999999980e-01
3.936875100000000183e-01,6.577614809999999812e-01,9.419999999999999485e-01,8.477999999999999980e-01
3.942501119999999859e-01,6.592434999999999823e-01,9.419999999999999485e-01,8.477999999999999980e-01
3.947531739999999845e-01,6.605686800000000192e-01,8.949000000000000288e-01,8.006999999999999673e-01
3.953749999999999765e-01,6.611523030000000523e-01,8.949000000000000288e-01,8.006999999999999673e-01
3.959376220000000446e-01,6.613393610000000145e-01,8.949000000000000288e-01,8.006999999999999673e-01
3.965625110000000064e-01,6.615471210000000157e-01,8.949000000000000288e-01,8.006999999999999673e-01
3.971252139999999486e-01,6.617342059999999915e-01,8.949000000000000288e-01,8.006999999999999673e-01
3.977137339999999854e-01,6.619298740000000292e-01,8.477999999999999980e-01,7.536000000000000476e-01
3.983125450000000178e-01,6.621289630000000148e-01,8.477999999999999980e-01,7.536000000000000476e-01
3.988782860000000263e-01,6.623249310000000056e-01,8.477999999999999980e-01,7.536000000000000476e-01
3.995000120000000154e-01,6.626270440000000539e-01,8.477999999999999980e-01,7.536000000000000476e-01
